R1B27C1;Q1w2e3r4
R2B27C1;Q1w2e3r4
R3B27C1;Q1w2e3r4
R4B27C1;Q1w2e3r4
R5B27C1;Q1w2e3r4
R6B27C1;Q1w2e3r4
R7B27C1;Q1w2e3r4
R8B27C1;Q1w2e3r4
R9B27C1;Q1w2e3r4
R10B27C1;Q1w2e3r4
R11B27C1;Q1w2e3r4
R12B27C1;Q1w2e3r4
R13B27C1;Q1w2e3r4
R14B27C1;Q1w2e3r4
R15B27C1;Q1w2e3r4
R16B27C1;Q1w2e3r4
R17B27C1;Q1w2e3r4
R18B27C1;Q1w2e3r4
R19B27C1;Q1w2e3r4
R20B27C1;Q1w2e3r4
R21B27C1;Q1w2e3r4
R22B27C1;Q1w2e3r4
R23B27C1;Q1w2e3r4
R24B27C1;Q1w2e3r4
R25B27C1;Q1w2e3r4
R26B27C1;Q1w2e3r4
R27B27C1;Q1w2e3r4
R28B27C1;Q1w2e3r4
R29B27C1;Q1w2e3r4
R30B27C1;Q1w2e3r4
R31B27C1;Q1w2e3r4
R32B27C1;Q1w2e3r4
R33B27C1;Q1w2e3r4
R34B27C1;Q1w2e3r4
R35B27C1;Q1w2e3r4
R36B27C1;Q1w2e3r4
R37B27C1;Q1w2e3r4
R38B27C1;Q1w2e3r4
R39B27C1;Q1w2e3r4
R40B27C1;Q1w2e3r4
R41B27C1;Q1w2e3r4
R42B27C1;Q1w2e3r4
R43B27C1;Q1w2e3r4
R44B27C1;Q1w2e3r4
R45B27C1;Q1w2e3r4
R46B27C1;Q1w2e3r4
R47B27C1;Q1w2e3r4
R48B27C1;Q1w2e3r4
R49B27C1;Q1w2e3r4
R50B27C1;Q1w2e3r4
R51B27C1;Q1w2e3r4
R52B27C1;Q1w2e3r4
R53B27C1;Q1w2e3r4
R54B27C1;Q1w2e3r4
R55B27C1;Q1w2e3r4
R56B27C1;Q1w2e3r4
R57B27C1;Q1w2e3r4
R58B27C1;Q1w2e3r4
R59B27C1;Q1w2e3r4
R60B27C1;Q1w2e3r4
R61B27C1;Q1w2e3r4
R62B27C1;Q1w2e3r4
R63B27C1;Q1w2e3r4
R64B27C1;Q1w2e3r4
R65B27C1;Q1w2e3r4
R66B27C1;Q1w2e3r4
R67B27C1;Q1w2e3r4
R68B27C1;Q1w2e3r4
R69B27C1;Q1w2e3r4
R70B27C1;Q1w2e3r4
R71B27C1;Q1w2e3r4
R72B27C1;Q1w2e3r4
R73B27C1;Q1w2e3r4
R74B27C1;Q1w2e3r4
R75B27C1;Q1w2e3r4
R76B27C1;Q1w2e3r4
R77B27C1;Q1w2e3r4
R78B27C1;Q1w2e3r4
R79B27C1;Q1w2e3r4
R80B27C1;Q1w2e3r4
R81B27C1;Q1w2e3r4
R82B27C1;Q1w2e3r4
R83B27C1;Q1w2e3r4
R84B27C1;Q1w2e3r4
R85B27C1;Q1w2e3r4
R86B27C1;Q1w2e3r4
R87B27C1;Q1w2e3r4
R88B27C1;Q1w2e3r4
R89B27C1;Q1w2e3r4
R90B27C1;Q1w2e3r4
R91B27C1;Q1w2e3r4
R92B27C1;Q1w2e3r4
R93B27C1;Q1w2e3r4
R94B27C1;Q1w2e3r4
R95B27C1;Q1w2e3r4
R96B27C1;Q1w2e3r4
R97B27C1;Q1w2e3r4
R98B27C1;Q1w2e3r4
R99B27C1;Q1w2e3r4
R100B27C1;Q1w2e3r4
R101B27C1;Q1w2e3r4
R102B27C1;Q1w2e3r4
R103B27C1;Q1w2e3r4
R104B27C1;Q1w2e3r4
R105B27C1;Q1w2e3r4
R106B27C1;Q1w2e3r4
R107B27C1;Q1w2e3r4
R108B27C1;Q1w2e3r4
R109B27C1;Q1w2e3r4
R110B27C1;Q1w2e3r4
R111B27C1;Q1w2e3r4
R112B27C1;Q1w2e3r4
R113B27C1;Q1w2e3r4
R114B27C1;Q1w2e3r4
R115B27C1;Q1w2e3r4
R116B27C1;Q1w2e3r4
R117B27C1;Q1w2e3r4
R118B27C1;Q1w2e3r4
R119B27C1;Q1w2e3r4
R120B27C1;Q1w2e3r4
R121B27C1;Q1w2e3r4
R122B27C1;Q1w2e3r4
R123B27C1;Q1w2e3r4
R124B27C1;Q1w2e3r4
R125B27C1;Q1w2e3r4
R126B27C1;Q1w2e3r4
R127B27C1;Q1w2e3r4
R128B27C1;Q1w2e3r4
R129B27C1;Q1w2e3r4
R130B27C1;Q1w2e3r4
R131B27C1;Q1w2e3r4
R132B27C1;Q1w2e3r4
R133B27C1;Q1w2e3r4
R134B27C1;Q1w2e3r4
R135B27C1;Q1w2e3r4
R136B27C1;Q1w2e3r4
R137B27C1;Q1w2e3r4
R138B27C1;Q1w2e3r4
R139B27C1;Q1w2e3r4
R140B27C1;Q1w2e3r4
R141B27C1;Q1w2e3r4
R142B27C1;Q1w2e3r4
R143B27C1;Q1w2e3r4
R144B27C1;Q1w2e3r4
R145B27C1;Q1w2e3r4
R146B27C1;Q1w2e3r4
R147B27C1;Q1w2e3r4
R148B27C1;Q1w2e3r4
R149B27C1;Q1w2e3r4
R150B27C1;Q1w2e3r4
R151B27C1;Q1w2e3r4
R152B27C1;Q1w2e3r4
R153B27C1;Q1w2e3r4
R154B27C1;Q1w2e3r4
R155B27C1;Q1w2e3r4
R156B27C1;Q1w2e3r4
R157B27C1;Q1w2e3r4
R158B27C1;Q1w2e3r4
R159B27C1;Q1w2e3r4
R160B27C1;Q1w2e3r4
R161B27C1;Q1w2e3r4
R162B27C1;Q1w2e3r4
R163B27C1;Q1w2e3r4
R164B27C1;Q1w2e3r4
R165B27C1;Q1w2e3r4
R166B27C1;Q1w2e3r4
R167B27C1;Q1w2e3r4
R168B27C1;Q1w2e3r4
R169B27C1;Q1w2e3r4
R170B27C1;Q1w2e3r4
R171B27C1;Q1w2e3r4
R172B27C1;Q1w2e3r4
R173B27C1;Q1w2e3r4
R174B27C1;Q1w2e3r4
R175B27C1;Q1w2e3r4
R176B27C1;Q1w2e3r4
R177B27C1;Q1w2e3r4
R178B27C1;Q1w2e3r4
R179B27C1;Q1w2e3r4
R180B27C1;Q1w2e3r4
R181B27C1;Q1w2e3r4
R182B27C1;Q1w2e3r4
R183B27C1;Q1w2e3r4
R184B27C1;Q1w2e3r4
R185B27C1;Q1w2e3r4
R186B27C1;Q1w2e3r4
R187B27C1;Q1w2e3r4
R188B27C1;Q1w2e3r4
R189B27C1;Q1w2e3r4
R190B27C1;Q1w2e3r4
R191B27C1;Q1w2e3r4
R192B27C1;Q1w2e3r4
R193B27C1;Q1w2e3r4
R194B27C1;Q1w2e3r4
R195B27C1;Q1w2e3r4
R196B27C1;Q1w2e3r4
R197B27C1;Q1w2e3r4
R198B27C1;Q1w2e3r4
R199B27C1;Q1w2e3r4
R200B27C1;Q1w2e3r4
R201B27C1;Q1w2e3r4
R202B27C1;Q1w2e3r4
R203B27C1;Q1w2e3r4
R204B27C1;Q1w2e3r4
R205B27C1;Q1w2e3r4
R206B27C1;Q1w2e3r4
R207B27C1;Q1w2e3r4
R208B27C1;Q1w2e3r4
R209B27C1;Q1w2e3r4
R210B27C1;Q1w2e3r4
R211B27C1;Q1w2e3r4
R212B27C1;Q1w2e3r4
R213B27C1;Q1w2e3r4
R214B27C1;Q1w2e3r4
R215B27C1;Q1w2e3r4
R216B27C1;Q1w2e3r4
R217B27C1;Q1w2e3r4
R218B27C1;Q1w2e3r4
R219B27C1;Q1w2e3r4
R220B27C1;Q1w2e3r4
R221B27C1;Q1w2e3r4
R222B27C1;Q1w2e3r4
R223B27C1;Q1w2e3r4
R224B27C1;Q1w2e3r4
R225B27C1;Q1w2e3r4
R226B27C1;Q1w2e3r4
R227B27C1;Q1w2e3r4
R228B27C1;Q1w2e3r4
R229B27C1;Q1w2e3r4
R230B27C1;Q1w2e3r4
R231B27C1;Q1w2e3r4
R232B27C1;Q1w2e3r4
R233B27C1;Q1w2e3r4
R234B27C1;Q1w2e3r4
R235B27C1;Q1w2e3r4
R236B27C1;Q1w2e3r4
R237B27C1;Q1w2e3r4
R238B27C1;Q1w2e3r4
R239B27C1;Q1w2e3r4
R240B27C1;Q1w2e3r4
R241B27C1;Q1w2e3r4
R242B27C1;Q1w2e3r4
R243B27C1;Q1w2e3r4
R244B27C1;Q1w2e3r4
R245B27C1;Q1w2e3r4
R246B27C1;Q1w2e3r4
R247B27C1;Q1w2e3r4
R248B27C1;Q1w2e3r4
R249B27C1;Q1w2e3r4
R250B27C1;Q1w2e3r4
R251B27C1;Q1w2e3r4
R252B27C1;Q1w2e3r4
R253B27C1;Q1w2e3r4
R254B27C1;Q1w2e3r4
R255B27C1;Q1w2e3r4
R256B27C1;Q1w2e3r4
R257B27C1;Q1w2e3r4
R258B27C1;Q1w2e3r4
R259B27C1;Q1w2e3r4
R260B27C1;Q1w2e3r4
R261B27C1;Q1w2e3r4
R262B27C1;Q1w2e3r4
R263B27C1;Q1w2e3r4
R264B27C1;Q1w2e3r4
R265B27C1;Q1w2e3r4
R266B27C1;Q1w2e3r4
R267B27C1;Q1w2e3r4
R268B27C1;Q1w2e3r4
R269B27C1;Q1w2e3r4
R270B27C1;Q1w2e3r4
R271B27C1;Q1w2e3r4
R272B27C1;Q1w2e3r4
R273B27C1;Q1w2e3r4
R274B27C1;Q1w2e3r4
R275B27C1;Q1w2e3r4
R276B27C1;Q1w2e3r4
R277B27C1;Q1w2e3r4
R278B27C1;Q1w2e3r4
R279B27C1;Q1w2e3r4
R280B27C1;Q1w2e3r4
R281B27C1;Q1w2e3r4
R282B27C1;Q1w2e3r4
R283B27C1;Q1w2e3r4
R284B27C1;Q1w2e3r4
R285B27C1;Q1w2e3r4
R286B27C1;Q1w2e3r4
R287B27C1;Q1w2e3r4
R288B27C1;Q1w2e3r4
R289B27C1;Q1w2e3r4
R290B27C1;Q1w2e3r4
R291B27C1;Q1w2e3r4
R292B27C1;Q1w2e3r4
R293B27C1;Q1w2e3r4
R294B27C1;Q1w2e3r4
R295B27C1;Q1w2e3r4
R296B27C1;Q1w2e3r4
R297B27C1;Q1w2e3r4
R298B27C1;Q1w2e3r4
R299B27C1;Q1w2e3r4
R300B27C1;Q1w2e3r4
R301B27C1;Q1w2e3r4
R302B27C1;Q1w2e3r4
R303B27C1;Q1w2e3r4
R304B27C1;Q1w2e3r4
R305B27C1;Q1w2e3r4
R306B27C1;Q1w2e3r4
R307B27C1;Q1w2e3r4
R308B27C1;Q1w2e3r4
R309B27C1;Q1w2e3r4
R310B27C1;Q1w2e3r4
R311B27C1;Q1w2e3r4
R312B27C1;Q1w2e3r4
R313B27C1;Q1w2e3r4
R314B27C1;Q1w2e3r4
R315B27C1;Q1w2e3r4
R316B27C1;Q1w2e3r4
R317B27C1;Q1w2e3r4
R318B27C1;Q1w2e3r4
R319B27C1;Q1w2e3r4
R320B27C1;Q1w2e3r4
R321B27C1;Q1w2e3r4
R322B27C1;Q1w2e3r4
R323B27C1;Q1w2e3r4
R324B27C1;Q1w2e3r4
R325B27C1;Q1w2e3r4
R326B27C1;Q1w2e3r4
R327B27C1;Q1w2e3r4
R328B27C1;Q1w2e3r4
R329B27C1;Q1w2e3r4
R330B27C1;Q1w2e3r4
R331B27C1;Q1w2e3r4
R332B27C1;Q1w2e3r4
R333B27C1;Q1w2e3r4
R334B27C1;Q1w2e3r4
R335B27C1;Q1w2e3r4
R336B27C1;Q1w2e3r4
R337B27C1;Q1w2e3r4
R338B27C1;Q1w2e3r4
R339B27C1;Q1w2e3r4
R340B27C1;Q1w2e3r4
R341B27C1;Q1w2e3r4
R342B27C1;Q1w2e3r4
R343B27C1;Q1w2e3r4
R344B27C1;Q1w2e3r4
R345B27C1;Q1w2e3r4
R346B27C1;Q1w2e3r4
R347B27C1;Q1w2e3r4
R348B27C1;Q1w2e3r4
R349B27C1;Q1w2e3r4
R350B27C1;Q1w2e3r4
R351B27C1;Q1w2e3r4
R352B27C1;Q1w2e3r4
R353B27C1;Q1w2e3r4
R354B27C1;Q1w2e3r4
R355B27C1;Q1w2e3r4
R356B27C1;Q1w2e3r4
R357B27C1;Q1w2e3r4
R358B27C1;Q1w2e3r4
R359B27C1;Q1w2e3r4
R360B27C1;Q1w2e3r4
R361B27C1;Q1w2e3r4
R362B27C1;Q1w2e3r4
R363B27C1;Q1w2e3r4
R364B27C1;Q1w2e3r4
R365B27C1;Q1w2e3r4
R366B27C1;Q1w2e3r4
R367B27C1;Q1w2e3r4
R368B27C1;Q1w2e3r4
R369B27C1;Q1w2e3r4
R370B27C1;Q1w2e3r4
R371B27C1;Q1w2e3r4
R372B27C1;Q1w2e3r4
R373B27C1;Q1w2e3r4
R374B27C1;Q1w2e3r4
R375B27C1;Q1w2e3r4
R376B27C1;Q1w2e3r4
R377B27C1;Q1w2e3r4
R378B27C1;Q1w2e3r4
R379B27C1;Q1w2e3r4
R380B27C1;Q1w2e3r4
R381B27C1;Q1w2e3r4
R382B27C1;Q1w2e3r4
R383B27C1;Q1w2e3r4
R384B27C1;Q1w2e3r4
R385B27C1;Q1w2e3r4
R386B27C1;Q1w2e3r4
R387B27C1;Q1w2e3r4
R388B27C1;Q1w2e3r4
R389B27C1;Q1w2e3r4
R390B27C1;Q1w2e3r4
R391B27C1;Q1w2e3r4
R392B27C1;Q1w2e3r4
R393B27C1;Q1w2e3r4
R394B27C1;Q1w2e3r4
R395B27C1;Q1w2e3r4
R396B27C1;Q1w2e3r4
R397B27C1;Q1w2e3r4
R398B27C1;Q1w2e3r4
R399B27C1;Q1w2e3r4
R400B27C1;Q1w2e3r4
R401B27C1;Q1w2e3r4
R402B27C1;Q1w2e3r4
R403B27C1;Q1w2e3r4
R404B27C1;Q1w2e3r4
R405B27C1;Q1w2e3r4
R406B27C1;Q1w2e3r4
R407B27C1;Q1w2e3r4
R408B27C1;Q1w2e3r4
R409B27C1;Q1w2e3r4
R410B27C1;Q1w2e3r4
R411B27C1;Q1w2e3r4
R412B27C1;Q1w2e3r4
R413B27C1;Q1w2e3r4
R414B27C1;Q1w2e3r4
R415B27C1;Q1w2e3r4
R416B27C1;Q1w2e3r4
R417B27C1;Q1w2e3r4
R418B27C1;Q1w2e3r4
R419B27C1;Q1w2e3r4
R420B27C1;Q1w2e3r4
R421B27C1;Q1w2e3r4
R422B27C1;Q1w2e3r4
R423B27C1;Q1w2e3r4
R424B27C1;Q1w2e3r4
R425B27C1;Q1w2e3r4
R426B27C1;Q1w2e3r4
R427B27C1;Q1w2e3r4
R428B27C1;Q1w2e3r4
R429B27C1;Q1w2e3r4
R430B27C1;Q1w2e3r4
R431B27C1;Q1w2e3r4
R432B27C1;Q1w2e3r4
R433B27C1;Q1w2e3r4
R434B27C1;Q1w2e3r4
R435B27C1;Q1w2e3r4
R436B27C1;Q1w2e3r4
R437B27C1;Q1w2e3r4
R438B27C1;Q1w2e3r4
R439B27C1;Q1w2e3r4
R440B27C1;Q1w2e3r4
R441B27C1;Q1w2e3r4
R442B27C1;Q1w2e3r4
R443B27C1;Q1w2e3r4
R444B27C1;Q1w2e3r4
R445B27C1;Q1w2e3r4
R446B27C1;Q1w2e3r4
R447B27C1;Q1w2e3r4
R448B27C1;Q1w2e3r4
R449B27C1;Q1w2e3r4
R450B27C1;Q1w2e3r4
R451B27C1;Q1w2e3r4
R452B27C1;Q1w2e3r4
R453B27C1;Q1w2e3r4
R454B27C1;Q1w2e3r4
R455B27C1;Q1w2e3r4
R456B27C1;Q1w2e3r4
R457B27C1;Q1w2e3r4
R458B27C1;Q1w2e3r4
R459B27C1;Q1w2e3r4
R460B27C1;Q1w2e3r4
R461B27C1;Q1w2e3r4
R462B27C1;Q1w2e3r4
R463B27C1;Q1w2e3r4
R464B27C1;Q1w2e3r4
R465B27C1;Q1w2e3r4
R466B27C1;Q1w2e3r4
R467B27C1;Q1w2e3r4
R468B27C1;Q1w2e3r4
R469B27C1;Q1w2e3r4
R470B27C1;Q1w2e3r4
R471B27C1;Q1w2e3r4
R472B27C1;Q1w2e3r4
R473B27C1;Q1w2e3r4
R474B27C1;Q1w2e3r4
R475B27C1;Q1w2e3r4
R476B27C1;Q1w2e3r4
R477B27C1;Q1w2e3r4
R478B27C1;Q1w2e3r4
R479B27C1;Q1w2e3r4
R480B27C1;Q1w2e3r4
R481B27C1;Q1w2e3r4
R482B27C1;Q1w2e3r4
R483B27C1;Q1w2e3r4
R484B27C1;Q1w2e3r4
R485B27C1;Q1w2e3r4
R486B27C1;Q1w2e3r4
R487B27C1;Q1w2e3r4
R488B27C1;Q1w2e3r4
R489B27C1;Q1w2e3r4
R490B27C1;Q1w2e3r4
R491B27C1;Q1w2e3r4
R492B27C1;Q1w2e3r4
R493B27C1;Q1w2e3r4
R494B27C1;Q1w2e3r4
R495B27C1;Q1w2e3r4
R496B27C1;Q1w2e3r4
R497B27C1;Q1w2e3r4
R498B27C1;Q1w2e3r4
R499B27C1;Q1w2e3r4
R500B27C1;Q1w2e3r4
R501B27C1;Q1w2e3r4
R502B27C1;Q1w2e3r4
R503B27C1;Q1w2e3r4
R504B27C1;Q1w2e3r4
R505B27C1;Q1w2e3r4
R506B27C1;Q1w2e3r4
R507B27C1;Q1w2e3r4
R508B27C1;Q1w2e3r4
R509B27C1;Q1w2e3r4
R510B27C1;Q1w2e3r4
R511B27C1;Q1w2e3r4
R512B27C1;Q1w2e3r4
R513B27C1;Q1w2e3r4
R514B27C1;Q1w2e3r4
R515B27C1;Q1w2e3r4
R516B27C1;Q1w2e3r4
R517B27C1;Q1w2e3r4
R518B27C1;Q1w2e3r4
R519B27C1;Q1w2e3r4
R520B27C1;Q1w2e3r4
R521B27C1;Q1w2e3r4
R522B27C1;Q1w2e3r4
R523B27C1;Q1w2e3r4
R524B27C1;Q1w2e3r4
R525B27C1;Q1w2e3r4
R526B27C1;Q1w2e3r4
R527B27C1;Q1w2e3r4
R528B27C1;Q1w2e3r4
R529B27C1;Q1w2e3r4
R530B27C1;Q1w2e3r4
R531B27C1;Q1w2e3r4
R532B27C1;Q1w2e3r4
R533B27C1;Q1w2e3r4
R534B27C1;Q1w2e3r4
R535B27C1;Q1w2e3r4
R536B27C1;Q1w2e3r4
R537B27C1;Q1w2e3r4
R538B27C1;Q1w2e3r4
R539B27C1;Q1w2e3r4
R540B27C1;Q1w2e3r4
R541B27C1;Q1w2e3r4
R542B27C1;Q1w2e3r4
R543B27C1;Q1w2e3r4
R544B27C1;Q1w2e3r4
R545B27C1;Q1w2e3r4
R546B27C1;Q1w2e3r4
R547B27C1;Q1w2e3r4
R548B27C1;Q1w2e3r4
R549B27C1;Q1w2e3r4
R550B27C1;Q1w2e3r4
R551B27C1;Q1w2e3r4
R552B27C1;Q1w2e3r4
R553B27C1;Q1w2e3r4
R554B27C1;Q1w2e3r4
R555B27C1;Q1w2e3r4
R556B27C1;Q1w2e3r4
R557B27C1;Q1w2e3r4
R558B27C1;Q1w2e3r4
R559B27C1;Q1w2e3r4
R560B27C1;Q1w2e3r4
R561B27C1;Q1w2e3r4
R562B27C1;Q1w2e3r4
R563B27C1;Q1w2e3r4
R564B27C1;Q1w2e3r4
R565B27C1;Q1w2e3r4
R566B27C1;Q1w2e3r4
R567B27C1;Q1w2e3r4
R568B27C1;Q1w2e3r4
R569B27C1;Q1w2e3r4
R570B27C1;Q1w2e3r4
R571B27C1;Q1w2e3r4
R572B27C1;Q1w2e3r4
R573B27C1;Q1w2e3r4
R574B27C1;Q1w2e3r4
R575B27C1;Q1w2e3r4
R576B27C1;Q1w2e3r4
R577B27C1;Q1w2e3r4
R578B27C1;Q1w2e3r4
R579B27C1;Q1w2e3r4
R580B27C1;Q1w2e3r4
R581B27C1;Q1w2e3r4
R582B27C1;Q1w2e3r4
R583B27C1;Q1w2e3r4
R584B27C1;Q1w2e3r4
R585B27C1;Q1w2e3r4
R586B27C1;Q1w2e3r4
R587B27C1;Q1w2e3r4
R588B27C1;Q1w2e3r4
R589B27C1;Q1w2e3r4
R590B27C1;Q1w2e3r4
R591B27C1;Q1w2e3r4
R592B27C1;Q1w2e3r4
R593B27C1;Q1w2e3r4
R594B27C1;Q1w2e3r4
R595B27C1;Q1w2e3r4
R596B27C1;Q1w2e3r4
R597B27C1;Q1w2e3r4
R598B27C1;Q1w2e3r4
R599B27C1;Q1w2e3r4
R600B27C1;Q1w2e3r4
R601B27C1;Q1w2e3r4
R602B27C1;Q1w2e3r4
R603B27C1;Q1w2e3r4
R604B27C1;Q1w2e3r4
R605B27C1;Q1w2e3r4
R606B27C1;Q1w2e3r4
R607B27C1;Q1w2e3r4
R608B27C1;Q1w2e3r4
R609B27C1;Q1w2e3r4
R610B27C1;Q1w2e3r4
R611B27C1;Q1w2e3r4
R612B27C1;Q1w2e3r4
R613B27C1;Q1w2e3r4
R614B27C1;Q1w2e3r4
R615B27C1;Q1w2e3r4
R616B27C1;Q1w2e3r4
R617B27C1;Q1w2e3r4
R618B27C1;Q1w2e3r4
R619B27C1;Q1w2e3r4
R620B27C1;Q1w2e3r4
R621B27C1;Q1w2e3r4
R622B27C1;Q1w2e3r4
R623B27C1;Q1w2e3r4
R624B27C1;Q1w2e3r4
R625B27C1;Q1w2e3r4
R626B27C1;Q1w2e3r4
R627B27C1;Q1w2e3r4
R628B27C1;Q1w2e3r4
R629B27C1;Q1w2e3r4
R630B27C1;Q1w2e3r4
R631B27C1;Q1w2e3r4
R632B27C1;Q1w2e3r4
R633B27C1;Q1w2e3r4
R634B27C1;Q1w2e3r4
R635B27C1;Q1w2e3r4
R636B27C1;Q1w2e3r4
R637B27C1;Q1w2e3r4
R638B27C1;Q1w2e3r4
R639B27C1;Q1w2e3r4
R640B27C1;Q1w2e3r4
R641B27C1;Q1w2e3r4
R642B27C1;Q1w2e3r4
R643B27C1;Q1w2e3r4
R644B27C1;Q1w2e3r4
R645B27C1;Q1w2e3r4
R646B27C1;Q1w2e3r4
R647B27C1;Q1w2e3r4
R648B27C1;Q1w2e3r4
R649B27C1;Q1w2e3r4
R650B27C1;Q1w2e3r4
R651B27C1;Q1w2e3r4
R652B27C1;Q1w2e3r4
R653B27C1;Q1w2e3r4
R654B27C1;Q1w2e3r4
R655B27C1;Q1w2e3r4
R656B27C1;Q1w2e3r4
R657B27C1;Q1w2e3r4
R658B27C1;Q1w2e3r4
R659B27C1;Q1w2e3r4
R660B27C1;Q1w2e3r4
R661B27C1;Q1w2e3r4
R662B27C1;Q1w2e3r4
R663B27C1;Q1w2e3r4
R664B27C1;Q1w2e3r4
R665B27C1;Q1w2e3r4
R666B27C1;Q1w2e3r4
R667B27C1;Q1w2e3r4
R668B27C1;Q1w2e3r4
R669B27C1;Q1w2e3r4
R670B27C1;Q1w2e3r4
R671B27C1;Q1w2e3r4
R672B27C1;Q1w2e3r4
R673B27C1;Q1w2e3r4
R674B27C1;Q1w2e3r4
R675B27C1;Q1w2e3r4
R676B27C1;Q1w2e3r4
R677B27C1;Q1w2e3r4
R678B27C1;Q1w2e3r4
R679B27C1;Q1w2e3r4
R680B27C1;Q1w2e3r4
R681B27C1;Q1w2e3r4
R682B27C1;Q1w2e3r4
R683B27C1;Q1w2e3r4
R684B27C1;Q1w2e3r4
R685B27C1;Q1w2e3r4
R686B27C1;Q1w2e3r4
R687B27C1;Q1w2e3r4
R688B27C1;Q1w2e3r4
R689B27C1;Q1w2e3r4
R690B27C1;Q1w2e3r4
R691B27C1;Q1w2e3r4
R692B27C1;Q1w2e3r4
R693B27C1;Q1w2e3r4
R694B27C1;Q1w2e3r4
R695B27C1;Q1w2e3r4
R696B27C1;Q1w2e3r4
R697B27C1;Q1w2e3r4
R698B27C1;Q1w2e3r4
R699B27C1;Q1w2e3r4
R700B27C1;Q1w2e3r4
R701B27C1;Q1w2e3r4
R702B27C1;Q1w2e3r4
R703B27C1;Q1w2e3r4
R704B27C1;Q1w2e3r4
R705B27C1;Q1w2e3r4
R706B27C1;Q1w2e3r4
R707B27C1;Q1w2e3r4
R708B27C1;Q1w2e3r4
R709B27C1;Q1w2e3r4
R710B27C1;Q1w2e3r4
R711B27C1;Q1w2e3r4
R712B27C1;Q1w2e3r4
R713B27C1;Q1w2e3r4
R714B27C1;Q1w2e3r4
R715B27C1;Q1w2e3r4
R716B27C1;Q1w2e3r4
R717B27C1;Q1w2e3r4
R718B27C1;Q1w2e3r4
R719B27C1;Q1w2e3r4
R720B27C1;Q1w2e3r4
R721B27C1;Q1w2e3r4
R722B27C1;Q1w2e3r4
R723B27C1;Q1w2e3r4
R724B27C1;Q1w2e3r4
R725B27C1;Q1w2e3r4
R726B27C1;Q1w2e3r4
R727B27C1;Q1w2e3r4
R728B27C1;Q1w2e3r4
R729B27C1;Q1w2e3r4
R730B27C1;Q1w2e3r4
R731B27C1;Q1w2e3r4
R732B27C1;Q1w2e3r4
R733B27C1;Q1w2e3r4
R734B27C1;Q1w2e3r4
R735B27C1;Q1w2e3r4
R736B27C1;Q1w2e3r4
R737B27C1;Q1w2e3r4
R738B27C1;Q1w2e3r4
R739B27C1;Q1w2e3r4
R740B27C1;Q1w2e3r4
R741B27C1;Q1w2e3r4
R742B27C1;Q1w2e3r4
R743B27C1;Q1w2e3r4
R744B27C1;Q1w2e3r4
R745B27C1;Q1w2e3r4
R746B27C1;Q1w2e3r4
R747B27C1;Q1w2e3r4
R748B27C1;Q1w2e3r4
R749B27C1;Q1w2e3r4
R750B27C1;Q1w2e3r4
R751B27C1;Q1w2e3r4
R752B27C1;Q1w2e3r4
R753B27C1;Q1w2e3r4
R754B27C1;Q1w2e3r4
R755B27C1;Q1w2e3r4
R756B27C1;Q1w2e3r4
R757B27C1;Q1w2e3r4
R758B27C1;Q1w2e3r4
R759B27C1;Q1w2e3r4
R760B27C1;Q1w2e3r4
R761B27C1;Q1w2e3r4
R762B27C1;Q1w2e3r4
R763B27C1;Q1w2e3r4
R764B27C1;Q1w2e3r4
R765B27C1;Q1w2e3r4
R766B27C1;Q1w2e3r4
R767B27C1;Q1w2e3r4
R768B27C1;Q1w2e3r4
R769B27C1;Q1w2e3r4
R770B27C1;Q1w2e3r4
R771B27C1;Q1w2e3r4
R772B27C1;Q1w2e3r4
R773B27C1;Q1w2e3r4
R774B27C1;Q1w2e3r4
R775B27C1;Q1w2e3r4
R776B27C1;Q1w2e3r4
R777B27C1;Q1w2e3r4
R778B27C1;Q1w2e3r4
R779B27C1;Q1w2e3r4
R780B27C1;Q1w2e3r4
R781B27C1;Q1w2e3r4
R782B27C1;Q1w2e3r4
R783B27C1;Q1w2e3r4
R784B27C1;Q1w2e3r4
R785B27C1;Q1w2e3r4
R786B27C1;Q1w2e3r4
R787B27C1;Q1w2e3r4
R788B27C1;Q1w2e3r4
R789B27C1;Q1w2e3r4
R790B27C1;Q1w2e3r4
R791B27C1;Q1w2e3r4
R792B27C1;Q1w2e3r4
R793B27C1;Q1w2e3r4
R794B27C1;Q1w2e3r4
R795B27C1;Q1w2e3r4
R796B27C1;Q1w2e3r4
R797B27C1;Q1w2e3r4
R798B27C1;Q1w2e3r4
R799B27C1;Q1w2e3r4
R800B27C1;Q1w2e3r4
R801B27C1;Q1w2e3r4
R802B27C1;Q1w2e3r4
R803B27C1;Q1w2e3r4
R804B27C1;Q1w2e3r4
R805B27C1;Q1w2e3r4
R806B27C1;Q1w2e3r4
R807B27C1;Q1w2e3r4
R808B27C1;Q1w2e3r4
R809B27C1;Q1w2e3r4
R810B27C1;Q1w2e3r4
R811B27C1;Q1w2e3r4
R812B27C1;Q1w2e3r4
R813B27C1;Q1w2e3r4
R814B27C1;Q1w2e3r4
R815B27C1;Q1w2e3r4
R816B27C1;Q1w2e3r4
R817B27C1;Q1w2e3r4
R818B27C1;Q1w2e3r4
R819B27C1;Q1w2e3r4
R820B27C1;Q1w2e3r4
R821B27C1;Q1w2e3r4
R822B27C1;Q1w2e3r4
R823B27C1;Q1w2e3r4
R824B27C1;Q1w2e3r4
R825B27C1;Q1w2e3r4
R826B27C1;Q1w2e3r4
R827B27C1;Q1w2e3r4
R828B27C1;Q1w2e3r4
R829B27C1;Q1w2e3r4
R830B27C1;Q1w2e3r4
R831B27C1;Q1w2e3r4
R832B27C1;Q1w2e3r4
R833B27C1;Q1w2e3r4
R834B27C1;Q1w2e3r4
R835B27C1;Q1w2e3r4
R836B27C1;Q1w2e3r4
R837B27C1;Q1w2e3r4
R838B27C1;Q1w2e3r4
R839B27C1;Q1w2e3r4
R840B27C1;Q1w2e3r4
R841B27C1;Q1w2e3r4
R842B27C1;Q1w2e3r4
R843B27C1;Q1w2e3r4
R844B27C1;Q1w2e3r4
R845B27C1;Q1w2e3r4
R846B27C1;Q1w2e3r4
R847B27C1;Q1w2e3r4
R848B27C1;Q1w2e3r4
R849B27C1;Q1w2e3r4
R850B27C1;Q1w2e3r4
R851B27C1;Q1w2e3r4
R852B27C1;Q1w2e3r4
R853B27C1;Q1w2e3r4
R854B27C1;Q1w2e3r4
R855B27C1;Q1w2e3r4
R856B27C1;Q1w2e3r4
R857B27C1;Q1w2e3r4
R858B27C1;Q1w2e3r4
R859B27C1;Q1w2e3r4
R860B27C1;Q1w2e3r4
R861B27C1;Q1w2e3r4
R862B27C1;Q1w2e3r4
R863B27C1;Q1w2e3r4
R864B27C1;Q1w2e3r4
R865B27C1;Q1w2e3r4
R866B27C1;Q1w2e3r4
R867B27C1;Q1w2e3r4
R868B27C1;Q1w2e3r4
R869B27C1;Q1w2e3r4
R870B27C1;Q1w2e3r4
R871B27C1;Q1w2e3r4
R872B27C1;Q1w2e3r4
R873B27C1;Q1w2e3r4
R874B27C1;Q1w2e3r4
R875B27C1;Q1w2e3r4
R876B27C1;Q1w2e3r4
R877B27C1;Q1w2e3r4
R878B27C1;Q1w2e3r4
R879B27C1;Q1w2e3r4
R880B27C1;Q1w2e3r4
R881B27C1;Q1w2e3r4
R882B27C1;Q1w2e3r4
R883B27C1;Q1w2e3r4
R884B27C1;Q1w2e3r4
R885B27C1;Q1w2e3r4
R886B27C1;Q1w2e3r4
R887B27C1;Q1w2e3r4
R888B27C1;Q1w2e3r4
R889B27C1;Q1w2e3r4
R890B27C1;Q1w2e3r4
R891B27C1;Q1w2e3r4
R892B27C1;Q1w2e3r4
R893B27C1;Q1w2e3r4
R894B27C1;Q1w2e3r4
R895B27C1;Q1w2e3r4
R896B27C1;Q1w2e3r4
R897B27C1;Q1w2e3r4
R898B27C1;Q1w2e3r4
R899B27C1;Q1w2e3r4
R900B27C1;Q1w2e3r4
R901B27C1;Q1w2e3r4
R902B27C1;Q1w2e3r4
R903B27C1;Q1w2e3r4
R904B27C1;Q1w2e3r4
R905B27C1;Q1w2e3r4
R906B27C1;Q1w2e3r4
R907B27C1;Q1w2e3r4
R908B27C1;Q1w2e3r4
R909B27C1;Q1w2e3r4
R910B27C1;Q1w2e3r4
R911B27C1;Q1w2e3r4
R912B27C1;Q1w2e3r4
R913B27C1;Q1w2e3r4
R914B27C1;Q1w2e3r4
R915B27C1;Q1w2e3r4
R916B27C1;Q1w2e3r4
R917B27C1;Q1w2e3r4
R918B27C1;Q1w2e3r4
R919B27C1;Q1w2e3r4
R920B27C1;Q1w2e3r4
R921B27C1;Q1w2e3r4
R922B27C1;Q1w2e3r4
R923B27C1;Q1w2e3r4
R924B27C1;Q1w2e3r4
R925B27C1;Q1w2e3r4
R926B27C1;Q1w2e3r4
R927B27C1;Q1w2e3r4
R928B27C1;Q1w2e3r4
R929B27C1;Q1w2e3r4
R930B27C1;Q1w2e3r4
R931B27C1;Q1w2e3r4
R932B27C1;Q1w2e3r4
R933B27C1;Q1w2e3r4
R934B27C1;Q1w2e3r4
R935B27C1;Q1w2e3r4
R936B27C1;Q1w2e3r4
R937B27C1;Q1w2e3r4
R938B27C1;Q1w2e3r4
R939B27C1;Q1w2e3r4
R940B27C1;Q1w2e3r4
R941B27C1;Q1w2e3r4
R942B27C1;Q1w2e3r4
R943B27C1;Q1w2e3r4
R944B27C1;Q1w2e3r4
R945B27C1;Q1w2e3r4
R946B27C1;Q1w2e3r4
R947B27C1;Q1w2e3r4
R948B27C1;Q1w2e3r4
R949B27C1;Q1w2e3r4
R950B27C1;Q1w2e3r4
R951B27C1;Q1w2e3r4
R952B27C1;Q1w2e3r4
R953B27C1;Q1w2e3r4
R954B27C1;Q1w2e3r4
R955B27C1;Q1w2e3r4
R956B27C1;Q1w2e3r4
R957B27C1;Q1w2e3r4
R958B27C1;Q1w2e3r4
R959B27C1;Q1w2e3r4
R960B27C1;Q1w2e3r4
R961B27C1;Q1w2e3r4
R962B27C1;Q1w2e3r4
R963B27C1;Q1w2e3r4
R964B27C1;Q1w2e3r4
R965B27C1;Q1w2e3r4
R966B27C1;Q1w2e3r4
R967B27C1;Q1w2e3r4
R968B27C1;Q1w2e3r4
R969B27C1;Q1w2e3r4
R970B27C1;Q1w2e3r4
R971B27C1;Q1w2e3r4
R972B27C1;Q1w2e3r4
R973B27C1;Q1w2e3r4
R974B27C1;Q1w2e3r4
R975B27C1;Q1w2e3r4
R976B27C1;Q1w2e3r4
R977B27C1;Q1w2e3r4
R978B27C1;Q1w2e3r4
R979B27C1;Q1w2e3r4
R980B27C1;Q1w2e3r4
R981B27C1;Q1w2e3r4
R982B27C1;Q1w2e3r4
R983B27C1;Q1w2e3r4
R984B27C1;Q1w2e3r4
R985B27C1;Q1w2e3r4
R986B27C1;Q1w2e3r4
R987B27C1;Q1w2e3r4
R988B27C1;Q1w2e3r4
R989B27C1;Q1w2e3r4
R990B27C1;Q1w2e3r4
R991B27C1;Q1w2e3r4
R992B27C1;Q1w2e3r4
R993B27C1;Q1w2e3r4
R994B27C1;Q1w2e3r4
R995B27C1;Q1w2e3r4
R996B27C1;Q1w2e3r4
R997B27C1;Q1w2e3r4
R998B27C1;Q1w2e3r4
R999B27C1;Q1w2e3r4
R1000B27C1;Q1w2e3r4
