GalaGG1;Q1w2e3r4
GalaGG2;Q1w2e3r4
GalaGG3;Q1w2e3r4
GalaGG4;Q1w2e3r4
GalaGG5;Q1w2e3r4
GalaGG6;Q1w2e3r4
GalaGG7;Q1w2e3r4
GalaGG8;Q1w2e3r4
GalaGG9;Q1w2e3r4
GalaGG10;Q1w2e3r4
GalaGG11;Q1w2e3r4
GalaGG12;Q1w2e3r4
GalaGG13;Q1w2e3r4
GalaGG14;Q1w2e3r4
GalaGG15;Q1w2e3r4
GalaGG16;Q1w2e3r4
GalaGG17;Q1w2e3r4
GalaGG18;Q1w2e3r4
GalaGG19;Q1w2e3r4
GalaGG20;Q1w2e3r4
GalaGG21;Q1w2e3r4
GalaGG22;Q1w2e3r4
GalaGG23;Q1w2e3r4
GalaGG24;Q1w2e3r4
GalaGG25;Q1w2e3r4
GalaGG26;Q1w2e3r4
GalaGG27;Q1w2e3r4
GalaGG28;Q1w2e3r4
GalaGG29;Q1w2e3r4
GalaGG30;Q1w2e3r4
GalaGG31;Q1w2e3r4
GalaGG32;Q1w2e3r4
GalaGG33;Q1w2e3r4
GalaGG34;Q1w2e3r4
GalaGG35;Q1w2e3r4
GalaGG36;Q1w2e3r4
GalaGG37;Q1w2e3r4
GalaGG38;Q1w2e3r4
GalaGG39;Q1w2e3r4
GalaGG40;Q1w2e3r4
GalaGG41;Q1w2e3r4
GalaGG42;Q1w2e3r4
GalaGG43;Q1w2e3r4
GalaGG44;Q1w2e3r4
GalaGG45;Q1w2e3r4
GalaGG46;Q1w2e3r4
GalaGG47;Q1w2e3r4
GalaGG48;Q1w2e3r4
GalaGG49;Q1w2e3r4
GalaGG50;Q1w2e3r4
GalaGG51;Q1w2e3r4
GalaGG52;Q1w2e3r4
GalaGG53;Q1w2e3r4
GalaGG54;Q1w2e3r4
GalaGG55;Q1w2e3r4
GalaGG56;Q1w2e3r4
GalaGG57;Q1w2e3r4
GalaGG58;Q1w2e3r4
GalaGG59;Q1w2e3r4
GalaGG60;Q1w2e3r4
GalaGG61;Q1w2e3r4
GalaGG62;Q1w2e3r4
GalaGG63;Q1w2e3r4
GalaGG64;Q1w2e3r4
GalaGG65;Q1w2e3r4
GalaGG66;Q1w2e3r4
GalaGG67;Q1w2e3r4
GalaGG68;Q1w2e3r4
GalaGG69;Q1w2e3r4
GalaGG70;Q1w2e3r4
GalaGG71;Q1w2e3r4
GalaGG72;Q1w2e3r4
GalaGG73;Q1w2e3r4
GalaGG74;Q1w2e3r4
GalaGG75;Q1w2e3r4
GalaGG76;Q1w2e3r4
GalaGG77;Q1w2e3r4
GalaGG78;Q1w2e3r4
GalaGG79;Q1w2e3r4
GalaGG80;Q1w2e3r4
GalaGG81;Q1w2e3r4
GalaGG82;Q1w2e3r4
GalaGG83;Q1w2e3r4
GalaGG84;Q1w2e3r4
GalaGG85;Q1w2e3r4
GalaGG86;Q1w2e3r4
GalaGG87;Q1w2e3r4
GalaGG88;Q1w2e3r4
GalaGG89;Q1w2e3r4
GalaGG90;Q1w2e3r4
GalaGG91;Q1w2e3r4
GalaGG92;Q1w2e3r4
GalaGG93;Q1w2e3r4
GalaGG94;Q1w2e3r4
GalaGG95;Q1w2e3r4
GalaGG96;Q1w2e3r4
GalaGG97;Q1w2e3r4
GalaGG98;Q1w2e3r4
GalaGG99;Q1w2e3r4
GalaGG100;Q1w2e3r4
GalaGG101;Q1w2e3r4
GalaGG102;Q1w2e3r4
GalaGG103;Q1w2e3r4
GalaGG104;Q1w2e3r4
GalaGG105;Q1w2e3r4
GalaGG106;Q1w2e3r4
GalaGG107;Q1w2e3r4
GalaGG108;Q1w2e3r4
GalaGG109;Q1w2e3r4
GalaGG110;Q1w2e3r4
GalaGG111;Q1w2e3r4
GalaGG112;Q1w2e3r4
GalaGG113;Q1w2e3r4
GalaGG114;Q1w2e3r4
GalaGG115;Q1w2e3r4
GalaGG116;Q1w2e3r4
GalaGG117;Q1w2e3r4
GalaGG118;Q1w2e3r4
GalaGG119;Q1w2e3r4
GalaGG120;Q1w2e3r4
GalaGG121;Q1w2e3r4
GalaGG122;Q1w2e3r4
GalaGG123;Q1w2e3r4
GalaGG124;Q1w2e3r4
GalaGG125;Q1w2e3r4
GalaGG126;Q1w2e3r4
GalaGG127;Q1w2e3r4
GalaGG128;Q1w2e3r4
GalaGG129;Q1w2e3r4
GalaGG130;Q1w2e3r4
GalaGG131;Q1w2e3r4
GalaGG132;Q1w2e3r4
GalaGG133;Q1w2e3r4
GalaGG134;Q1w2e3r4
GalaGG135;Q1w2e3r4
GalaGG136;Q1w2e3r4
GalaGG137;Q1w2e3r4
GalaGG138;Q1w2e3r4
GalaGG139;Q1w2e3r4
GalaGG140;Q1w2e3r4
GalaGG141;Q1w2e3r4
GalaGG142;Q1w2e3r4
GalaGG143;Q1w2e3r4
GalaGG144;Q1w2e3r4
GalaGG145;Q1w2e3r4
GalaGG146;Q1w2e3r4
GalaGG147;Q1w2e3r4
GalaGG148;Q1w2e3r4
GalaGG149;Q1w2e3r4
GalaGG150;Q1w2e3r4
GalaGG151;Q1w2e3r4
GalaGG152;Q1w2e3r4
GalaGG153;Q1w2e3r4
GalaGG154;Q1w2e3r4
GalaGG155;Q1w2e3r4
GalaGG156;Q1w2e3r4
GalaGG157;Q1w2e3r4
GalaGG158;Q1w2e3r4
GalaGG159;Q1w2e3r4
GalaGG160;Q1w2e3r4
GalaGG161;Q1w2e3r4
GalaGG162;Q1w2e3r4
GalaGG163;Q1w2e3r4
GalaGG164;Q1w2e3r4
GalaGG165;Q1w2e3r4
GalaGG166;Q1w2e3r4
GalaGG167;Q1w2e3r4
GalaGG168;Q1w2e3r4
GalaGG169;Q1w2e3r4
GalaGG170;Q1w2e3r4
GalaGG171;Q1w2e3r4
GalaGG172;Q1w2e3r4
GalaGG173;Q1w2e3r4
GalaGG174;Q1w2e3r4
GalaGG175;Q1w2e3r4
GalaGG176;Q1w2e3r4
GalaGG177;Q1w2e3r4
GalaGG178;Q1w2e3r4
GalaGG179;Q1w2e3r4
GalaGG180;Q1w2e3r4
GalaGG181;Q1w2e3r4
GalaGG182;Q1w2e3r4
GalaGG183;Q1w2e3r4
GalaGG184;Q1w2e3r4
GalaGG185;Q1w2e3r4
GalaGG186;Q1w2e3r4
GalaGG187;Q1w2e3r4
GalaGG188;Q1w2e3r4
GalaGG189;Q1w2e3r4
GalaGG190;Q1w2e3r4
GalaGG191;Q1w2e3r4
GalaGG192;Q1w2e3r4
GalaGG193;Q1w2e3r4
GalaGG194;Q1w2e3r4
GalaGG195;Q1w2e3r4
GalaGG196;Q1w2e3r4
GalaGG197;Q1w2e3r4
GalaGG198;Q1w2e3r4
GalaGG199;Q1w2e3r4
GalaGG200;Q1w2e3r4
GalaGG201;Q1w2e3r4
GalaGG202;Q1w2e3r4
GalaGG203;Q1w2e3r4
GalaGG204;Q1w2e3r4
GalaGG205;Q1w2e3r4
GalaGG206;Q1w2e3r4
GalaGG207;Q1w2e3r4
GalaGG208;Q1w2e3r4
GalaGG209;Q1w2e3r4
GalaGG210;Q1w2e3r4
GalaGG211;Q1w2e3r4
GalaGG212;Q1w2e3r4
GalaGG213;Q1w2e3r4
GalaGG214;Q1w2e3r4
GalaGG215;Q1w2e3r4
GalaGG216;Q1w2e3r4
GalaGG217;Q1w2e3r4
GalaGG218;Q1w2e3r4
GalaGG219;Q1w2e3r4
GalaGG220;Q1w2e3r4
GalaGG221;Q1w2e3r4
GalaGG222;Q1w2e3r4
GalaGG223;Q1w2e3r4
GalaGG224;Q1w2e3r4
GalaGG225;Q1w2e3r4
GalaGG226;Q1w2e3r4
GalaGG227;Q1w2e3r4
GalaGG228;Q1w2e3r4
GalaGG229;Q1w2e3r4
GalaGG230;Q1w2e3r4
GalaGG231;Q1w2e3r4
GalaGG232;Q1w2e3r4
GalaGG233;Q1w2e3r4
GalaGG234;Q1w2e3r4
GalaGG235;Q1w2e3r4
GalaGG236;Q1w2e3r4
GalaGG237;Q1w2e3r4
GalaGG238;Q1w2e3r4
GalaGG239;Q1w2e3r4
GalaGG240;Q1w2e3r4
GalaGG241;Q1w2e3r4
GalaGG242;Q1w2e3r4
GalaGG243;Q1w2e3r4
GalaGG244;Q1w2e3r4
GalaGG245;Q1w2e3r4
GalaGG246;Q1w2e3r4
GalaGG247;Q1w2e3r4
GalaGG248;Q1w2e3r4
GalaGG249;Q1w2e3r4
GalaGG250;Q1w2e3r4
GalaGG251;Q1w2e3r4
GalaGG252;Q1w2e3r4
GalaGG253;Q1w2e3r4
GalaGG254;Q1w2e3r4
GalaGG255;Q1w2e3r4
GalaGG256;Q1w2e3r4
GalaGG257;Q1w2e3r4
GalaGG258;Q1w2e3r4
GalaGG259;Q1w2e3r4
GalaGG260;Q1w2e3r4
GalaGG261;Q1w2e3r4
GalaGG262;Q1w2e3r4
GalaGG263;Q1w2e3r4
GalaGG264;Q1w2e3r4
GalaGG265;Q1w2e3r4
GalaGG266;Q1w2e3r4
GalaGG267;Q1w2e3r4
GalaGG268;Q1w2e3r4
GalaGG269;Q1w2e3r4
GalaGG270;Q1w2e3r4
GalaGG271;Q1w2e3r4
GalaGG272;Q1w2e3r4
GalaGG273;Q1w2e3r4
GalaGG274;Q1w2e3r4
GalaGG275;Q1w2e3r4
GalaGG276;Q1w2e3r4
GalaGG277;Q1w2e3r4
GalaGG278;Q1w2e3r4
GalaGG279;Q1w2e3r4
GalaGG280;Q1w2e3r4
GalaGG281;Q1w2e3r4
GalaGG282;Q1w2e3r4
GalaGG283;Q1w2e3r4
GalaGG284;Q1w2e3r4
GalaGG285;Q1w2e3r4
GalaGG286;Q1w2e3r4
GalaGG287;Q1w2e3r4
GalaGG288;Q1w2e3r4
GalaGG289;Q1w2e3r4
GalaGG290;Q1w2e3r4
GalaGG291;Q1w2e3r4
GalaGG292;Q1w2e3r4
GalaGG293;Q1w2e3r4
GalaGG294;Q1w2e3r4
GalaGG295;Q1w2e3r4
GalaGG296;Q1w2e3r4
GalaGG297;Q1w2e3r4
GalaGG298;Q1w2e3r4
GalaGG299;Q1w2e3r4
GalaGG300;Q1w2e3r4
GalaGG301;Q1w2e3r4
GalaGG302;Q1w2e3r4
GalaGG303;Q1w2e3r4
GalaGG304;Q1w2e3r4
GalaGG305;Q1w2e3r4
GalaGG306;Q1w2e3r4
GalaGG307;Q1w2e3r4
GalaGG308;Q1w2e3r4
GalaGG309;Q1w2e3r4
GalaGG310;Q1w2e3r4
GalaGG311;Q1w2e3r4
GalaGG312;Q1w2e3r4
GalaGG313;Q1w2e3r4
GalaGG314;Q1w2e3r4
GalaGG315;Q1w2e3r4
GalaGG316;Q1w2e3r4
GalaGG317;Q1w2e3r4
GalaGG318;Q1w2e3r4
GalaGG319;Q1w2e3r4
GalaGG320;Q1w2e3r4
GalaGG321;Q1w2e3r4
GalaGG322;Q1w2e3r4
GalaGG323;Q1w2e3r4
GalaGG324;Q1w2e3r4
GalaGG325;Q1w2e3r4
GalaGG326;Q1w2e3r4
GalaGG327;Q1w2e3r4
GalaGG328;Q1w2e3r4
GalaGG329;Q1w2e3r4
GalaGG330;Q1w2e3r4
GalaGG331;Q1w2e3r4
GalaGG332;Q1w2e3r4
GalaGG333;Q1w2e3r4
GalaGG334;Q1w2e3r4
GalaGG335;Q1w2e3r4
GalaGG336;Q1w2e3r4
GalaGG337;Q1w2e3r4
GalaGG338;Q1w2e3r4
GalaGG339;Q1w2e3r4
GalaGG340;Q1w2e3r4
GalaGG341;Q1w2e3r4
GalaGG342;Q1w2e3r4
GalaGG343;Q1w2e3r4
GalaGG344;Q1w2e3r4
GalaGG345;Q1w2e3r4
GalaGG346;Q1w2e3r4
GalaGG347;Q1w2e3r4
GalaGG348;Q1w2e3r4
GalaGG349;Q1w2e3r4
GalaGG350;Q1w2e3r4
GalaGG351;Q1w2e3r4
GalaGG352;Q1w2e3r4
GalaGG353;Q1w2e3r4
GalaGG354;Q1w2e3r4
GalaGG355;Q1w2e3r4
GalaGG356;Q1w2e3r4
GalaGG357;Q1w2e3r4
GalaGG358;Q1w2e3r4
GalaGG359;Q1w2e3r4
GalaGG360;Q1w2e3r4
GalaGG361;Q1w2e3r4
GalaGG362;Q1w2e3r4
GalaGG363;Q1w2e3r4
GalaGG364;Q1w2e3r4
GalaGG365;Q1w2e3r4
GalaGG366;Q1w2e3r4
GalaGG367;Q1w2e3r4
GalaGG368;Q1w2e3r4
GalaGG369;Q1w2e3r4
GalaGG370;Q1w2e3r4
GalaGG371;Q1w2e3r4
GalaGG372;Q1w2e3r4
GalaGG373;Q1w2e3r4
GalaGG374;Q1w2e3r4
GalaGG375;Q1w2e3r4
GalaGG376;Q1w2e3r4
GalaGG377;Q1w2e3r4
GalaGG378;Q1w2e3r4
GalaGG379;Q1w2e3r4
GalaGG380;Q1w2e3r4
GalaGG381;Q1w2e3r4
GalaGG382;Q1w2e3r4
GalaGG383;Q1w2e3r4
GalaGG384;Q1w2e3r4
GalaGG385;Q1w2e3r4
GalaGG386;Q1w2e3r4
GalaGG387;Q1w2e3r4
GalaGG388;Q1w2e3r4
GalaGG389;Q1w2e3r4
GalaGG390;Q1w2e3r4
GalaGG391;Q1w2e3r4
GalaGG392;Q1w2e3r4
GalaGG393;Q1w2e3r4
GalaGG394;Q1w2e3r4
GalaGG395;Q1w2e3r4
GalaGG396;Q1w2e3r4
GalaGG397;Q1w2e3r4
GalaGG398;Q1w2e3r4
GalaGG399;Q1w2e3r4
GalaGG400;Q1w2e3r4
GalaGG401;Q1w2e3r4
GalaGG402;Q1w2e3r4
GalaGG403;Q1w2e3r4
GalaGG404;Q1w2e3r4
GalaGG405;Q1w2e3r4
GalaGG406;Q1w2e3r4
GalaGG407;Q1w2e3r4
GalaGG408;Q1w2e3r4
GalaGG409;Q1w2e3r4
GalaGG410;Q1w2e3r4
GalaGG411;Q1w2e3r4
GalaGG412;Q1w2e3r4
GalaGG413;Q1w2e3r4
GalaGG414;Q1w2e3r4
GalaGG415;Q1w2e3r4
GalaGG416;Q1w2e3r4
GalaGG417;Q1w2e3r4
GalaGG418;Q1w2e3r4
GalaGG419;Q1w2e3r4
GalaGG420;Q1w2e3r4
GalaGG421;Q1w2e3r4
GalaGG422;Q1w2e3r4
GalaGG423;Q1w2e3r4
GalaGG424;Q1w2e3r4
GalaGG425;Q1w2e3r4
GalaGG426;Q1w2e3r4
GalaGG427;Q1w2e3r4
GalaGG428;Q1w2e3r4
GalaGG429;Q1w2e3r4
GalaGG430;Q1w2e3r4
GalaGG431;Q1w2e3r4
GalaGG432;Q1w2e3r4
GalaGG433;Q1w2e3r4
GalaGG434;Q1w2e3r4
GalaGG435;Q1w2e3r4
GalaGG436;Q1w2e3r4
GalaGG437;Q1w2e3r4
GalaGG438;Q1w2e3r4
GalaGG439;Q1w2e3r4
GalaGG440;Q1w2e3r4
GalaGG441;Q1w2e3r4
GalaGG442;Q1w2e3r4
GalaGG443;Q1w2e3r4
GalaGG444;Q1w2e3r4
GalaGG445;Q1w2e3r4
GalaGG446;Q1w2e3r4
GalaGG447;Q1w2e3r4
GalaGG448;Q1w2e3r4
GalaGG449;Q1w2e3r4
GalaGG450;Q1w2e3r4
GalaGG451;Q1w2e3r4
GalaGG452;Q1w2e3r4
GalaGG453;Q1w2e3r4
GalaGG454;Q1w2e3r4
GalaGG455;Q1w2e3r4
GalaGG456;Q1w2e3r4
GalaGG457;Q1w2e3r4
GalaGG458;Q1w2e3r4
GalaGG459;Q1w2e3r4
GalaGG460;Q1w2e3r4
GalaGG461;Q1w2e3r4
GalaGG462;Q1w2e3r4
GalaGG463;Q1w2e3r4
GalaGG464;Q1w2e3r4
GalaGG465;Q1w2e3r4
GalaGG466;Q1w2e3r4
GalaGG467;Q1w2e3r4
GalaGG468;Q1w2e3r4
GalaGG469;Q1w2e3r4
GalaGG470;Q1w2e3r4
GalaGG471;Q1w2e3r4
GalaGG472;Q1w2e3r4
GalaGG473;Q1w2e3r4
GalaGG474;Q1w2e3r4
GalaGG475;Q1w2e3r4
GalaGG476;Q1w2e3r4
GalaGG477;Q1w2e3r4
GalaGG478;Q1w2e3r4
GalaGG479;Q1w2e3r4
GalaGG480;Q1w2e3r4
GalaGG481;Q1w2e3r4
GalaGG482;Q1w2e3r4
GalaGG483;Q1w2e3r4
GalaGG484;Q1w2e3r4
GalaGG485;Q1w2e3r4
GalaGG486;Q1w2e3r4
GalaGG487;Q1w2e3r4
GalaGG488;Q1w2e3r4
GalaGG489;Q1w2e3r4
GalaGG490;Q1w2e3r4
GalaGG491;Q1w2e3r4
GalaGG492;Q1w2e3r4
GalaGG493;Q1w2e3r4
GalaGG494;Q1w2e3r4
GalaGG495;Q1w2e3r4
GalaGG496;Q1w2e3r4
GalaGG497;Q1w2e3r4
GalaGG498;Q1w2e3r4
GalaGG499;Q1w2e3r4
GalaGG500;Q1w2e3r4
GalaGG501;Q1w2e3r4
GalaGG502;Q1w2e3r4
GalaGG503;Q1w2e3r4
GalaGG504;Q1w2e3r4
GalaGG505;Q1w2e3r4
GalaGG506;Q1w2e3r4
GalaGG507;Q1w2e3r4
GalaGG508;Q1w2e3r4
GalaGG509;Q1w2e3r4
GalaGG510;Q1w2e3r4
GalaGG511;Q1w2e3r4
GalaGG512;Q1w2e3r4
GalaGG513;Q1w2e3r4
GalaGG514;Q1w2e3r4
GalaGG515;Q1w2e3r4
GalaGG516;Q1w2e3r4
GalaGG517;Q1w2e3r4
GalaGG518;Q1w2e3r4
GalaGG519;Q1w2e3r4
GalaGG520;Q1w2e3r4
GalaGG521;Q1w2e3r4
GalaGG522;Q1w2e3r4
GalaGG523;Q1w2e3r4
GalaGG524;Q1w2e3r4
GalaGG525;Q1w2e3r4
GalaGG526;Q1w2e3r4
GalaGG527;Q1w2e3r4
GalaGG528;Q1w2e3r4
GalaGG529;Q1w2e3r4
GalaGG530;Q1w2e3r4
GalaGG531;Q1w2e3r4
GalaGG532;Q1w2e3r4
GalaGG533;Q1w2e3r4
GalaGG534;Q1w2e3r4
GalaGG535;Q1w2e3r4
GalaGG536;Q1w2e3r4
GalaGG537;Q1w2e3r4
GalaGG538;Q1w2e3r4
GalaGG539;Q1w2e3r4
GalaGG540;Q1w2e3r4
GalaGG541;Q1w2e3r4
GalaGG542;Q1w2e3r4
GalaGG543;Q1w2e3r4
GalaGG544;Q1w2e3r4
GalaGG545;Q1w2e3r4
GalaGG546;Q1w2e3r4
GalaGG547;Q1w2e3r4
GalaGG548;Q1w2e3r4
GalaGG549;Q1w2e3r4
GalaGG550;Q1w2e3r4
GalaGG551;Q1w2e3r4
GalaGG552;Q1w2e3r4
GalaGG553;Q1w2e3r4
GalaGG554;Q1w2e3r4
GalaGG555;Q1w2e3r4
GalaGG556;Q1w2e3r4
GalaGG557;Q1w2e3r4
GalaGG558;Q1w2e3r4
GalaGG559;Q1w2e3r4
GalaGG560;Q1w2e3r4
GalaGG561;Q1w2e3r4
GalaGG562;Q1w2e3r4
GalaGG563;Q1w2e3r4
GalaGG564;Q1w2e3r4
GalaGG565;Q1w2e3r4
GalaGG566;Q1w2e3r4
GalaGG567;Q1w2e3r4
GalaGG568;Q1w2e3r4
GalaGG569;Q1w2e3r4
GalaGG570;Q1w2e3r4
GalaGG571;Q1w2e3r4
GalaGG572;Q1w2e3r4
GalaGG573;Q1w2e3r4
GalaGG574;Q1w2e3r4
GalaGG575;Q1w2e3r4
GalaGG576;Q1w2e3r4
GalaGG577;Q1w2e3r4
GalaGG578;Q1w2e3r4
GalaGG579;Q1w2e3r4
GalaGG580;Q1w2e3r4
GalaGG581;Q1w2e3r4
GalaGG582;Q1w2e3r4
GalaGG583;Q1w2e3r4
GalaGG584;Q1w2e3r4
GalaGG585;Q1w2e3r4
GalaGG586;Q1w2e3r4
GalaGG587;Q1w2e3r4
GalaGG588;Q1w2e3r4
GalaGG589;Q1w2e3r4
GalaGG590;Q1w2e3r4
GalaGG591;Q1w2e3r4
GalaGG592;Q1w2e3r4
GalaGG593;Q1w2e3r4
GalaGG594;Q1w2e3r4
GalaGG595;Q1w2e3r4
GalaGG596;Q1w2e3r4
GalaGG597;Q1w2e3r4
GalaGG598;Q1w2e3r4
GalaGG599;Q1w2e3r4
GalaGG600;Q1w2e3r4
GalaGG601;Q1w2e3r4
GalaGG602;Q1w2e3r4
GalaGG603;Q1w2e3r4
GalaGG604;Q1w2e3r4
GalaGG605;Q1w2e3r4
GalaGG606;Q1w2e3r4
GalaGG607;Q1w2e3r4
GalaGG608;Q1w2e3r4
GalaGG609;Q1w2e3r4
GalaGG610;Q1w2e3r4
GalaGG611;Q1w2e3r4
GalaGG612;Q1w2e3r4
GalaGG613;Q1w2e3r4
GalaGG614;Q1w2e3r4
GalaGG615;Q1w2e3r4
GalaGG616;Q1w2e3r4
GalaGG617;Q1w2e3r4
GalaGG618;Q1w2e3r4
GalaGG619;Q1w2e3r4
GalaGG620;Q1w2e3r4
GalaGG621;Q1w2e3r4
GalaGG622;Q1w2e3r4
GalaGG623;Q1w2e3r4
GalaGG624;Q1w2e3r4
GalaGG625;Q1w2e3r4
GalaGG626;Q1w2e3r4
GalaGG627;Q1w2e3r4
GalaGG628;Q1w2e3r4
GalaGG629;Q1w2e3r4
GalaGG630;Q1w2e3r4
GalaGG631;Q1w2e3r4
GalaGG632;Q1w2e3r4
GalaGG633;Q1w2e3r4
GalaGG634;Q1w2e3r4
GalaGG635;Q1w2e3r4
GalaGG636;Q1w2e3r4
GalaGG637;Q1w2e3r4
GalaGG638;Q1w2e3r4
GalaGG639;Q1w2e3r4
GalaGG640;Q1w2e3r4
GalaGG641;Q1w2e3r4
GalaGG642;Q1w2e3r4
GalaGG643;Q1w2e3r4
GalaGG644;Q1w2e3r4
GalaGG645;Q1w2e3r4
GalaGG646;Q1w2e3r4
GalaGG647;Q1w2e3r4
GalaGG648;Q1w2e3r4
GalaGG649;Q1w2e3r4
GalaGG650;Q1w2e3r4
GalaGG651;Q1w2e3r4
GalaGG652;Q1w2e3r4
GalaGG653;Q1w2e3r4
GalaGG654;Q1w2e3r4
GalaGG655;Q1w2e3r4
GalaGG656;Q1w2e3r4
GalaGG657;Q1w2e3r4
GalaGG658;Q1w2e3r4
GalaGG659;Q1w2e3r4
GalaGG660;Q1w2e3r4
GalaGG661;Q1w2e3r4
GalaGG662;Q1w2e3r4
GalaGG663;Q1w2e3r4
GalaGG664;Q1w2e3r4
GalaGG665;Q1w2e3r4
GalaGG666;Q1w2e3r4
GalaGG667;Q1w2e3r4
GalaGG668;Q1w2e3r4
GalaGG669;Q1w2e3r4
GalaGG670;Q1w2e3r4
GalaGG671;Q1w2e3r4
GalaGG672;Q1w2e3r4
GalaGG673;Q1w2e3r4
GalaGG674;Q1w2e3r4
GalaGG675;Q1w2e3r4
GalaGG676;Q1w2e3r4
GalaGG677;Q1w2e3r4
GalaGG678;Q1w2e3r4
GalaGG679;Q1w2e3r4
GalaGG680;Q1w2e3r4
GalaGG681;Q1w2e3r4
GalaGG682;Q1w2e3r4
GalaGG683;Q1w2e3r4
GalaGG684;Q1w2e3r4
GalaGG685;Q1w2e3r4
GalaGG686;Q1w2e3r4
GalaGG687;Q1w2e3r4
GalaGG688;Q1w2e3r4
GalaGG689;Q1w2e3r4
GalaGG690;Q1w2e3r4
GalaGG691;Q1w2e3r4
GalaGG692;Q1w2e3r4
GalaGG693;Q1w2e3r4
GalaGG694;Q1w2e3r4
GalaGG695;Q1w2e3r4
GalaGG696;Q1w2e3r4
GalaGG697;Q1w2e3r4
GalaGG698;Q1w2e3r4
GalaGG699;Q1w2e3r4
GalaGG700;Q1w2e3r4
GalaGG701;Q1w2e3r4
GalaGG702;Q1w2e3r4
GalaGG703;Q1w2e3r4
GalaGG704;Q1w2e3r4
GalaGG705;Q1w2e3r4
GalaGG706;Q1w2e3r4
GalaGG707;Q1w2e3r4
GalaGG708;Q1w2e3r4
GalaGG709;Q1w2e3r4
GalaGG710;Q1w2e3r4
GalaGG711;Q1w2e3r4
GalaGG712;Q1w2e3r4
GalaGG713;Q1w2e3r4
GalaGG714;Q1w2e3r4
GalaGG715;Q1w2e3r4
GalaGG716;Q1w2e3r4
GalaGG717;Q1w2e3r4
GalaGG718;Q1w2e3r4
GalaGG719;Q1w2e3r4
GalaGG720;Q1w2e3r4
GalaGG721;Q1w2e3r4
GalaGG722;Q1w2e3r4
GalaGG723;Q1w2e3r4
GalaGG724;Q1w2e3r4
GalaGG725;Q1w2e3r4
GalaGG726;Q1w2e3r4
GalaGG727;Q1w2e3r4
GalaGG728;Q1w2e3r4
GalaGG729;Q1w2e3r4
GalaGG730;Q1w2e3r4
GalaGG731;Q1w2e3r4
GalaGG732;Q1w2e3r4
GalaGG733;Q1w2e3r4
GalaGG734;Q1w2e3r4
GalaGG735;Q1w2e3r4
GalaGG736;Q1w2e3r4
GalaGG737;Q1w2e3r4
GalaGG738;Q1w2e3r4
GalaGG739;Q1w2e3r4
GalaGG740;Q1w2e3r4
GalaGG741;Q1w2e3r4
GalaGG742;Q1w2e3r4
GalaGG743;Q1w2e3r4
GalaGG744;Q1w2e3r4
GalaGG745;Q1w2e3r4
GalaGG746;Q1w2e3r4
GalaGG747;Q1w2e3r4
GalaGG748;Q1w2e3r4
GalaGG749;Q1w2e3r4
GalaGG750;Q1w2e3r4
GalaGG751;Q1w2e3r4
GalaGG752;Q1w2e3r4
GalaGG753;Q1w2e3r4
GalaGG754;Q1w2e3r4
GalaGG755;Q1w2e3r4
GalaGG756;Q1w2e3r4
GalaGG757;Q1w2e3r4
GalaGG758;Q1w2e3r4
GalaGG759;Q1w2e3r4
GalaGG760;Q1w2e3r4
GalaGG761;Q1w2e3r4
GalaGG762;Q1w2e3r4
GalaGG763;Q1w2e3r4
GalaGG764;Q1w2e3r4
GalaGG765;Q1w2e3r4
GalaGG766;Q1w2e3r4
GalaGG767;Q1w2e3r4
GalaGG768;Q1w2e3r4
GalaGG769;Q1w2e3r4
GalaGG770;Q1w2e3r4
GalaGG771;Q1w2e3r4
GalaGG772;Q1w2e3r4
GalaGG773;Q1w2e3r4
GalaGG774;Q1w2e3r4
GalaGG775;Q1w2e3r4
GalaGG776;Q1w2e3r4
GalaGG777;Q1w2e3r4
GalaGG778;Q1w2e3r4
GalaGG779;Q1w2e3r4
GalaGG780;Q1w2e3r4
GalaGG781;Q1w2e3r4
GalaGG782;Q1w2e3r4
GalaGG783;Q1w2e3r4
GalaGG784;Q1w2e3r4
GalaGG785;Q1w2e3r4
GalaGG786;Q1w2e3r4
GalaGG787;Q1w2e3r4
GalaGG788;Q1w2e3r4
GalaGG789;Q1w2e3r4
GalaGG790;Q1w2e3r4
GalaGG791;Q1w2e3r4
GalaGG792;Q1w2e3r4
GalaGG793;Q1w2e3r4
GalaGG794;Q1w2e3r4
GalaGG795;Q1w2e3r4
GalaGG796;Q1w2e3r4
GalaGG797;Q1w2e3r4
GalaGG798;Q1w2e3r4
GalaGG799;Q1w2e3r4
GalaGG800;Q1w2e3r4
GalaGG801;Q1w2e3r4
GalaGG802;Q1w2e3r4
GalaGG803;Q1w2e3r4
GalaGG804;Q1w2e3r4
GalaGG805;Q1w2e3r4
GalaGG806;Q1w2e3r4
GalaGG807;Q1w2e3r4
GalaGG808;Q1w2e3r4
GalaGG809;Q1w2e3r4
GalaGG810;Q1w2e3r4
GalaGG811;Q1w2e3r4
GalaGG812;Q1w2e3r4
GalaGG813;Q1w2e3r4
GalaGG814;Q1w2e3r4
GalaGG815;Q1w2e3r4
GalaGG816;Q1w2e3r4
GalaGG817;Q1w2e3r4
GalaGG818;Q1w2e3r4
GalaGG819;Q1w2e3r4
GalaGG820;Q1w2e3r4
GalaGG821;Q1w2e3r4
GalaGG822;Q1w2e3r4
GalaGG823;Q1w2e3r4
GalaGG824;Q1w2e3r4
GalaGG825;Q1w2e3r4
GalaGG826;Q1w2e3r4
GalaGG827;Q1w2e3r4
GalaGG828;Q1w2e3r4
GalaGG829;Q1w2e3r4
GalaGG830;Q1w2e3r4
GalaGG831;Q1w2e3r4
GalaGG832;Q1w2e3r4
GalaGG833;Q1w2e3r4
GalaGG834;Q1w2e3r4
GalaGG835;Q1w2e3r4
GalaGG836;Q1w2e3r4
GalaGG837;Q1w2e3r4
GalaGG838;Q1w2e3r4
GalaGG839;Q1w2e3r4
GalaGG840;Q1w2e3r4
GalaGG841;Q1w2e3r4
GalaGG842;Q1w2e3r4
GalaGG843;Q1w2e3r4
GalaGG844;Q1w2e3r4
GalaGG845;Q1w2e3r4
GalaGG846;Q1w2e3r4
GalaGG847;Q1w2e3r4
GalaGG848;Q1w2e3r4
GalaGG849;Q1w2e3r4
GalaGG850;Q1w2e3r4
GalaGG851;Q1w2e3r4
GalaGG852;Q1w2e3r4
GalaGG853;Q1w2e3r4
GalaGG854;Q1w2e3r4
GalaGG855;Q1w2e3r4
GalaGG856;Q1w2e3r4
GalaGG857;Q1w2e3r4
GalaGG858;Q1w2e3r4
GalaGG859;Q1w2e3r4
GalaGG860;Q1w2e3r4
GalaGG861;Q1w2e3r4
GalaGG862;Q1w2e3r4
GalaGG863;Q1w2e3r4
GalaGG864;Q1w2e3r4
GalaGG865;Q1w2e3r4
GalaGG866;Q1w2e3r4
GalaGG867;Q1w2e3r4
GalaGG868;Q1w2e3r4
GalaGG869;Q1w2e3r4
GalaGG870;Q1w2e3r4
GalaGG871;Q1w2e3r4
GalaGG872;Q1w2e3r4
GalaGG873;Q1w2e3r4
GalaGG874;Q1w2e3r4
GalaGG875;Q1w2e3r4
GalaGG876;Q1w2e3r4
GalaGG877;Q1w2e3r4
GalaGG878;Q1w2e3r4
GalaGG879;Q1w2e3r4
GalaGG880;Q1w2e3r4
GalaGG881;Q1w2e3r4
GalaGG882;Q1w2e3r4
GalaGG883;Q1w2e3r4
GalaGG884;Q1w2e3r4
GalaGG885;Q1w2e3r4
GalaGG886;Q1w2e3r4
GalaGG887;Q1w2e3r4
GalaGG888;Q1w2e3r4
GalaGG889;Q1w2e3r4
GalaGG890;Q1w2e3r4
GalaGG891;Q1w2e3r4
GalaGG892;Q1w2e3r4
GalaGG893;Q1w2e3r4
GalaGG894;Q1w2e3r4
GalaGG895;Q1w2e3r4
GalaGG896;Q1w2e3r4
GalaGG897;Q1w2e3r4
GalaGG898;Q1w2e3r4
GalaGG899;Q1w2e3r4
GalaGG900;Q1w2e3r4
GalaGG901;Q1w2e3r4
GalaGG902;Q1w2e3r4
GalaGG903;Q1w2e3r4
GalaGG904;Q1w2e3r4
GalaGG905;Q1w2e3r4
GalaGG906;Q1w2e3r4
GalaGG907;Q1w2e3r4
GalaGG908;Q1w2e3r4
GalaGG909;Q1w2e3r4
GalaGG910;Q1w2e3r4
GalaGG911;Q1w2e3r4
GalaGG912;Q1w2e3r4
GalaGG913;Q1w2e3r4
GalaGG914;Q1w2e3r4
GalaGG915;Q1w2e3r4
GalaGG916;Q1w2e3r4
GalaGG917;Q1w2e3r4
GalaGG918;Q1w2e3r4
GalaGG919;Q1w2e3r4
GalaGG920;Q1w2e3r4
GalaGG921;Q1w2e3r4
GalaGG922;Q1w2e3r4
GalaGG923;Q1w2e3r4
GalaGG924;Q1w2e3r4
GalaGG925;Q1w2e3r4
GalaGG926;Q1w2e3r4
GalaGG927;Q1w2e3r4
GalaGG928;Q1w2e3r4
GalaGG929;Q1w2e3r4
GalaGG930;Q1w2e3r4
GalaGG931;Q1w2e3r4
GalaGG932;Q1w2e3r4
GalaGG933;Q1w2e3r4
GalaGG934;Q1w2e3r4
GalaGG935;Q1w2e3r4
GalaGG936;Q1w2e3r4
GalaGG937;Q1w2e3r4
GalaGG938;Q1w2e3r4
GalaGG939;Q1w2e3r4
GalaGG940;Q1w2e3r4
GalaGG941;Q1w2e3r4
GalaGG942;Q1w2e3r4
GalaGG943;Q1w2e3r4
GalaGG944;Q1w2e3r4
GalaGG945;Q1w2e3r4
GalaGG946;Q1w2e3r4
GalaGG947;Q1w2e3r4
GalaGG948;Q1w2e3r4
GalaGG949;Q1w2e3r4
GalaGG950;Q1w2e3r4
GalaGG951;Q1w2e3r4
GalaGG952;Q1w2e3r4
GalaGG953;Q1w2e3r4
GalaGG954;Q1w2e3r4
GalaGG955;Q1w2e3r4
GalaGG956;Q1w2e3r4
GalaGG957;Q1w2e3r4
GalaGG958;Q1w2e3r4
GalaGG959;Q1w2e3r4
GalaGG960;Q1w2e3r4
GalaGG961;Q1w2e3r4
GalaGG962;Q1w2e3r4
GalaGG963;Q1w2e3r4
GalaGG964;Q1w2e3r4
GalaGG965;Q1w2e3r4
GalaGG966;Q1w2e3r4
GalaGG967;Q1w2e3r4
GalaGG968;Q1w2e3r4
GalaGG969;Q1w2e3r4
GalaGG970;Q1w2e3r4
GalaGG971;Q1w2e3r4
GalaGG972;Q1w2e3r4
GalaGG973;Q1w2e3r4
GalaGG974;Q1w2e3r4
GalaGG975;Q1w2e3r4
GalaGG976;Q1w2e3r4
GalaGG977;Q1w2e3r4
GalaGG978;Q1w2e3r4
GalaGG979;Q1w2e3r4
GalaGG980;Q1w2e3r4
GalaGG981;Q1w2e3r4
GalaGG982;Q1w2e3r4
GalaGG983;Q1w2e3r4
GalaGG984;Q1w2e3r4
GalaGG985;Q1w2e3r4
GalaGG986;Q1w2e3r4
GalaGG987;Q1w2e3r4
GalaGG988;Q1w2e3r4
GalaGG989;Q1w2e3r4
GalaGG990;Q1w2e3r4
GalaGG991;Q1w2e3r4
GalaGG992;Q1w2e3r4
GalaGG993;Q1w2e3r4
GalaGG994;Q1w2e3r4
GalaGG995;Q1w2e3r4
GalaGG996;Q1w2e3r4
GalaGG997;Q1w2e3r4
GalaGG998;Q1w2e3r4
GalaGG999;Q1w2e3r4
GalaGG1000;Q1w2e3r4
GalaGG1001;Q1w2e3r4
GalaGG1002;Q1w2e3r4
GalaGG1003;Q1w2e3r4
GalaGG1004;Q1w2e3r4
GalaGG1005;Q1w2e3r4
GalaGG1006;Q1w2e3r4
GalaGG1007;Q1w2e3r4
GalaGG1008;Q1w2e3r4
GalaGG1009;Q1w2e3r4
GalaGG1010;Q1w2e3r4
GalaGG1011;Q1w2e3r4
GalaGG1012;Q1w2e3r4
GalaGG1013;Q1w2e3r4
GalaGG1014;Q1w2e3r4
GalaGG1015;Q1w2e3r4
GalaGG1016;Q1w2e3r4
GalaGG1017;Q1w2e3r4
GalaGG1018;Q1w2e3r4
GalaGG1019;Q1w2e3r4
GalaGG1020;Q1w2e3r4
GalaGG1021;Q1w2e3r4
GalaGG1022;Q1w2e3r4
GalaGG1023;Q1w2e3r4
GalaGG1024;Q1w2e3r4
GalaGG1025;Q1w2e3r4
GalaGG1026;Q1w2e3r4
GalaGG1027;Q1w2e3r4
GalaGG1028;Q1w2e3r4
GalaGG1029;Q1w2e3r4
GalaGG1030;Q1w2e3r4
GalaGG1031;Q1w2e3r4
GalaGG1032;Q1w2e3r4
GalaGG1033;Q1w2e3r4
GalaGG1034;Q1w2e3r4
GalaGG1035;Q1w2e3r4
GalaGG1036;Q1w2e3r4
GalaGG1037;Q1w2e3r4
GalaGG1038;Q1w2e3r4
GalaGG1039;Q1w2e3r4
GalaGG1040;Q1w2e3r4
GalaGG1041;Q1w2e3r4
GalaGG1042;Q1w2e3r4
GalaGG1043;Q1w2e3r4
GalaGG1044;Q1w2e3r4
GalaGG1045;Q1w2e3r4
GalaGG1046;Q1w2e3r4
GalaGG1047;Q1w2e3r4
GalaGG1048;Q1w2e3r4
GalaGG1049;Q1w2e3r4
GalaGG1050;Q1w2e3r4
GalaGG1051;Q1w2e3r4
GalaGG1052;Q1w2e3r4
GalaGG1053;Q1w2e3r4
GalaGG1054;Q1w2e3r4
GalaGG1055;Q1w2e3r4
GalaGG1056;Q1w2e3r4
GalaGG1057;Q1w2e3r4
GalaGG1058;Q1w2e3r4
GalaGG1059;Q1w2e3r4
GalaGG1060;Q1w2e3r4
GalaGG1061;Q1w2e3r4
GalaGG1062;Q1w2e3r4
GalaGG1063;Q1w2e3r4
GalaGG1064;Q1w2e3r4
GalaGG1065;Q1w2e3r4
GalaGG1066;Q1w2e3r4
GalaGG1067;Q1w2e3r4
GalaGG1068;Q1w2e3r4
GalaGG1069;Q1w2e3r4
GalaGG1070;Q1w2e3r4
GalaGG1071;Q1w2e3r4
GalaGG1072;Q1w2e3r4
GalaGG1073;Q1w2e3r4
GalaGG1074;Q1w2e3r4
GalaGG1075;Q1w2e3r4
GalaGG1076;Q1w2e3r4
GalaGG1077;Q1w2e3r4
GalaGG1078;Q1w2e3r4
GalaGG1079;Q1w2e3r4
GalaGG1080;Q1w2e3r4
GalaGG1081;Q1w2e3r4
GalaGG1082;Q1w2e3r4
GalaGG1083;Q1w2e3r4
GalaGG1084;Q1w2e3r4
GalaGG1085;Q1w2e3r4
GalaGG1086;Q1w2e3r4
GalaGG1087;Q1w2e3r4
GalaGG1088;Q1w2e3r4
GalaGG1089;Q1w2e3r4
GalaGG1090;Q1w2e3r4
GalaGG1091;Q1w2e3r4
GalaGG1092;Q1w2e3r4
GalaGG1093;Q1w2e3r4
GalaGG1094;Q1w2e3r4
GalaGG1095;Q1w2e3r4
GalaGG1096;Q1w2e3r4
GalaGG1097;Q1w2e3r4
GalaGG1098;Q1w2e3r4
GalaGG1099;Q1w2e3r4
GalaGG1100;Q1w2e3r4
GalaGG1101;Q1w2e3r4
GalaGG1102;Q1w2e3r4
GalaGG1103;Q1w2e3r4
GalaGG1104;Q1w2e3r4
GalaGG1105;Q1w2e3r4
GalaGG1106;Q1w2e3r4
GalaGG1107;Q1w2e3r4
GalaGG1108;Q1w2e3r4
GalaGG1109;Q1w2e3r4
GalaGG1110;Q1w2e3r4
GalaGG1111;Q1w2e3r4
GalaGG1112;Q1w2e3r4
GalaGG1113;Q1w2e3r4
GalaGG1114;Q1w2e3r4
GalaGG1115;Q1w2e3r4
GalaGG1116;Q1w2e3r4
GalaGG1117;Q1w2e3r4
GalaGG1118;Q1w2e3r4
GalaGG1119;Q1w2e3r4
GalaGG1120;Q1w2e3r4
GalaGG1121;Q1w2e3r4
GalaGG1122;Q1w2e3r4
GalaGG1123;Q1w2e3r4
GalaGG1124;Q1w2e3r4
GalaGG1125;Q1w2e3r4
GalaGG1126;Q1w2e3r4
GalaGG1127;Q1w2e3r4
GalaGG1128;Q1w2e3r4
GalaGG1129;Q1w2e3r4
GalaGG1130;Q1w2e3r4
GalaGG1131;Q1w2e3r4
GalaGG1132;Q1w2e3r4
GalaGG1133;Q1w2e3r4
GalaGG1134;Q1w2e3r4
GalaGG1135;Q1w2e3r4
GalaGG1136;Q1w2e3r4
GalaGG1137;Q1w2e3r4
GalaGG1138;Q1w2e3r4
GalaGG1139;Q1w2e3r4
GalaGG1140;Q1w2e3r4
GalaGG1141;Q1w2e3r4
GalaGG1142;Q1w2e3r4
GalaGG1143;Q1w2e3r4
GalaGG1144;Q1w2e3r4
GalaGG1145;Q1w2e3r4
GalaGG1146;Q1w2e3r4
GalaGG1147;Q1w2e3r4
GalaGG1148;Q1w2e3r4
GalaGG1149;Q1w2e3r4
GalaGG1150;Q1w2e3r4
GalaGG1151;Q1w2e3r4
GalaGG1152;Q1w2e3r4
GalaGG1153;Q1w2e3r4
GalaGG1154;Q1w2e3r4
GalaGG1155;Q1w2e3r4
GalaGG1156;Q1w2e3r4
GalaGG1157;Q1w2e3r4
GalaGG1158;Q1w2e3r4
GalaGG1159;Q1w2e3r4
GalaGG1160;Q1w2e3r4
GalaGG1161;Q1w2e3r4
GalaGG1162;Q1w2e3r4
GalaGG1163;Q1w2e3r4
GalaGG1164;Q1w2e3r4
GalaGG1165;Q1w2e3r4
GalaGG1166;Q1w2e3r4
GalaGG1167;Q1w2e3r4
GalaGG1168;Q1w2e3r4
GalaGG1169;Q1w2e3r4
GalaGG1170;Q1w2e3r4
GalaGG1171;Q1w2e3r4
GalaGG1172;Q1w2e3r4
GalaGG1173;Q1w2e3r4
GalaGG1174;Q1w2e3r4
GalaGG1175;Q1w2e3r4
GalaGG1176;Q1w2e3r4
GalaGG1177;Q1w2e3r4
GalaGG1178;Q1w2e3r4
GalaGG1179;Q1w2e3r4
GalaGG1180;Q1w2e3r4
GalaGG1181;Q1w2e3r4
GalaGG1182;Q1w2e3r4
GalaGG1183;Q1w2e3r4
GalaGG1184;Q1w2e3r4
GalaGG1185;Q1w2e3r4
GalaGG1186;Q1w2e3r4
GalaGG1187;Q1w2e3r4
GalaGG1188;Q1w2e3r4
GalaGG1189;Q1w2e3r4
GalaGG1190;Q1w2e3r4
GalaGG1191;Q1w2e3r4
GalaGG1192;Q1w2e3r4
GalaGG1193;Q1w2e3r4
GalaGG1194;Q1w2e3r4
GalaGG1195;Q1w2e3r4
GalaGG1196;Q1w2e3r4
GalaGG1197;Q1w2e3r4
GalaGG1198;Q1w2e3r4
GalaGG1199;Q1w2e3r4
GalaGG1200;Q1w2e3r4
GalaGG1201;Q1w2e3r4
GalaGG1202;Q1w2e3r4
GalaGG1203;Q1w2e3r4
GalaGG1204;Q1w2e3r4
GalaGG1205;Q1w2e3r4
GalaGG1206;Q1w2e3r4
GalaGG1207;Q1w2e3r4
GalaGG1208;Q1w2e3r4
GalaGG1209;Q1w2e3r4
GalaGG1210;Q1w2e3r4
GalaGG1211;Q1w2e3r4
GalaGG1212;Q1w2e3r4
GalaGG1213;Q1w2e3r4
GalaGG1214;Q1w2e3r4
GalaGG1215;Q1w2e3r4
GalaGG1216;Q1w2e3r4
GalaGG1217;Q1w2e3r4
GalaGG1218;Q1w2e3r4
GalaGG1219;Q1w2e3r4
GalaGG1220;Q1w2e3r4
GalaGG1221;Q1w2e3r4
GalaGG1222;Q1w2e3r4
GalaGG1223;Q1w2e3r4
GalaGG1224;Q1w2e3r4
GalaGG1225;Q1w2e3r4
GalaGG1226;Q1w2e3r4
GalaGG1227;Q1w2e3r4
GalaGG1228;Q1w2e3r4
GalaGG1229;Q1w2e3r4
GalaGG1230;Q1w2e3r4
GalaGG1231;Q1w2e3r4
GalaGG1232;Q1w2e3r4
GalaGG1233;Q1w2e3r4
GalaGG1234;Q1w2e3r4
GalaGG1235;Q1w2e3r4
GalaGG1236;Q1w2e3r4
GalaGG1237;Q1w2e3r4
GalaGG1238;Q1w2e3r4
GalaGG1239;Q1w2e3r4
GalaGG1240;Q1w2e3r4
GalaGG1241;Q1w2e3r4
GalaGG1242;Q1w2e3r4
GalaGG1243;Q1w2e3r4
GalaGG1244;Q1w2e3r4
GalaGG1245;Q1w2e3r4
GalaGG1246;Q1w2e3r4
GalaGG1247;Q1w2e3r4
GalaGG1248;Q1w2e3r4
GalaGG1249;Q1w2e3r4
GalaGG1250;Q1w2e3r4
GalaGG1251;Q1w2e3r4
GalaGG1252;Q1w2e3r4
GalaGG1253;Q1w2e3r4
GalaGG1254;Q1w2e3r4
GalaGG1255;Q1w2e3r4
GalaGG1256;Q1w2e3r4
GalaGG1257;Q1w2e3r4
GalaGG1258;Q1w2e3r4
GalaGG1259;Q1w2e3r4
GalaGG1260;Q1w2e3r4
GalaGG1261;Q1w2e3r4
GalaGG1262;Q1w2e3r4
GalaGG1263;Q1w2e3r4
GalaGG1264;Q1w2e3r4
GalaGG1265;Q1w2e3r4
GalaGG1266;Q1w2e3r4
GalaGG1267;Q1w2e3r4
GalaGG1268;Q1w2e3r4
GalaGG1269;Q1w2e3r4
GalaGG1270;Q1w2e3r4
GalaGG1271;Q1w2e3r4
GalaGG1272;Q1w2e3r4
GalaGG1273;Q1w2e3r4
GalaGG1274;Q1w2e3r4
GalaGG1275;Q1w2e3r4
GalaGG1276;Q1w2e3r4
GalaGG1277;Q1w2e3r4
GalaGG1278;Q1w2e3r4
GalaGG1279;Q1w2e3r4
GalaGG1280;Q1w2e3r4
GalaGG1281;Q1w2e3r4
GalaGG1282;Q1w2e3r4
GalaGG1283;Q1w2e3r4
GalaGG1284;Q1w2e3r4
GalaGG1285;Q1w2e3r4
GalaGG1286;Q1w2e3r4
GalaGG1287;Q1w2e3r4
GalaGG1288;Q1w2e3r4
GalaGG1289;Q1w2e3r4
GalaGG1290;Q1w2e3r4
GalaGG1291;Q1w2e3r4
GalaGG1292;Q1w2e3r4
GalaGG1293;Q1w2e3r4
GalaGG1294;Q1w2e3r4
GalaGG1295;Q1w2e3r4
GalaGG1296;Q1w2e3r4
GalaGG1297;Q1w2e3r4
GalaGG1298;Q1w2e3r4
GalaGG1299;Q1w2e3r4
GalaGG1300;Q1w2e3r4
GalaGG1301;Q1w2e3r4
GalaGG1302;Q1w2e3r4
GalaGG1303;Q1w2e3r4
GalaGG1304;Q1w2e3r4
GalaGG1305;Q1w2e3r4
GalaGG1306;Q1w2e3r4
GalaGG1307;Q1w2e3r4
GalaGG1308;Q1w2e3r4
GalaGG1309;Q1w2e3r4
GalaGG1310;Q1w2e3r4
GalaGG1311;Q1w2e3r4
GalaGG1312;Q1w2e3r4
GalaGG1313;Q1w2e3r4
GalaGG1314;Q1w2e3r4
GalaGG1315;Q1w2e3r4
GalaGG1316;Q1w2e3r4
GalaGG1317;Q1w2e3r4
GalaGG1318;Q1w2e3r4
GalaGG1319;Q1w2e3r4
GalaGG1320;Q1w2e3r4
GalaGG1321;Q1w2e3r4
GalaGG1322;Q1w2e3r4
GalaGG1323;Q1w2e3r4
GalaGG1324;Q1w2e3r4
GalaGG1325;Q1w2e3r4
GalaGG1326;Q1w2e3r4
GalaGG1327;Q1w2e3r4
GalaGG1328;Q1w2e3r4
GalaGG1329;Q1w2e3r4
GalaGG1330;Q1w2e3r4
GalaGG1331;Q1w2e3r4
GalaGG1332;Q1w2e3r4
GalaGG1333;Q1w2e3r4
GalaGG1334;Q1w2e3r4
GalaGG1335;Q1w2e3r4
GalaGG1336;Q1w2e3r4
GalaGG1337;Q1w2e3r4
GalaGG1338;Q1w2e3r4
GalaGG1339;Q1w2e3r4
GalaGG1340;Q1w2e3r4
GalaGG1341;Q1w2e3r4
GalaGG1342;Q1w2e3r4
GalaGG1343;Q1w2e3r4
GalaGG1344;Q1w2e3r4
GalaGG1345;Q1w2e3r4
GalaGG1346;Q1w2e3r4
GalaGG1347;Q1w2e3r4
GalaGG1348;Q1w2e3r4
GalaGG1349;Q1w2e3r4
GalaGG1350;Q1w2e3r4
GalaGG1351;Q1w2e3r4
GalaGG1352;Q1w2e3r4
GalaGG1353;Q1w2e3r4
GalaGG1354;Q1w2e3r4
GalaGG1355;Q1w2e3r4
GalaGG1356;Q1w2e3r4
GalaGG1357;Q1w2e3r4
GalaGG1358;Q1w2e3r4
GalaGG1359;Q1w2e3r4
GalaGG1360;Q1w2e3r4
GalaGG1361;Q1w2e3r4
GalaGG1362;Q1w2e3r4
GalaGG1363;Q1w2e3r4
GalaGG1364;Q1w2e3r4
GalaGG1365;Q1w2e3r4
GalaGG1366;Q1w2e3r4
GalaGG1367;Q1w2e3r4
GalaGG1368;Q1w2e3r4
GalaGG1369;Q1w2e3r4
GalaGG1370;Q1w2e3r4
GalaGG1371;Q1w2e3r4
GalaGG1372;Q1w2e3r4
GalaGG1373;Q1w2e3r4
GalaGG1374;Q1w2e3r4
GalaGG1375;Q1w2e3r4
GalaGG1376;Q1w2e3r4
GalaGG1377;Q1w2e3r4
GalaGG1378;Q1w2e3r4
GalaGG1379;Q1w2e3r4
GalaGG1380;Q1w2e3r4
GalaGG1381;Q1w2e3r4
GalaGG1382;Q1w2e3r4
GalaGG1383;Q1w2e3r4
GalaGG1384;Q1w2e3r4
GalaGG1385;Q1w2e3r4
GalaGG1386;Q1w2e3r4
GalaGG1387;Q1w2e3r4
GalaGG1388;Q1w2e3r4
GalaGG1389;Q1w2e3r4
GalaGG1390;Q1w2e3r4
GalaGG1391;Q1w2e3r4
GalaGG1392;Q1w2e3r4
GalaGG1393;Q1w2e3r4
GalaGG1394;Q1w2e3r4
GalaGG1395;Q1w2e3r4
GalaGG1396;Q1w2e3r4
GalaGG1397;Q1w2e3r4
GalaGG1398;Q1w2e3r4
GalaGG1399;Q1w2e3r4
GalaGG1400;Q1w2e3r4
GalaGG1401;Q1w2e3r4
GalaGG1402;Q1w2e3r4
GalaGG1403;Q1w2e3r4
GalaGG1404;Q1w2e3r4
GalaGG1405;Q1w2e3r4
GalaGG1406;Q1w2e3r4
GalaGG1407;Q1w2e3r4
GalaGG1408;Q1w2e3r4
GalaGG1409;Q1w2e3r4
GalaGG1410;Q1w2e3r4
GalaGG1411;Q1w2e3r4
GalaGG1412;Q1w2e3r4
GalaGG1413;Q1w2e3r4
GalaGG1414;Q1w2e3r4
GalaGG1415;Q1w2e3r4
GalaGG1416;Q1w2e3r4
GalaGG1417;Q1w2e3r4
GalaGG1418;Q1w2e3r4
GalaGG1419;Q1w2e3r4
GalaGG1420;Q1w2e3r4
GalaGG1421;Q1w2e3r4
GalaGG1422;Q1w2e3r4
GalaGG1423;Q1w2e3r4
GalaGG1424;Q1w2e3r4
GalaGG1425;Q1w2e3r4
GalaGG1426;Q1w2e3r4
GalaGG1427;Q1w2e3r4
GalaGG1428;Q1w2e3r4
GalaGG1429;Q1w2e3r4
GalaGG1430;Q1w2e3r4
GalaGG1431;Q1w2e3r4
GalaGG1432;Q1w2e3r4
GalaGG1433;Q1w2e3r4
GalaGG1434;Q1w2e3r4
GalaGG1435;Q1w2e3r4
GalaGG1436;Q1w2e3r4
GalaGG1437;Q1w2e3r4
GalaGG1438;Q1w2e3r4
GalaGG1439;Q1w2e3r4
GalaGG1440;Q1w2e3r4
GalaGG1441;Q1w2e3r4
GalaGG1442;Q1w2e3r4
GalaGG1443;Q1w2e3r4
GalaGG1444;Q1w2e3r4
GalaGG1445;Q1w2e3r4
GalaGG1446;Q1w2e3r4
GalaGG1447;Q1w2e3r4
GalaGG1448;Q1w2e3r4
GalaGG1449;Q1w2e3r4
GalaGG1450;Q1w2e3r4
GalaGG1451;Q1w2e3r4
GalaGG1452;Q1w2e3r4
GalaGG1453;Q1w2e3r4
GalaGG1454;Q1w2e3r4
GalaGG1455;Q1w2e3r4
GalaGG1456;Q1w2e3r4
GalaGG1457;Q1w2e3r4
GalaGG1458;Q1w2e3r4
GalaGG1459;Q1w2e3r4
GalaGG1460;Q1w2e3r4
GalaGG1461;Q1w2e3r4
GalaGG1462;Q1w2e3r4
GalaGG1463;Q1w2e3r4
GalaGG1464;Q1w2e3r4
GalaGG1465;Q1w2e3r4
GalaGG1466;Q1w2e3r4
GalaGG1467;Q1w2e3r4
GalaGG1468;Q1w2e3r4
GalaGG1469;Q1w2e3r4
GalaGG1470;Q1w2e3r4
GalaGG1471;Q1w2e3r4
GalaGG1472;Q1w2e3r4
GalaGG1473;Q1w2e3r4
GalaGG1474;Q1w2e3r4
GalaGG1475;Q1w2e3r4
GalaGG1476;Q1w2e3r4
GalaGG1477;Q1w2e3r4
GalaGG1478;Q1w2e3r4
GalaGG1479;Q1w2e3r4
GalaGG1480;Q1w2e3r4
GalaGG1481;Q1w2e3r4
GalaGG1482;Q1w2e3r4
GalaGG1483;Q1w2e3r4
GalaGG1484;Q1w2e3r4
GalaGG1485;Q1w2e3r4
GalaGG1486;Q1w2e3r4
GalaGG1487;Q1w2e3r4
GalaGG1488;Q1w2e3r4
GalaGG1489;Q1w2e3r4
GalaGG1490;Q1w2e3r4
GalaGG1491;Q1w2e3r4
GalaGG1492;Q1w2e3r4
GalaGG1493;Q1w2e3r4
GalaGG1494;Q1w2e3r4
GalaGG1495;Q1w2e3r4
GalaGG1496;Q1w2e3r4
GalaGG1497;Q1w2e3r4
GalaGG1498;Q1w2e3r4
GalaGG1499;Q1w2e3r4
GalaGG1500;Q1w2e3r4
GalaGG1501;Q1w2e3r4
GalaGG1502;Q1w2e3r4
GalaGG1503;Q1w2e3r4
GalaGG1504;Q1w2e3r4
GalaGG1505;Q1w2e3r4
GalaGG1506;Q1w2e3r4
GalaGG1507;Q1w2e3r4
GalaGG1508;Q1w2e3r4
GalaGG1509;Q1w2e3r4
GalaGG1510;Q1w2e3r4
GalaGG1511;Q1w2e3r4
GalaGG1512;Q1w2e3r4
GalaGG1513;Q1w2e3r4
GalaGG1514;Q1w2e3r4
GalaGG1515;Q1w2e3r4
GalaGG1516;Q1w2e3r4
GalaGG1517;Q1w2e3r4
GalaGG1518;Q1w2e3r4
GalaGG1519;Q1w2e3r4
GalaGG1520;Q1w2e3r4
GalaGG1521;Q1w2e3r4
GalaGG1522;Q1w2e3r4
GalaGG1523;Q1w2e3r4
GalaGG1524;Q1w2e3r4
GalaGG1525;Q1w2e3r4
GalaGG1526;Q1w2e3r4
GalaGG1527;Q1w2e3r4
GalaGG1528;Q1w2e3r4
GalaGG1529;Q1w2e3r4
GalaGG1530;Q1w2e3r4
GalaGG1531;Q1w2e3r4
GalaGG1532;Q1w2e3r4
GalaGG1533;Q1w2e3r4
GalaGG1534;Q1w2e3r4
GalaGG1535;Q1w2e3r4
GalaGG1536;Q1w2e3r4
GalaGG1537;Q1w2e3r4
GalaGG1538;Q1w2e3r4
GalaGG1539;Q1w2e3r4
GalaGG1540;Q1w2e3r4
GalaGG1541;Q1w2e3r4
GalaGG1542;Q1w2e3r4
GalaGG1543;Q1w2e3r4
GalaGG1544;Q1w2e3r4
GalaGG1545;Q1w2e3r4
GalaGG1546;Q1w2e3r4
GalaGG1547;Q1w2e3r4
GalaGG1548;Q1w2e3r4
GalaGG1549;Q1w2e3r4
GalaGG1550;Q1w2e3r4
GalaGG1551;Q1w2e3r4
GalaGG1552;Q1w2e3r4
GalaGG1553;Q1w2e3r4
GalaGG1554;Q1w2e3r4
GalaGG1555;Q1w2e3r4
GalaGG1556;Q1w2e3r4
GalaGG1557;Q1w2e3r4
GalaGG1558;Q1w2e3r4
GalaGG1559;Q1w2e3r4
GalaGG1560;Q1w2e3r4
GalaGG1561;Q1w2e3r4
GalaGG1562;Q1w2e3r4
GalaGG1563;Q1w2e3r4
GalaGG1564;Q1w2e3r4
GalaGG1565;Q1w2e3r4
GalaGG1566;Q1w2e3r4
GalaGG1567;Q1w2e3r4
GalaGG1568;Q1w2e3r4
GalaGG1569;Q1w2e3r4
GalaGG1570;Q1w2e3r4
GalaGG1571;Q1w2e3r4
GalaGG1572;Q1w2e3r4
GalaGG1573;Q1w2e3r4
GalaGG1574;Q1w2e3r4
GalaGG1575;Q1w2e3r4
GalaGG1576;Q1w2e3r4
GalaGG1577;Q1w2e3r4
GalaGG1578;Q1w2e3r4
GalaGG1579;Q1w2e3r4
GalaGG1580;Q1w2e3r4
GalaGG1581;Q1w2e3r4
GalaGG1582;Q1w2e3r4
GalaGG1583;Q1w2e3r4
GalaGG1584;Q1w2e3r4
GalaGG1585;Q1w2e3r4
GalaGG1586;Q1w2e3r4
GalaGG1587;Q1w2e3r4
GalaGG1588;Q1w2e3r4
GalaGG1589;Q1w2e3r4
GalaGG1590;Q1w2e3r4
GalaGG1591;Q1w2e3r4
GalaGG1592;Q1w2e3r4
GalaGG1593;Q1w2e3r4
GalaGG1594;Q1w2e3r4
GalaGG1595;Q1w2e3r4
GalaGG1596;Q1w2e3r4
GalaGG1597;Q1w2e3r4
GalaGG1598;Q1w2e3r4
GalaGG1599;Q1w2e3r4
GalaGG1600;Q1w2e3r4
GalaGG1601;Q1w2e3r4
GalaGG1602;Q1w2e3r4
GalaGG1603;Q1w2e3r4
GalaGG1604;Q1w2e3r4
GalaGG1605;Q1w2e3r4
GalaGG1606;Q1w2e3r4
GalaGG1607;Q1w2e3r4
GalaGG1608;Q1w2e3r4
GalaGG1609;Q1w2e3r4
GalaGG1610;Q1w2e3r4
GalaGG1611;Q1w2e3r4
GalaGG1612;Q1w2e3r4
GalaGG1613;Q1w2e3r4
GalaGG1614;Q1w2e3r4
GalaGG1615;Q1w2e3r4
GalaGG1616;Q1w2e3r4
GalaGG1617;Q1w2e3r4
GalaGG1618;Q1w2e3r4
GalaGG1619;Q1w2e3r4
GalaGG1620;Q1w2e3r4
GalaGG1621;Q1w2e3r4
GalaGG1622;Q1w2e3r4
GalaGG1623;Q1w2e3r4
GalaGG1624;Q1w2e3r4
GalaGG1625;Q1w2e3r4
GalaGG1626;Q1w2e3r4
GalaGG1627;Q1w2e3r4
GalaGG1628;Q1w2e3r4
GalaGG1629;Q1w2e3r4
GalaGG1630;Q1w2e3r4
GalaGG1631;Q1w2e3r4
GalaGG1632;Q1w2e3r4
GalaGG1633;Q1w2e3r4
GalaGG1634;Q1w2e3r4
GalaGG1635;Q1w2e3r4
GalaGG1636;Q1w2e3r4
GalaGG1637;Q1w2e3r4
GalaGG1638;Q1w2e3r4
GalaGG1639;Q1w2e3r4
GalaGG1640;Q1w2e3r4
GalaGG1641;Q1w2e3r4
GalaGG1642;Q1w2e3r4
GalaGG1643;Q1w2e3r4
GalaGG1644;Q1w2e3r4
GalaGG1645;Q1w2e3r4
GalaGG1646;Q1w2e3r4
GalaGG1647;Q1w2e3r4
GalaGG1648;Q1w2e3r4
GalaGG1649;Q1w2e3r4
GalaGG1650;Q1w2e3r4
GalaGG1651;Q1w2e3r4
GalaGG1652;Q1w2e3r4
GalaGG1653;Q1w2e3r4
GalaGG1654;Q1w2e3r4
GalaGG1655;Q1w2e3r4
GalaGG1656;Q1w2e3r4
GalaGG1657;Q1w2e3r4
GalaGG1658;Q1w2e3r4
GalaGG1659;Q1w2e3r4
GalaGG1660;Q1w2e3r4
GalaGG1661;Q1w2e3r4
GalaGG1662;Q1w2e3r4
GalaGG1663;Q1w2e3r4
GalaGG1664;Q1w2e3r4
GalaGG1665;Q1w2e3r4
GalaGG1666;Q1w2e3r4
GalaGG1667;Q1w2e3r4
GalaGG1668;Q1w2e3r4
GalaGG1669;Q1w2e3r4
GalaGG1670;Q1w2e3r4
GalaGG1671;Q1w2e3r4
GalaGG1672;Q1w2e3r4
GalaGG1673;Q1w2e3r4
GalaGG1674;Q1w2e3r4
GalaGG1675;Q1w2e3r4
GalaGG1676;Q1w2e3r4
GalaGG1677;Q1w2e3r4
GalaGG1678;Q1w2e3r4
GalaGG1679;Q1w2e3r4
GalaGG1680;Q1w2e3r4
GalaGG1681;Q1w2e3r4
GalaGG1682;Q1w2e3r4
GalaGG1683;Q1w2e3r4
GalaGG1684;Q1w2e3r4
GalaGG1685;Q1w2e3r4
GalaGG1686;Q1w2e3r4
GalaGG1687;Q1w2e3r4
GalaGG1688;Q1w2e3r4
GalaGG1689;Q1w2e3r4
GalaGG1690;Q1w2e3r4
GalaGG1691;Q1w2e3r4
GalaGG1692;Q1w2e3r4
GalaGG1693;Q1w2e3r4
GalaGG1694;Q1w2e3r4
GalaGG1695;Q1w2e3r4
GalaGG1696;Q1w2e3r4
GalaGG1697;Q1w2e3r4
GalaGG1698;Q1w2e3r4
GalaGG1699;Q1w2e3r4
GalaGG1700;Q1w2e3r4
GalaGG1701;Q1w2e3r4
GalaGG1702;Q1w2e3r4
GalaGG1703;Q1w2e3r4
GalaGG1704;Q1w2e3r4
GalaGG1705;Q1w2e3r4
GalaGG1706;Q1w2e3r4
GalaGG1707;Q1w2e3r4
GalaGG1708;Q1w2e3r4
GalaGG1709;Q1w2e3r4
GalaGG1710;Q1w2e3r4
GalaGG1711;Q1w2e3r4
GalaGG1712;Q1w2e3r4
GalaGG1713;Q1w2e3r4
GalaGG1714;Q1w2e3r4
GalaGG1715;Q1w2e3r4
GalaGG1716;Q1w2e3r4
GalaGG1717;Q1w2e3r4
GalaGG1718;Q1w2e3r4
GalaGG1719;Q1w2e3r4
GalaGG1720;Q1w2e3r4
GalaGG1721;Q1w2e3r4
GalaGG1722;Q1w2e3r4
GalaGG1723;Q1w2e3r4
GalaGG1724;Q1w2e3r4
GalaGG1725;Q1w2e3r4
GalaGG1726;Q1w2e3r4
GalaGG1727;Q1w2e3r4
GalaGG1728;Q1w2e3r4
GalaGG1729;Q1w2e3r4
GalaGG1730;Q1w2e3r4
GalaGG1731;Q1w2e3r4
GalaGG1732;Q1w2e3r4
GalaGG1733;Q1w2e3r4
GalaGG1734;Q1w2e3r4
GalaGG1735;Q1w2e3r4
GalaGG1736;Q1w2e3r4
GalaGG1737;Q1w2e3r4
GalaGG1738;Q1w2e3r4
GalaGG1739;Q1w2e3r4
GalaGG1740;Q1w2e3r4
GalaGG1741;Q1w2e3r4
GalaGG1742;Q1w2e3r4
GalaGG1743;Q1w2e3r4
GalaGG1744;Q1w2e3r4
GalaGG1745;Q1w2e3r4
GalaGG1746;Q1w2e3r4
GalaGG1747;Q1w2e3r4
GalaGG1748;Q1w2e3r4
GalaGG1749;Q1w2e3r4
GalaGG1750;Q1w2e3r4
GalaGG1751;Q1w2e3r4
GalaGG1752;Q1w2e3r4
GalaGG1753;Q1w2e3r4
GalaGG1754;Q1w2e3r4
GalaGG1755;Q1w2e3r4
GalaGG1756;Q1w2e3r4
GalaGG1757;Q1w2e3r4
GalaGG1758;Q1w2e3r4
GalaGG1759;Q1w2e3r4
GalaGG1760;Q1w2e3r4
GalaGG1761;Q1w2e3r4
GalaGG1762;Q1w2e3r4
GalaGG1763;Q1w2e3r4
GalaGG1764;Q1w2e3r4
GalaGG1765;Q1w2e3r4
GalaGG1766;Q1w2e3r4
GalaGG1767;Q1w2e3r4
GalaGG1768;Q1w2e3r4
GalaGG1769;Q1w2e3r4
GalaGG1770;Q1w2e3r4
GalaGG1771;Q1w2e3r4
GalaGG1772;Q1w2e3r4
GalaGG1773;Q1w2e3r4
GalaGG1774;Q1w2e3r4
GalaGG1775;Q1w2e3r4
GalaGG1776;Q1w2e3r4
GalaGG1777;Q1w2e3r4
GalaGG1778;Q1w2e3r4
GalaGG1779;Q1w2e3r4
GalaGG1780;Q1w2e3r4
GalaGG1781;Q1w2e3r4
GalaGG1782;Q1w2e3r4
GalaGG1783;Q1w2e3r4
GalaGG1784;Q1w2e3r4
GalaGG1785;Q1w2e3r4
GalaGG1786;Q1w2e3r4
GalaGG1787;Q1w2e3r4
GalaGG1788;Q1w2e3r4
GalaGG1789;Q1w2e3r4
GalaGG1790;Q1w2e3r4
GalaGG1791;Q1w2e3r4
GalaGG1792;Q1w2e3r4
GalaGG1793;Q1w2e3r4
GalaGG1794;Q1w2e3r4
GalaGG1795;Q1w2e3r4
GalaGG1796;Q1w2e3r4
GalaGG1797;Q1w2e3r4
GalaGG1798;Q1w2e3r4
GalaGG1799;Q1w2e3r4
GalaGG1800;Q1w2e3r4
GalaGG1801;Q1w2e3r4
GalaGG1802;Q1w2e3r4
GalaGG1803;Q1w2e3r4
GalaGG1804;Q1w2e3r4
GalaGG1805;Q1w2e3r4
GalaGG1806;Q1w2e3r4
GalaGG1807;Q1w2e3r4
GalaGG1808;Q1w2e3r4
GalaGG1809;Q1w2e3r4
GalaGG1810;Q1w2e3r4
GalaGG1811;Q1w2e3r4
GalaGG1812;Q1w2e3r4
GalaGG1813;Q1w2e3r4
GalaGG1814;Q1w2e3r4
GalaGG1815;Q1w2e3r4
GalaGG1816;Q1w2e3r4
GalaGG1817;Q1w2e3r4
GalaGG1818;Q1w2e3r4
GalaGG1819;Q1w2e3r4
GalaGG1820;Q1w2e3r4
GalaGG1821;Q1w2e3r4
GalaGG1822;Q1w2e3r4
GalaGG1823;Q1w2e3r4
GalaGG1824;Q1w2e3r4
GalaGG1825;Q1w2e3r4
GalaGG1826;Q1w2e3r4
GalaGG1827;Q1w2e3r4
GalaGG1828;Q1w2e3r4
GalaGG1829;Q1w2e3r4
GalaGG1830;Q1w2e3r4
GalaGG1831;Q1w2e3r4
GalaGG1832;Q1w2e3r4
GalaGG1833;Q1w2e3r4
GalaGG1834;Q1w2e3r4
GalaGG1835;Q1w2e3r4
GalaGG1836;Q1w2e3r4
GalaGG1837;Q1w2e3r4
GalaGG1838;Q1w2e3r4
GalaGG1839;Q1w2e3r4
GalaGG1840;Q1w2e3r4
GalaGG1841;Q1w2e3r4
GalaGG1842;Q1w2e3r4
GalaGG1843;Q1w2e3r4
GalaGG1844;Q1w2e3r4
GalaGG1845;Q1w2e3r4
GalaGG1846;Q1w2e3r4
GalaGG1847;Q1w2e3r4
GalaGG1848;Q1w2e3r4
GalaGG1849;Q1w2e3r4
GalaGG1850;Q1w2e3r4
GalaGG1851;Q1w2e3r4
GalaGG1852;Q1w2e3r4
GalaGG1853;Q1w2e3r4
GalaGG1854;Q1w2e3r4
GalaGG1855;Q1w2e3r4
GalaGG1856;Q1w2e3r4
GalaGG1857;Q1w2e3r4
GalaGG1858;Q1w2e3r4
GalaGG1859;Q1w2e3r4
GalaGG1860;Q1w2e3r4
GalaGG1861;Q1w2e3r4
GalaGG1862;Q1w2e3r4
GalaGG1863;Q1w2e3r4
GalaGG1864;Q1w2e3r4
GalaGG1865;Q1w2e3r4
GalaGG1866;Q1w2e3r4
GalaGG1867;Q1w2e3r4
GalaGG1868;Q1w2e3r4
GalaGG1869;Q1w2e3r4
GalaGG1870;Q1w2e3r4
GalaGG1871;Q1w2e3r4
GalaGG1872;Q1w2e3r4
GalaGG1873;Q1w2e3r4
GalaGG1874;Q1w2e3r4
GalaGG1875;Q1w2e3r4
GalaGG1876;Q1w2e3r4
GalaGG1877;Q1w2e3r4
GalaGG1878;Q1w2e3r4
GalaGG1879;Q1w2e3r4
GalaGG1880;Q1w2e3r4
GalaGG1881;Q1w2e3r4
GalaGG1882;Q1w2e3r4
GalaGG1883;Q1w2e3r4
GalaGG1884;Q1w2e3r4
GalaGG1885;Q1w2e3r4
GalaGG1886;Q1w2e3r4
GalaGG1887;Q1w2e3r4
GalaGG1888;Q1w2e3r4
GalaGG1889;Q1w2e3r4
GalaGG1890;Q1w2e3r4
GalaGG1891;Q1w2e3r4
GalaGG1892;Q1w2e3r4
GalaGG1893;Q1w2e3r4
GalaGG1894;Q1w2e3r4
GalaGG1895;Q1w2e3r4
GalaGG1896;Q1w2e3r4
GalaGG1897;Q1w2e3r4
GalaGG1898;Q1w2e3r4
GalaGG1899;Q1w2e3r4
GalaGG1900;Q1w2e3r4
GalaGG1901;Q1w2e3r4
GalaGG1902;Q1w2e3r4
GalaGG1903;Q1w2e3r4
GalaGG1904;Q1w2e3r4
GalaGG1905;Q1w2e3r4
GalaGG1906;Q1w2e3r4
GalaGG1907;Q1w2e3r4
GalaGG1908;Q1w2e3r4
GalaGG1909;Q1w2e3r4
GalaGG1910;Q1w2e3r4
GalaGG1911;Q1w2e3r4
GalaGG1912;Q1w2e3r4
GalaGG1913;Q1w2e3r4
GalaGG1914;Q1w2e3r4
GalaGG1915;Q1w2e3r4
GalaGG1916;Q1w2e3r4
GalaGG1917;Q1w2e3r4
GalaGG1918;Q1w2e3r4
GalaGG1919;Q1w2e3r4
GalaGG1920;Q1w2e3r4
GalaGG1921;Q1w2e3r4
GalaGG1922;Q1w2e3r4
GalaGG1923;Q1w2e3r4
GalaGG1924;Q1w2e3r4
GalaGG1925;Q1w2e3r4
GalaGG1926;Q1w2e3r4
GalaGG1927;Q1w2e3r4
GalaGG1928;Q1w2e3r4
GalaGG1929;Q1w2e3r4
GalaGG1930;Q1w2e3r4
GalaGG1931;Q1w2e3r4
GalaGG1932;Q1w2e3r4
GalaGG1933;Q1w2e3r4
GalaGG1934;Q1w2e3r4
GalaGG1935;Q1w2e3r4
GalaGG1936;Q1w2e3r4
GalaGG1937;Q1w2e3r4
GalaGG1938;Q1w2e3r4
GalaGG1939;Q1w2e3r4
GalaGG1940;Q1w2e3r4
GalaGG1941;Q1w2e3r4
GalaGG1942;Q1w2e3r4
GalaGG1943;Q1w2e3r4
GalaGG1944;Q1w2e3r4
GalaGG1945;Q1w2e3r4
GalaGG1946;Q1w2e3r4
GalaGG1947;Q1w2e3r4
GalaGG1948;Q1w2e3r4
GalaGG1949;Q1w2e3r4
GalaGG1950;Q1w2e3r4
GalaGG1951;Q1w2e3r4
GalaGG1952;Q1w2e3r4
GalaGG1953;Q1w2e3r4
GalaGG1954;Q1w2e3r4
GalaGG1955;Q1w2e3r4
GalaGG1956;Q1w2e3r4
GalaGG1957;Q1w2e3r4
GalaGG1958;Q1w2e3r4
GalaGG1959;Q1w2e3r4
GalaGG1960;Q1w2e3r4
GalaGG1961;Q1w2e3r4
GalaGG1962;Q1w2e3r4
GalaGG1963;Q1w2e3r4
GalaGG1964;Q1w2e3r4
GalaGG1965;Q1w2e3r4
GalaGG1966;Q1w2e3r4
GalaGG1967;Q1w2e3r4
GalaGG1968;Q1w2e3r4
GalaGG1969;Q1w2e3r4
GalaGG1970;Q1w2e3r4
GalaGG1971;Q1w2e3r4
GalaGG1972;Q1w2e3r4
GalaGG1973;Q1w2e3r4
GalaGG1974;Q1w2e3r4
GalaGG1975;Q1w2e3r4
GalaGG1976;Q1w2e3r4
GalaGG1977;Q1w2e3r4
GalaGG1978;Q1w2e3r4
GalaGG1979;Q1w2e3r4
GalaGG1980;Q1w2e3r4
GalaGG1981;Q1w2e3r4
GalaGG1982;Q1w2e3r4
GalaGG1983;Q1w2e3r4
GalaGG1984;Q1w2e3r4
GalaGG1985;Q1w2e3r4
GalaGG1986;Q1w2e3r4
GalaGG1987;Q1w2e3r4
GalaGG1988;Q1w2e3r4
GalaGG1989;Q1w2e3r4
GalaGG1990;Q1w2e3r4
GalaGG1991;Q1w2e3r4
GalaGG1992;Q1w2e3r4
GalaGG1993;Q1w2e3r4
GalaGG1994;Q1w2e3r4
GalaGG1995;Q1w2e3r4
GalaGG1996;Q1w2e3r4
GalaGG1997;Q1w2e3r4
GalaGG1998;Q1w2e3r4
GalaGG1999;Q1w2e3r4
GalaGG2000;Q1w2e3r4
GalaGG2001;Q1w2e3r4
GalaGG2002;Q1w2e3r4
GalaGG2003;Q1w2e3r4
GalaGG2004;Q1w2e3r4
GalaGG2005;Q1w2e3r4
GalaGG2006;Q1w2e3r4
GalaGG2007;Q1w2e3r4
GalaGG2008;Q1w2e3r4
GalaGG2009;Q1w2e3r4
GalaGG2010;Q1w2e3r4
GalaGG2011;Q1w2e3r4
GalaGG2012;Q1w2e3r4
GalaGG2013;Q1w2e3r4
GalaGG2014;Q1w2e3r4
GalaGG2015;Q1w2e3r4
GalaGG2016;Q1w2e3r4
GalaGG2017;Q1w2e3r4
GalaGG2018;Q1w2e3r4
GalaGG2019;Q1w2e3r4
GalaGG2020;Q1w2e3r4
GalaGG2021;Q1w2e3r4
GalaGG2022;Q1w2e3r4
GalaGG2023;Q1w2e3r4
GalaGG2024;Q1w2e3r4
GalaGG2025;Q1w2e3r4
GalaGG2026;Q1w2e3r4
GalaGG2027;Q1w2e3r4
GalaGG2028;Q1w2e3r4
GalaGG2029;Q1w2e3r4
GalaGG2030;Q1w2e3r4
GalaGG2031;Q1w2e3r4
GalaGG2032;Q1w2e3r4
GalaGG2033;Q1w2e3r4
GalaGG2034;Q1w2e3r4
GalaGG2035;Q1w2e3r4
GalaGG2036;Q1w2e3r4
GalaGG2037;Q1w2e3r4
GalaGG2038;Q1w2e3r4
GalaGG2039;Q1w2e3r4
GalaGG2040;Q1w2e3r4
GalaGG2041;Q1w2e3r4
GalaGG2042;Q1w2e3r4
GalaGG2043;Q1w2e3r4
GalaGG2044;Q1w2e3r4
GalaGG2045;Q1w2e3r4
GalaGG2046;Q1w2e3r4
GalaGG2047;Q1w2e3r4
GalaGG2048;Q1w2e3r4
GalaGG2049;Q1w2e3r4
GalaGG2050;Q1w2e3r4
GalaGG2051;Q1w2e3r4
GalaGG2052;Q1w2e3r4
GalaGG2053;Q1w2e3r4
GalaGG2054;Q1w2e3r4
GalaGG2055;Q1w2e3r4
GalaGG2056;Q1w2e3r4
GalaGG2057;Q1w2e3r4
GalaGG2058;Q1w2e3r4
GalaGG2059;Q1w2e3r4
GalaGG2060;Q1w2e3r4
GalaGG2061;Q1w2e3r4
GalaGG2062;Q1w2e3r4
GalaGG2063;Q1w2e3r4
GalaGG2064;Q1w2e3r4
GalaGG2065;Q1w2e3r4
GalaGG2066;Q1w2e3r4
GalaGG2067;Q1w2e3r4
GalaGG2068;Q1w2e3r4
GalaGG2069;Q1w2e3r4
GalaGG2070;Q1w2e3r4
GalaGG2071;Q1w2e3r4
GalaGG2072;Q1w2e3r4
GalaGG2073;Q1w2e3r4
GalaGG2074;Q1w2e3r4
GalaGG2075;Q1w2e3r4
GalaGG2076;Q1w2e3r4
GalaGG2077;Q1w2e3r4
GalaGG2078;Q1w2e3r4
GalaGG2079;Q1w2e3r4
GalaGG2080;Q1w2e3r4
GalaGG2081;Q1w2e3r4
GalaGG2082;Q1w2e3r4
GalaGG2083;Q1w2e3r4
GalaGG2084;Q1w2e3r4
GalaGG2085;Q1w2e3r4
GalaGG2086;Q1w2e3r4
GalaGG2087;Q1w2e3r4
GalaGG2088;Q1w2e3r4
GalaGG2089;Q1w2e3r4
GalaGG2090;Q1w2e3r4
GalaGG2091;Q1w2e3r4
GalaGG2092;Q1w2e3r4
GalaGG2093;Q1w2e3r4
GalaGG2094;Q1w2e3r4
GalaGG2095;Q1w2e3r4
GalaGG2096;Q1w2e3r4
GalaGG2097;Q1w2e3r4
GalaGG2098;Q1w2e3r4
GalaGG2099;Q1w2e3r4
GalaGG2100;Q1w2e3r4
GalaGG2101;Q1w2e3r4
GalaGG2102;Q1w2e3r4
GalaGG2103;Q1w2e3r4
GalaGG2104;Q1w2e3r4
GalaGG2105;Q1w2e3r4
GalaGG2106;Q1w2e3r4
GalaGG2107;Q1w2e3r4
GalaGG2108;Q1w2e3r4
GalaGG2109;Q1w2e3r4
GalaGG2110;Q1w2e3r4
GalaGG2111;Q1w2e3r4
GalaGG2112;Q1w2e3r4
GalaGG2113;Q1w2e3r4
GalaGG2114;Q1w2e3r4
GalaGG2115;Q1w2e3r4
GalaGG2116;Q1w2e3r4
GalaGG2117;Q1w2e3r4
GalaGG2118;Q1w2e3r4
GalaGG2119;Q1w2e3r4
GalaGG2120;Q1w2e3r4
GalaGG2121;Q1w2e3r4
GalaGG2122;Q1w2e3r4
GalaGG2123;Q1w2e3r4
GalaGG2124;Q1w2e3r4
GalaGG2125;Q1w2e3r4
GalaGG2126;Q1w2e3r4
GalaGG2127;Q1w2e3r4
GalaGG2128;Q1w2e3r4
GalaGG2129;Q1w2e3r4
GalaGG2130;Q1w2e3r4
GalaGG2131;Q1w2e3r4
GalaGG2132;Q1w2e3r4
GalaGG2133;Q1w2e3r4
GalaGG2134;Q1w2e3r4
GalaGG2135;Q1w2e3r4
GalaGG2136;Q1w2e3r4
GalaGG2137;Q1w2e3r4
GalaGG2138;Q1w2e3r4
GalaGG2139;Q1w2e3r4
GalaGG2140;Q1w2e3r4
GalaGG2141;Q1w2e3r4
GalaGG2142;Q1w2e3r4
GalaGG2143;Q1w2e3r4
GalaGG2144;Q1w2e3r4
GalaGG2145;Q1w2e3r4
GalaGG2146;Q1w2e3r4
GalaGG2147;Q1w2e3r4
GalaGG2148;Q1w2e3r4
GalaGG2149;Q1w2e3r4
GalaGG2150;Q1w2e3r4
GalaGG2151;Q1w2e3r4
GalaGG2152;Q1w2e3r4
GalaGG2153;Q1w2e3r4
GalaGG2154;Q1w2e3r4
GalaGG2155;Q1w2e3r4
GalaGG2156;Q1w2e3r4
GalaGG2157;Q1w2e3r4
GalaGG2158;Q1w2e3r4
GalaGG2159;Q1w2e3r4
GalaGG2160;Q1w2e3r4
GalaGG2161;Q1w2e3r4
GalaGG2162;Q1w2e3r4
GalaGG2163;Q1w2e3r4
GalaGG2164;Q1w2e3r4
GalaGG2165;Q1w2e3r4
GalaGG2166;Q1w2e3r4
GalaGG2167;Q1w2e3r4
GalaGG2168;Q1w2e3r4
GalaGG2169;Q1w2e3r4
GalaGG2170;Q1w2e3r4
GalaGG2171;Q1w2e3r4
GalaGG2172;Q1w2e3r4
GalaGG2173;Q1w2e3r4
GalaGG2174;Q1w2e3r4
GalaGG2175;Q1w2e3r4
GalaGG2176;Q1w2e3r4
GalaGG2177;Q1w2e3r4
GalaGG2178;Q1w2e3r4
GalaGG2179;Q1w2e3r4
GalaGG2180;Q1w2e3r4
GalaGG2181;Q1w2e3r4
GalaGG2182;Q1w2e3r4
GalaGG2183;Q1w2e3r4
GalaGG2184;Q1w2e3r4
GalaGG2185;Q1w2e3r4
GalaGG2186;Q1w2e3r4
GalaGG2187;Q1w2e3r4
GalaGG2188;Q1w2e3r4
GalaGG2189;Q1w2e3r4
GalaGG2190;Q1w2e3r4
GalaGG2191;Q1w2e3r4
GalaGG2192;Q1w2e3r4
GalaGG2193;Q1w2e3r4
GalaGG2194;Q1w2e3r4
GalaGG2195;Q1w2e3r4
GalaGG2196;Q1w2e3r4
GalaGG2197;Q1w2e3r4
GalaGG2198;Q1w2e3r4
GalaGG2199;Q1w2e3r4
GalaGG2200;Q1w2e3r4
GalaGG2201;Q1w2e3r4
GalaGG2202;Q1w2e3r4
GalaGG2203;Q1w2e3r4
GalaGG2204;Q1w2e3r4
GalaGG2205;Q1w2e3r4
GalaGG2206;Q1w2e3r4
GalaGG2207;Q1w2e3r4
GalaGG2208;Q1w2e3r4
GalaGG2209;Q1w2e3r4
GalaGG2210;Q1w2e3r4
GalaGG2211;Q1w2e3r4
GalaGG2212;Q1w2e3r4
GalaGG2213;Q1w2e3r4
GalaGG2214;Q1w2e3r4
GalaGG2215;Q1w2e3r4
GalaGG2216;Q1w2e3r4
GalaGG2217;Q1w2e3r4
GalaGG2218;Q1w2e3r4
GalaGG2219;Q1w2e3r4
GalaGG2220;Q1w2e3r4
GalaGG2221;Q1w2e3r4
GalaGG2222;Q1w2e3r4
GalaGG2223;Q1w2e3r4
GalaGG2224;Q1w2e3r4
GalaGG2225;Q1w2e3r4
GalaGG2226;Q1w2e3r4
GalaGG2227;Q1w2e3r4
GalaGG2228;Q1w2e3r4
GalaGG2229;Q1w2e3r4
GalaGG2230;Q1w2e3r4
GalaGG2231;Q1w2e3r4
GalaGG2232;Q1w2e3r4
GalaGG2233;Q1w2e3r4
GalaGG2234;Q1w2e3r4
GalaGG2235;Q1w2e3r4
GalaGG2236;Q1w2e3r4
GalaGG2237;Q1w2e3r4
GalaGG2238;Q1w2e3r4
GalaGG2239;Q1w2e3r4
GalaGG2240;Q1w2e3r4
GalaGG2241;Q1w2e3r4
GalaGG2242;Q1w2e3r4
GalaGG2243;Q1w2e3r4
GalaGG2244;Q1w2e3r4
GalaGG2245;Q1w2e3r4
GalaGG2246;Q1w2e3r4
GalaGG2247;Q1w2e3r4
GalaGG2248;Q1w2e3r4
GalaGG2249;Q1w2e3r4
GalaGG2250;Q1w2e3r4
GalaGG2251;Q1w2e3r4
GalaGG2252;Q1w2e3r4
GalaGG2253;Q1w2e3r4
GalaGG2254;Q1w2e3r4
GalaGG2255;Q1w2e3r4
GalaGG2256;Q1w2e3r4
GalaGG2257;Q1w2e3r4
GalaGG2258;Q1w2e3r4
GalaGG2259;Q1w2e3r4
GalaGG2260;Q1w2e3r4
GalaGG2261;Q1w2e3r4
GalaGG2262;Q1w2e3r4
GalaGG2263;Q1w2e3r4
GalaGG2264;Q1w2e3r4
GalaGG2265;Q1w2e3r4
GalaGG2266;Q1w2e3r4
GalaGG2267;Q1w2e3r4
GalaGG2268;Q1w2e3r4
GalaGG2269;Q1w2e3r4
GalaGG2270;Q1w2e3r4
GalaGG2271;Q1w2e3r4
GalaGG2272;Q1w2e3r4
GalaGG2273;Q1w2e3r4
GalaGG2274;Q1w2e3r4
GalaGG2275;Q1w2e3r4
GalaGG2276;Q1w2e3r4
GalaGG2277;Q1w2e3r4
GalaGG2278;Q1w2e3r4
GalaGG2279;Q1w2e3r4
GalaGG2280;Q1w2e3r4
GalaGG2281;Q1w2e3r4
GalaGG2282;Q1w2e3r4
GalaGG2283;Q1w2e3r4
GalaGG2284;Q1w2e3r4
GalaGG2285;Q1w2e3r4
GalaGG2286;Q1w2e3r4
GalaGG2287;Q1w2e3r4
GalaGG2288;Q1w2e3r4
GalaGG2289;Q1w2e3r4
GalaGG2290;Q1w2e3r4
GalaGG2291;Q1w2e3r4
GalaGG2292;Q1w2e3r4
GalaGG2293;Q1w2e3r4
GalaGG2294;Q1w2e3r4
GalaGG2295;Q1w2e3r4
GalaGG2296;Q1w2e3r4
GalaGG2297;Q1w2e3r4
GalaGG2298;Q1w2e3r4
GalaGG2299;Q1w2e3r4
GalaGG2300;Q1w2e3r4
GalaGG2301;Q1w2e3r4
GalaGG2302;Q1w2e3r4
GalaGG2303;Q1w2e3r4
GalaGG2304;Q1w2e3r4
GalaGG2305;Q1w2e3r4
GalaGG2306;Q1w2e3r4
GalaGG2307;Q1w2e3r4
GalaGG2308;Q1w2e3r4
GalaGG2309;Q1w2e3r4
GalaGG2310;Q1w2e3r4
GalaGG2311;Q1w2e3r4
GalaGG2312;Q1w2e3r4
GalaGG2313;Q1w2e3r4
GalaGG2314;Q1w2e3r4
GalaGG2315;Q1w2e3r4
GalaGG2316;Q1w2e3r4
GalaGG2317;Q1w2e3r4
GalaGG2318;Q1w2e3r4
GalaGG2319;Q1w2e3r4
GalaGG2320;Q1w2e3r4
GalaGG2321;Q1w2e3r4
GalaGG2322;Q1w2e3r4
GalaGG2323;Q1w2e3r4
GalaGG2324;Q1w2e3r4
GalaGG2325;Q1w2e3r4
GalaGG2326;Q1w2e3r4
GalaGG2327;Q1w2e3r4
GalaGG2328;Q1w2e3r4
GalaGG2329;Q1w2e3r4
GalaGG2330;Q1w2e3r4
GalaGG2331;Q1w2e3r4
GalaGG2332;Q1w2e3r4
GalaGG2333;Q1w2e3r4
GalaGG2334;Q1w2e3r4
GalaGG2335;Q1w2e3r4
GalaGG2336;Q1w2e3r4
GalaGG2337;Q1w2e3r4
GalaGG2338;Q1w2e3r4
GalaGG2339;Q1w2e3r4
GalaGG2340;Q1w2e3r4
GalaGG2341;Q1w2e3r4
GalaGG2342;Q1w2e3r4
GalaGG2343;Q1w2e3r4
GalaGG2344;Q1w2e3r4
GalaGG2345;Q1w2e3r4
GalaGG2346;Q1w2e3r4
GalaGG2347;Q1w2e3r4
GalaGG2348;Q1w2e3r4
GalaGG2349;Q1w2e3r4
GalaGG2350;Q1w2e3r4
GalaGG2351;Q1w2e3r4
GalaGG2352;Q1w2e3r4
GalaGG2353;Q1w2e3r4
GalaGG2354;Q1w2e3r4
GalaGG2355;Q1w2e3r4
GalaGG2356;Q1w2e3r4
GalaGG2357;Q1w2e3r4
GalaGG2358;Q1w2e3r4
GalaGG2359;Q1w2e3r4
GalaGG2360;Q1w2e3r4
GalaGG2361;Q1w2e3r4
GalaGG2362;Q1w2e3r4
GalaGG2363;Q1w2e3r4
GalaGG2364;Q1w2e3r4
GalaGG2365;Q1w2e3r4
GalaGG2366;Q1w2e3r4
GalaGG2367;Q1w2e3r4
GalaGG2368;Q1w2e3r4
GalaGG2369;Q1w2e3r4
GalaGG2370;Q1w2e3r4
GalaGG2371;Q1w2e3r4
GalaGG2372;Q1w2e3r4
GalaGG2373;Q1w2e3r4
GalaGG2374;Q1w2e3r4
GalaGG2375;Q1w2e3r4
GalaGG2376;Q1w2e3r4
GalaGG2377;Q1w2e3r4
GalaGG2378;Q1w2e3r4
GalaGG2379;Q1w2e3r4
GalaGG2380;Q1w2e3r4
GalaGG2381;Q1w2e3r4
GalaGG2382;Q1w2e3r4
GalaGG2383;Q1w2e3r4
GalaGG2384;Q1w2e3r4
GalaGG2385;Q1w2e3r4
GalaGG2386;Q1w2e3r4
GalaGG2387;Q1w2e3r4
GalaGG2388;Q1w2e3r4
GalaGG2389;Q1w2e3r4
GalaGG2390;Q1w2e3r4
GalaGG2391;Q1w2e3r4
GalaGG2392;Q1w2e3r4
GalaGG2393;Q1w2e3r4
GalaGG2394;Q1w2e3r4
GalaGG2395;Q1w2e3r4
GalaGG2396;Q1w2e3r4
GalaGG2397;Q1w2e3r4
GalaGG2398;Q1w2e3r4
GalaGG2399;Q1w2e3r4
GalaGG2400;Q1w2e3r4
GalaGG2401;Q1w2e3r4
GalaGG2402;Q1w2e3r4
GalaGG2403;Q1w2e3r4
GalaGG2404;Q1w2e3r4
GalaGG2405;Q1w2e3r4
GalaGG2406;Q1w2e3r4
GalaGG2407;Q1w2e3r4
GalaGG2408;Q1w2e3r4
GalaGG2409;Q1w2e3r4
GalaGG2410;Q1w2e3r4
GalaGG2411;Q1w2e3r4
GalaGG2412;Q1w2e3r4
GalaGG2413;Q1w2e3r4
GalaGG2414;Q1w2e3r4
GalaGG2415;Q1w2e3r4
GalaGG2416;Q1w2e3r4
GalaGG2417;Q1w2e3r4
GalaGG2418;Q1w2e3r4
GalaGG2419;Q1w2e3r4
GalaGG2420;Q1w2e3r4
GalaGG2421;Q1w2e3r4
GalaGG2422;Q1w2e3r4
GalaGG2423;Q1w2e3r4
GalaGG2424;Q1w2e3r4
GalaGG2425;Q1w2e3r4
GalaGG2426;Q1w2e3r4
GalaGG2427;Q1w2e3r4
GalaGG2428;Q1w2e3r4
GalaGG2429;Q1w2e3r4
GalaGG2430;Q1w2e3r4
GalaGG2431;Q1w2e3r4
GalaGG2432;Q1w2e3r4
GalaGG2433;Q1w2e3r4
GalaGG2434;Q1w2e3r4
GalaGG2435;Q1w2e3r4
GalaGG2436;Q1w2e3r4
GalaGG2437;Q1w2e3r4
GalaGG2438;Q1w2e3r4
GalaGG2439;Q1w2e3r4
GalaGG2440;Q1w2e3r4
GalaGG2441;Q1w2e3r4
GalaGG2442;Q1w2e3r4
GalaGG2443;Q1w2e3r4
GalaGG2444;Q1w2e3r4
GalaGG2445;Q1w2e3r4
GalaGG2446;Q1w2e3r4
GalaGG2447;Q1w2e3r4
GalaGG2448;Q1w2e3r4
GalaGG2449;Q1w2e3r4
GalaGG2450;Q1w2e3r4
GalaGG2451;Q1w2e3r4
GalaGG2452;Q1w2e3r4
GalaGG2453;Q1w2e3r4
GalaGG2454;Q1w2e3r4
GalaGG2455;Q1w2e3r4
GalaGG2456;Q1w2e3r4
GalaGG2457;Q1w2e3r4
GalaGG2458;Q1w2e3r4
GalaGG2459;Q1w2e3r4
GalaGG2460;Q1w2e3r4
GalaGG2461;Q1w2e3r4
GalaGG2462;Q1w2e3r4
GalaGG2463;Q1w2e3r4
GalaGG2464;Q1w2e3r4
GalaGG2465;Q1w2e3r4
GalaGG2466;Q1w2e3r4
GalaGG2467;Q1w2e3r4
GalaGG2468;Q1w2e3r4
GalaGG2469;Q1w2e3r4
GalaGG2470;Q1w2e3r4
GalaGG2471;Q1w2e3r4
GalaGG2472;Q1w2e3r4
GalaGG2473;Q1w2e3r4
GalaGG2474;Q1w2e3r4
GalaGG2475;Q1w2e3r4
GalaGG2476;Q1w2e3r4
GalaGG2477;Q1w2e3r4
GalaGG2478;Q1w2e3r4
GalaGG2479;Q1w2e3r4
GalaGG2480;Q1w2e3r4
GalaGG2481;Q1w2e3r4
GalaGG2482;Q1w2e3r4
GalaGG2483;Q1w2e3r4
GalaGG2484;Q1w2e3r4
GalaGG2485;Q1w2e3r4
GalaGG2486;Q1w2e3r4
GalaGG2487;Q1w2e3r4
GalaGG2488;Q1w2e3r4
GalaGG2489;Q1w2e3r4
GalaGG2490;Q1w2e3r4
GalaGG2491;Q1w2e3r4
GalaGG2492;Q1w2e3r4
GalaGG2493;Q1w2e3r4
GalaGG2494;Q1w2e3r4
GalaGG2495;Q1w2e3r4
GalaGG2496;Q1w2e3r4
GalaGG2497;Q1w2e3r4
GalaGG2498;Q1w2e3r4
GalaGG2499;Q1w2e3r4
GalaGG2500;Q1w2e3r4