GalaGG5001;Q1w2e3r4
GalaGG5002;Q1w2e3r4
GalaGG5003;Q1w2e3r4
GalaGG5004;Q1w2e3r4
GalaGG5005;Q1w2e3r4
GalaGG5006;Q1w2e3r4
GalaGG5007;Q1w2e3r4
GalaGG5008;Q1w2e3r4
GalaGG5009;Q1w2e3r4
GalaGG5010;Q1w2e3r4
GalaGG5011;Q1w2e3r4
GalaGG5012;Q1w2e3r4
GalaGG5013;Q1w2e3r4
GalaGG5014;Q1w2e3r4
GalaGG5015;Q1w2e3r4
GalaGG5016;Q1w2e3r4
GalaGG5017;Q1w2e3r4
GalaGG5018;Q1w2e3r4
GalaGG5019;Q1w2e3r4
GalaGG5020;Q1w2e3r4
GalaGG5021;Q1w2e3r4
GalaGG5022;Q1w2e3r4
GalaGG5023;Q1w2e3r4
GalaGG5024;Q1w2e3r4
GalaGG5025;Q1w2e3r4
GalaGG5026;Q1w2e3r4
GalaGG5027;Q1w2e3r4
GalaGG5028;Q1w2e3r4
GalaGG5029;Q1w2e3r4
GalaGG5030;Q1w2e3r4
GalaGG5031;Q1w2e3r4
GalaGG5032;Q1w2e3r4
GalaGG5033;Q1w2e3r4
GalaGG5034;Q1w2e3r4
GalaGG5035;Q1w2e3r4
GalaGG5036;Q1w2e3r4
GalaGG5037;Q1w2e3r4
GalaGG5038;Q1w2e3r4
GalaGG5039;Q1w2e3r4
GalaGG5040;Q1w2e3r4
GalaGG5041;Q1w2e3r4
GalaGG5042;Q1w2e3r4
GalaGG5043;Q1w2e3r4
GalaGG5044;Q1w2e3r4
GalaGG5045;Q1w2e3r4
GalaGG5046;Q1w2e3r4
GalaGG5047;Q1w2e3r4
GalaGG5048;Q1w2e3r4
GalaGG5049;Q1w2e3r4
GalaGG5050;Q1w2e3r4
GalaGG5051;Q1w2e3r4
GalaGG5052;Q1w2e3r4
GalaGG5053;Q1w2e3r4
GalaGG5054;Q1w2e3r4
GalaGG5055;Q1w2e3r4
GalaGG5056;Q1w2e3r4
GalaGG5057;Q1w2e3r4
GalaGG5058;Q1w2e3r4
GalaGG5059;Q1w2e3r4
GalaGG5060;Q1w2e3r4
GalaGG5061;Q1w2e3r4
GalaGG5062;Q1w2e3r4
GalaGG5063;Q1w2e3r4
GalaGG5064;Q1w2e3r4
GalaGG5065;Q1w2e3r4
GalaGG5066;Q1w2e3r4
GalaGG5067;Q1w2e3r4
GalaGG5068;Q1w2e3r4
GalaGG5069;Q1w2e3r4
GalaGG5070;Q1w2e3r4
GalaGG5071;Q1w2e3r4
GalaGG5072;Q1w2e3r4
GalaGG5073;Q1w2e3r4
GalaGG5074;Q1w2e3r4
GalaGG5075;Q1w2e3r4
GalaGG5076;Q1w2e3r4
GalaGG5077;Q1w2e3r4
GalaGG5078;Q1w2e3r4
GalaGG5079;Q1w2e3r4
GalaGG5080;Q1w2e3r4
GalaGG5081;Q1w2e3r4
GalaGG5082;Q1w2e3r4
GalaGG5083;Q1w2e3r4
GalaGG5084;Q1w2e3r4
GalaGG5085;Q1w2e3r4
GalaGG5086;Q1w2e3r4
GalaGG5087;Q1w2e3r4
GalaGG5088;Q1w2e3r4
GalaGG5089;Q1w2e3r4
GalaGG5090;Q1w2e3r4
GalaGG5091;Q1w2e3r4
GalaGG5092;Q1w2e3r4
GalaGG5093;Q1w2e3r4
GalaGG5094;Q1w2e3r4
GalaGG5095;Q1w2e3r4
GalaGG5096;Q1w2e3r4
GalaGG5097;Q1w2e3r4
GalaGG5098;Q1w2e3r4
GalaGG5099;Q1w2e3r4
GalaGG5100;Q1w2e3r4
GalaGG5101;Q1w2e3r4
GalaGG5102;Q1w2e3r4
GalaGG5103;Q1w2e3r4
GalaGG5104;Q1w2e3r4
GalaGG5105;Q1w2e3r4
GalaGG5106;Q1w2e3r4
GalaGG5107;Q1w2e3r4
GalaGG5108;Q1w2e3r4
GalaGG5109;Q1w2e3r4
GalaGG5110;Q1w2e3r4
GalaGG5111;Q1w2e3r4
GalaGG5112;Q1w2e3r4
GalaGG5113;Q1w2e3r4
GalaGG5114;Q1w2e3r4
GalaGG5115;Q1w2e3r4
GalaGG5116;Q1w2e3r4
GalaGG5117;Q1w2e3r4
GalaGG5118;Q1w2e3r4
GalaGG5119;Q1w2e3r4
GalaGG5120;Q1w2e3r4
GalaGG5121;Q1w2e3r4
GalaGG5122;Q1w2e3r4
GalaGG5123;Q1w2e3r4
GalaGG5124;Q1w2e3r4
GalaGG5125;Q1w2e3r4
GalaGG5126;Q1w2e3r4
GalaGG5127;Q1w2e3r4
GalaGG5128;Q1w2e3r4
GalaGG5129;Q1w2e3r4
GalaGG5130;Q1w2e3r4
GalaGG5131;Q1w2e3r4
GalaGG5132;Q1w2e3r4
GalaGG5133;Q1w2e3r4
GalaGG5134;Q1w2e3r4
GalaGG5135;Q1w2e3r4
GalaGG5136;Q1w2e3r4
GalaGG5137;Q1w2e3r4
GalaGG5138;Q1w2e3r4
GalaGG5139;Q1w2e3r4
GalaGG5140;Q1w2e3r4
GalaGG5141;Q1w2e3r4
GalaGG5142;Q1w2e3r4
GalaGG5143;Q1w2e3r4
GalaGG5144;Q1w2e3r4
GalaGG5145;Q1w2e3r4
GalaGG5146;Q1w2e3r4
GalaGG5147;Q1w2e3r4
GalaGG5148;Q1w2e3r4
GalaGG5149;Q1w2e3r4
GalaGG5150;Q1w2e3r4
GalaGG5151;Q1w2e3r4
GalaGG5152;Q1w2e3r4
GalaGG5153;Q1w2e3r4
GalaGG5154;Q1w2e3r4
GalaGG5155;Q1w2e3r4
GalaGG5156;Q1w2e3r4
GalaGG5157;Q1w2e3r4
GalaGG5158;Q1w2e3r4
GalaGG5159;Q1w2e3r4
GalaGG5160;Q1w2e3r4
GalaGG5161;Q1w2e3r4
GalaGG5162;Q1w2e3r4
GalaGG5163;Q1w2e3r4
GalaGG5164;Q1w2e3r4
GalaGG5165;Q1w2e3r4
GalaGG5166;Q1w2e3r4
GalaGG5167;Q1w2e3r4
GalaGG5168;Q1w2e3r4
GalaGG5169;Q1w2e3r4
GalaGG5170;Q1w2e3r4
GalaGG5171;Q1w2e3r4
GalaGG5172;Q1w2e3r4
GalaGG5173;Q1w2e3r4
GalaGG5174;Q1w2e3r4
GalaGG5175;Q1w2e3r4
GalaGG5176;Q1w2e3r4
GalaGG5177;Q1w2e3r4
GalaGG5178;Q1w2e3r4
GalaGG5179;Q1w2e3r4
GalaGG5180;Q1w2e3r4
GalaGG5181;Q1w2e3r4
GalaGG5182;Q1w2e3r4
GalaGG5183;Q1w2e3r4
GalaGG5184;Q1w2e3r4
GalaGG5185;Q1w2e3r4
GalaGG5186;Q1w2e3r4
GalaGG5187;Q1w2e3r4
GalaGG5188;Q1w2e3r4
GalaGG5189;Q1w2e3r4
GalaGG5190;Q1w2e3r4
GalaGG5191;Q1w2e3r4
GalaGG5192;Q1w2e3r4
GalaGG5193;Q1w2e3r4
GalaGG5194;Q1w2e3r4
GalaGG5195;Q1w2e3r4
GalaGG5196;Q1w2e3r4
GalaGG5197;Q1w2e3r4
GalaGG5198;Q1w2e3r4
GalaGG5199;Q1w2e3r4
GalaGG5200;Q1w2e3r4
GalaGG5201;Q1w2e3r4
GalaGG5202;Q1w2e3r4
GalaGG5203;Q1w2e3r4
GalaGG5204;Q1w2e3r4
GalaGG5205;Q1w2e3r4
GalaGG5206;Q1w2e3r4
GalaGG5207;Q1w2e3r4
GalaGG5208;Q1w2e3r4
GalaGG5209;Q1w2e3r4
GalaGG5210;Q1w2e3r4
GalaGG5211;Q1w2e3r4
GalaGG5212;Q1w2e3r4
GalaGG5213;Q1w2e3r4
GalaGG5214;Q1w2e3r4
GalaGG5215;Q1w2e3r4
GalaGG5216;Q1w2e3r4
GalaGG5217;Q1w2e3r4
GalaGG5218;Q1w2e3r4
GalaGG5219;Q1w2e3r4
GalaGG5220;Q1w2e3r4
GalaGG5221;Q1w2e3r4
GalaGG5222;Q1w2e3r4
GalaGG5223;Q1w2e3r4
GalaGG5224;Q1w2e3r4
GalaGG5225;Q1w2e3r4
GalaGG5226;Q1w2e3r4
GalaGG5227;Q1w2e3r4
GalaGG5228;Q1w2e3r4
GalaGG5229;Q1w2e3r4
GalaGG5230;Q1w2e3r4
GalaGG5231;Q1w2e3r4
GalaGG5232;Q1w2e3r4
GalaGG5233;Q1w2e3r4
GalaGG5234;Q1w2e3r4
GalaGG5235;Q1w2e3r4
GalaGG5236;Q1w2e3r4
GalaGG5237;Q1w2e3r4
GalaGG5238;Q1w2e3r4
GalaGG5239;Q1w2e3r4
GalaGG5240;Q1w2e3r4
GalaGG5241;Q1w2e3r4
GalaGG5242;Q1w2e3r4
GalaGG5243;Q1w2e3r4
GalaGG5244;Q1w2e3r4
GalaGG5245;Q1w2e3r4
GalaGG5246;Q1w2e3r4
GalaGG5247;Q1w2e3r4
GalaGG5248;Q1w2e3r4
GalaGG5249;Q1w2e3r4
GalaGG5250;Q1w2e3r4
GalaGG5251;Q1w2e3r4
GalaGG5252;Q1w2e3r4
GalaGG5253;Q1w2e3r4
GalaGG5254;Q1w2e3r4
GalaGG5255;Q1w2e3r4
GalaGG5256;Q1w2e3r4
GalaGG5257;Q1w2e3r4
GalaGG5258;Q1w2e3r4
GalaGG5259;Q1w2e3r4
GalaGG5260;Q1w2e3r4
GalaGG5261;Q1w2e3r4
GalaGG5262;Q1w2e3r4
GalaGG5263;Q1w2e3r4
GalaGG5264;Q1w2e3r4
GalaGG5265;Q1w2e3r4
GalaGG5266;Q1w2e3r4
GalaGG5267;Q1w2e3r4
GalaGG5268;Q1w2e3r4
GalaGG5269;Q1w2e3r4
GalaGG5270;Q1w2e3r4
GalaGG5271;Q1w2e3r4
GalaGG5272;Q1w2e3r4
GalaGG5273;Q1w2e3r4
GalaGG5274;Q1w2e3r4
GalaGG5275;Q1w2e3r4
GalaGG5276;Q1w2e3r4
GalaGG5277;Q1w2e3r4
GalaGG5278;Q1w2e3r4
GalaGG5279;Q1w2e3r4
GalaGG5280;Q1w2e3r4
GalaGG5281;Q1w2e3r4
GalaGG5282;Q1w2e3r4
GalaGG5283;Q1w2e3r4
GalaGG5284;Q1w2e3r4
GalaGG5285;Q1w2e3r4
GalaGG5286;Q1w2e3r4
GalaGG5287;Q1w2e3r4
GalaGG5288;Q1w2e3r4
GalaGG5289;Q1w2e3r4
GalaGG5290;Q1w2e3r4
GalaGG5291;Q1w2e3r4
GalaGG5292;Q1w2e3r4
GalaGG5293;Q1w2e3r4
GalaGG5294;Q1w2e3r4
GalaGG5295;Q1w2e3r4
GalaGG5296;Q1w2e3r4
GalaGG5297;Q1w2e3r4
GalaGG5298;Q1w2e3r4
GalaGG5299;Q1w2e3r4
GalaGG5300;Q1w2e3r4
GalaGG5301;Q1w2e3r4
GalaGG5302;Q1w2e3r4
GalaGG5303;Q1w2e3r4
GalaGG5304;Q1w2e3r4
GalaGG5305;Q1w2e3r4
GalaGG5306;Q1w2e3r4
GalaGG5307;Q1w2e3r4
GalaGG5308;Q1w2e3r4
GalaGG5309;Q1w2e3r4
GalaGG5310;Q1w2e3r4
GalaGG5311;Q1w2e3r4
GalaGG5312;Q1w2e3r4
GalaGG5313;Q1w2e3r4
GalaGG5314;Q1w2e3r4
GalaGG5315;Q1w2e3r4
GalaGG5316;Q1w2e3r4
GalaGG5317;Q1w2e3r4
GalaGG5318;Q1w2e3r4
GalaGG5319;Q1w2e3r4
GalaGG5320;Q1w2e3r4
GalaGG5321;Q1w2e3r4
GalaGG5322;Q1w2e3r4
GalaGG5323;Q1w2e3r4
GalaGG5324;Q1w2e3r4
GalaGG5325;Q1w2e3r4
GalaGG5326;Q1w2e3r4
GalaGG5327;Q1w2e3r4
GalaGG5328;Q1w2e3r4
GalaGG5329;Q1w2e3r4
GalaGG5330;Q1w2e3r4
GalaGG5331;Q1w2e3r4
GalaGG5332;Q1w2e3r4
GalaGG5333;Q1w2e3r4
GalaGG5334;Q1w2e3r4
GalaGG5335;Q1w2e3r4
GalaGG5336;Q1w2e3r4
GalaGG5337;Q1w2e3r4
GalaGG5338;Q1w2e3r4
GalaGG5339;Q1w2e3r4
GalaGG5340;Q1w2e3r4
GalaGG5341;Q1w2e3r4
GalaGG5342;Q1w2e3r4
GalaGG5343;Q1w2e3r4
GalaGG5344;Q1w2e3r4
GalaGG5345;Q1w2e3r4
GalaGG5346;Q1w2e3r4
GalaGG5347;Q1w2e3r4
GalaGG5348;Q1w2e3r4
GalaGG5349;Q1w2e3r4
GalaGG5350;Q1w2e3r4
GalaGG5351;Q1w2e3r4
GalaGG5352;Q1w2e3r4
GalaGG5353;Q1w2e3r4
GalaGG5354;Q1w2e3r4
GalaGG5355;Q1w2e3r4
GalaGG5356;Q1w2e3r4
GalaGG5357;Q1w2e3r4
GalaGG5358;Q1w2e3r4
GalaGG5359;Q1w2e3r4
GalaGG5360;Q1w2e3r4
GalaGG5361;Q1w2e3r4
GalaGG5362;Q1w2e3r4
GalaGG5363;Q1w2e3r4
GalaGG5364;Q1w2e3r4
GalaGG5365;Q1w2e3r4
GalaGG5366;Q1w2e3r4
GalaGG5367;Q1w2e3r4
GalaGG5368;Q1w2e3r4
GalaGG5369;Q1w2e3r4
GalaGG5370;Q1w2e3r4
GalaGG5371;Q1w2e3r4
GalaGG5372;Q1w2e3r4
GalaGG5373;Q1w2e3r4
GalaGG5374;Q1w2e3r4
GalaGG5375;Q1w2e3r4
GalaGG5376;Q1w2e3r4
GalaGG5377;Q1w2e3r4
GalaGG5378;Q1w2e3r4
GalaGG5379;Q1w2e3r4
GalaGG5380;Q1w2e3r4
GalaGG5381;Q1w2e3r4
GalaGG5382;Q1w2e3r4
GalaGG5383;Q1w2e3r4
GalaGG5384;Q1w2e3r4
GalaGG5385;Q1w2e3r4
GalaGG5386;Q1w2e3r4
GalaGG5387;Q1w2e3r4
GalaGG5388;Q1w2e3r4
GalaGG5389;Q1w2e3r4
GalaGG5390;Q1w2e3r4
GalaGG5391;Q1w2e3r4
GalaGG5392;Q1w2e3r4
GalaGG5393;Q1w2e3r4
GalaGG5394;Q1w2e3r4
GalaGG5395;Q1w2e3r4
GalaGG5396;Q1w2e3r4
GalaGG5397;Q1w2e3r4
GalaGG5398;Q1w2e3r4
GalaGG5399;Q1w2e3r4
GalaGG5400;Q1w2e3r4
GalaGG5401;Q1w2e3r4
GalaGG5402;Q1w2e3r4
GalaGG5403;Q1w2e3r4
GalaGG5404;Q1w2e3r4
GalaGG5405;Q1w2e3r4
GalaGG5406;Q1w2e3r4
GalaGG5407;Q1w2e3r4
GalaGG5408;Q1w2e3r4
GalaGG5409;Q1w2e3r4
GalaGG5410;Q1w2e3r4
GalaGG5411;Q1w2e3r4
GalaGG5412;Q1w2e3r4
GalaGG5413;Q1w2e3r4
GalaGG5414;Q1w2e3r4
GalaGG5415;Q1w2e3r4
GalaGG5416;Q1w2e3r4
GalaGG5417;Q1w2e3r4
GalaGG5418;Q1w2e3r4
GalaGG5419;Q1w2e3r4
GalaGG5420;Q1w2e3r4
GalaGG5421;Q1w2e3r4
GalaGG5422;Q1w2e3r4
GalaGG5423;Q1w2e3r4
GalaGG5424;Q1w2e3r4
GalaGG5425;Q1w2e3r4
GalaGG5426;Q1w2e3r4
GalaGG5427;Q1w2e3r4
GalaGG5428;Q1w2e3r4
GalaGG5429;Q1w2e3r4
GalaGG5430;Q1w2e3r4
GalaGG5431;Q1w2e3r4
GalaGG5432;Q1w2e3r4
GalaGG5433;Q1w2e3r4
GalaGG5434;Q1w2e3r4
GalaGG5435;Q1w2e3r4
GalaGG5436;Q1w2e3r4
GalaGG5437;Q1w2e3r4
GalaGG5438;Q1w2e3r4
GalaGG5439;Q1w2e3r4
GalaGG5440;Q1w2e3r4
GalaGG5441;Q1w2e3r4
GalaGG5442;Q1w2e3r4
GalaGG5443;Q1w2e3r4
GalaGG5444;Q1w2e3r4
GalaGG5445;Q1w2e3r4
GalaGG5446;Q1w2e3r4
GalaGG5447;Q1w2e3r4
GalaGG5448;Q1w2e3r4
GalaGG5449;Q1w2e3r4
GalaGG5450;Q1w2e3r4
GalaGG5451;Q1w2e3r4
GalaGG5452;Q1w2e3r4
GalaGG5453;Q1w2e3r4
GalaGG5454;Q1w2e3r4
GalaGG5455;Q1w2e3r4
GalaGG5456;Q1w2e3r4
GalaGG5457;Q1w2e3r4
GalaGG5458;Q1w2e3r4
GalaGG5459;Q1w2e3r4
GalaGG5460;Q1w2e3r4
GalaGG5461;Q1w2e3r4
GalaGG5462;Q1w2e3r4
GalaGG5463;Q1w2e3r4
GalaGG5464;Q1w2e3r4
GalaGG5465;Q1w2e3r4
GalaGG5466;Q1w2e3r4
GalaGG5467;Q1w2e3r4
GalaGG5468;Q1w2e3r4
GalaGG5469;Q1w2e3r4
GalaGG5470;Q1w2e3r4
GalaGG5471;Q1w2e3r4
GalaGG5472;Q1w2e3r4
GalaGG5473;Q1w2e3r4
GalaGG5474;Q1w2e3r4
GalaGG5475;Q1w2e3r4
GalaGG5476;Q1w2e3r4
GalaGG5477;Q1w2e3r4
GalaGG5478;Q1w2e3r4
GalaGG5479;Q1w2e3r4
GalaGG5480;Q1w2e3r4
GalaGG5481;Q1w2e3r4
GalaGG5482;Q1w2e3r4
GalaGG5483;Q1w2e3r4
GalaGG5484;Q1w2e3r4
GalaGG5485;Q1w2e3r4
GalaGG5486;Q1w2e3r4
GalaGG5487;Q1w2e3r4
GalaGG5488;Q1w2e3r4
GalaGG5489;Q1w2e3r4
GalaGG5490;Q1w2e3r4
GalaGG5491;Q1w2e3r4
GalaGG5492;Q1w2e3r4
GalaGG5493;Q1w2e3r4
GalaGG5494;Q1w2e3r4
GalaGG5495;Q1w2e3r4
GalaGG5496;Q1w2e3r4
GalaGG5497;Q1w2e3r4
GalaGG5498;Q1w2e3r4
GalaGG5499;Q1w2e3r4
GalaGG5500;Q1w2e3r4
GalaGG5501;Q1w2e3r4
GalaGG5502;Q1w2e3r4
GalaGG5503;Q1w2e3r4
GalaGG5504;Q1w2e3r4
GalaGG5505;Q1w2e3r4
GalaGG5506;Q1w2e3r4
GalaGG5507;Q1w2e3r4
GalaGG5508;Q1w2e3r4
GalaGG5509;Q1w2e3r4
GalaGG5510;Q1w2e3r4
GalaGG5511;Q1w2e3r4
GalaGG5512;Q1w2e3r4
GalaGG5513;Q1w2e3r4
GalaGG5514;Q1w2e3r4
GalaGG5515;Q1w2e3r4
GalaGG5516;Q1w2e3r4
GalaGG5517;Q1w2e3r4
GalaGG5518;Q1w2e3r4
GalaGG5519;Q1w2e3r4
GalaGG5520;Q1w2e3r4
GalaGG5521;Q1w2e3r4
GalaGG5522;Q1w2e3r4
GalaGG5523;Q1w2e3r4
GalaGG5524;Q1w2e3r4
GalaGG5525;Q1w2e3r4
GalaGG5526;Q1w2e3r4
GalaGG5527;Q1w2e3r4
GalaGG5528;Q1w2e3r4
GalaGG5529;Q1w2e3r4
GalaGG5530;Q1w2e3r4
GalaGG5531;Q1w2e3r4
GalaGG5532;Q1w2e3r4
GalaGG5533;Q1w2e3r4
GalaGG5534;Q1w2e3r4
GalaGG5535;Q1w2e3r4
GalaGG5536;Q1w2e3r4
GalaGG5537;Q1w2e3r4
GalaGG5538;Q1w2e3r4
GalaGG5539;Q1w2e3r4
GalaGG5540;Q1w2e3r4
GalaGG5541;Q1w2e3r4
GalaGG5542;Q1w2e3r4
GalaGG5543;Q1w2e3r4
GalaGG5544;Q1w2e3r4
GalaGG5545;Q1w2e3r4
GalaGG5546;Q1w2e3r4
GalaGG5547;Q1w2e3r4
GalaGG5548;Q1w2e3r4
GalaGG5549;Q1w2e3r4
GalaGG5550;Q1w2e3r4
GalaGG5551;Q1w2e3r4
GalaGG5552;Q1w2e3r4
GalaGG5553;Q1w2e3r4
GalaGG5554;Q1w2e3r4
GalaGG5555;Q1w2e3r4
GalaGG5556;Q1w2e3r4
GalaGG5557;Q1w2e3r4
GalaGG5558;Q1w2e3r4
GalaGG5559;Q1w2e3r4
GalaGG5560;Q1w2e3r4
GalaGG5561;Q1w2e3r4
GalaGG5562;Q1w2e3r4
GalaGG5563;Q1w2e3r4
GalaGG5564;Q1w2e3r4
GalaGG5565;Q1w2e3r4
GalaGG5566;Q1w2e3r4
GalaGG5567;Q1w2e3r4
GalaGG5568;Q1w2e3r4
GalaGG5569;Q1w2e3r4
GalaGG5570;Q1w2e3r4
GalaGG5571;Q1w2e3r4
GalaGG5572;Q1w2e3r4
GalaGG5573;Q1w2e3r4
GalaGG5574;Q1w2e3r4
GalaGG5575;Q1w2e3r4
GalaGG5576;Q1w2e3r4
GalaGG5577;Q1w2e3r4
GalaGG5578;Q1w2e3r4
GalaGG5579;Q1w2e3r4
GalaGG5580;Q1w2e3r4
GalaGG5581;Q1w2e3r4
GalaGG5582;Q1w2e3r4
GalaGG5583;Q1w2e3r4
GalaGG5584;Q1w2e3r4
GalaGG5585;Q1w2e3r4
GalaGG5586;Q1w2e3r4
GalaGG5587;Q1w2e3r4
GalaGG5588;Q1w2e3r4
GalaGG5589;Q1w2e3r4
GalaGG5590;Q1w2e3r4
GalaGG5591;Q1w2e3r4
GalaGG5592;Q1w2e3r4
GalaGG5593;Q1w2e3r4
GalaGG5594;Q1w2e3r4
GalaGG5595;Q1w2e3r4
GalaGG5596;Q1w2e3r4
GalaGG5597;Q1w2e3r4
GalaGG5598;Q1w2e3r4
GalaGG5599;Q1w2e3r4
GalaGG5600;Q1w2e3r4
GalaGG5601;Q1w2e3r4
GalaGG5602;Q1w2e3r4
GalaGG5603;Q1w2e3r4
GalaGG5604;Q1w2e3r4
GalaGG5605;Q1w2e3r4
GalaGG5606;Q1w2e3r4
GalaGG5607;Q1w2e3r4
GalaGG5608;Q1w2e3r4
GalaGG5609;Q1w2e3r4
GalaGG5610;Q1w2e3r4
GalaGG5611;Q1w2e3r4
GalaGG5612;Q1w2e3r4
GalaGG5613;Q1w2e3r4
GalaGG5614;Q1w2e3r4
GalaGG5615;Q1w2e3r4
GalaGG5616;Q1w2e3r4
GalaGG5617;Q1w2e3r4
GalaGG5618;Q1w2e3r4
GalaGG5619;Q1w2e3r4
GalaGG5620;Q1w2e3r4
GalaGG5621;Q1w2e3r4
GalaGG5622;Q1w2e3r4
GalaGG5623;Q1w2e3r4
GalaGG5624;Q1w2e3r4
GalaGG5625;Q1w2e3r4
GalaGG5626;Q1w2e3r4
GalaGG5627;Q1w2e3r4
GalaGG5628;Q1w2e3r4
GalaGG5629;Q1w2e3r4
GalaGG5630;Q1w2e3r4
GalaGG5631;Q1w2e3r4
GalaGG5632;Q1w2e3r4
GalaGG5633;Q1w2e3r4
GalaGG5634;Q1w2e3r4
GalaGG5635;Q1w2e3r4
GalaGG5636;Q1w2e3r4
GalaGG5637;Q1w2e3r4
GalaGG5638;Q1w2e3r4
GalaGG5639;Q1w2e3r4
GalaGG5640;Q1w2e3r4
GalaGG5641;Q1w2e3r4
GalaGG5642;Q1w2e3r4
GalaGG5643;Q1w2e3r4
GalaGG5644;Q1w2e3r4
GalaGG5645;Q1w2e3r4
GalaGG5646;Q1w2e3r4
GalaGG5647;Q1w2e3r4
GalaGG5648;Q1w2e3r4
GalaGG5649;Q1w2e3r4
GalaGG5650;Q1w2e3r4
GalaGG5651;Q1w2e3r4
GalaGG5652;Q1w2e3r4
GalaGG5653;Q1w2e3r4
GalaGG5654;Q1w2e3r4
GalaGG5655;Q1w2e3r4
GalaGG5656;Q1w2e3r4
GalaGG5657;Q1w2e3r4
GalaGG5658;Q1w2e3r4
GalaGG5659;Q1w2e3r4
GalaGG5660;Q1w2e3r4
GalaGG5661;Q1w2e3r4
GalaGG5662;Q1w2e3r4
GalaGG5663;Q1w2e3r4
GalaGG5664;Q1w2e3r4
GalaGG5665;Q1w2e3r4
GalaGG5666;Q1w2e3r4
GalaGG5667;Q1w2e3r4
GalaGG5668;Q1w2e3r4
GalaGG5669;Q1w2e3r4
GalaGG5670;Q1w2e3r4
GalaGG5671;Q1w2e3r4
GalaGG5672;Q1w2e3r4
GalaGG5673;Q1w2e3r4
GalaGG5674;Q1w2e3r4
GalaGG5675;Q1w2e3r4
GalaGG5676;Q1w2e3r4
GalaGG5677;Q1w2e3r4
GalaGG5678;Q1w2e3r4
GalaGG5679;Q1w2e3r4
GalaGG5680;Q1w2e3r4
GalaGG5681;Q1w2e3r4
GalaGG5682;Q1w2e3r4
GalaGG5683;Q1w2e3r4
GalaGG5684;Q1w2e3r4
GalaGG5685;Q1w2e3r4
GalaGG5686;Q1w2e3r4
GalaGG5687;Q1w2e3r4
GalaGG5688;Q1w2e3r4
GalaGG5689;Q1w2e3r4
GalaGG5690;Q1w2e3r4
GalaGG5691;Q1w2e3r4
GalaGG5692;Q1w2e3r4
GalaGG5693;Q1w2e3r4
GalaGG5694;Q1w2e3r4
GalaGG5695;Q1w2e3r4
GalaGG5696;Q1w2e3r4
GalaGG5697;Q1w2e3r4
GalaGG5698;Q1w2e3r4
GalaGG5699;Q1w2e3r4
GalaGG5700;Q1w2e3r4
GalaGG5701;Q1w2e3r4
GalaGG5702;Q1w2e3r4
GalaGG5703;Q1w2e3r4
GalaGG5704;Q1w2e3r4
GalaGG5705;Q1w2e3r4
GalaGG5706;Q1w2e3r4
GalaGG5707;Q1w2e3r4
GalaGG5708;Q1w2e3r4
GalaGG5709;Q1w2e3r4
GalaGG5710;Q1w2e3r4
GalaGG5711;Q1w2e3r4
GalaGG5712;Q1w2e3r4
GalaGG5713;Q1w2e3r4
GalaGG5714;Q1w2e3r4
GalaGG5715;Q1w2e3r4
GalaGG5716;Q1w2e3r4
GalaGG5717;Q1w2e3r4
GalaGG5718;Q1w2e3r4
GalaGG5719;Q1w2e3r4
GalaGG5720;Q1w2e3r4
GalaGG5721;Q1w2e3r4
GalaGG5722;Q1w2e3r4
GalaGG5723;Q1w2e3r4
GalaGG5724;Q1w2e3r4
GalaGG5725;Q1w2e3r4
GalaGG5726;Q1w2e3r4
GalaGG5727;Q1w2e3r4
GalaGG5728;Q1w2e3r4
GalaGG5729;Q1w2e3r4
GalaGG5730;Q1w2e3r4
GalaGG5731;Q1w2e3r4
GalaGG5732;Q1w2e3r4
GalaGG5733;Q1w2e3r4
GalaGG5734;Q1w2e3r4
GalaGG5735;Q1w2e3r4
GalaGG5736;Q1w2e3r4
GalaGG5737;Q1w2e3r4
GalaGG5738;Q1w2e3r4
GalaGG5739;Q1w2e3r4
GalaGG5740;Q1w2e3r4
GalaGG5741;Q1w2e3r4
GalaGG5742;Q1w2e3r4
GalaGG5743;Q1w2e3r4
GalaGG5744;Q1w2e3r4
GalaGG5745;Q1w2e3r4
GalaGG5746;Q1w2e3r4
GalaGG5747;Q1w2e3r4
GalaGG5748;Q1w2e3r4
GalaGG5749;Q1w2e3r4
GalaGG5750;Q1w2e3r4
GalaGG5751;Q1w2e3r4
GalaGG5752;Q1w2e3r4
GalaGG5753;Q1w2e3r4
GalaGG5754;Q1w2e3r4
GalaGG5755;Q1w2e3r4
GalaGG5756;Q1w2e3r4
GalaGG5757;Q1w2e3r4
GalaGG5758;Q1w2e3r4
GalaGG5759;Q1w2e3r4
GalaGG5760;Q1w2e3r4
GalaGG5761;Q1w2e3r4
GalaGG5762;Q1w2e3r4
GalaGG5763;Q1w2e3r4
GalaGG5764;Q1w2e3r4
GalaGG5765;Q1w2e3r4
GalaGG5766;Q1w2e3r4
GalaGG5767;Q1w2e3r4
GalaGG5768;Q1w2e3r4
GalaGG5769;Q1w2e3r4
GalaGG5770;Q1w2e3r4
GalaGG5771;Q1w2e3r4
GalaGG5772;Q1w2e3r4
GalaGG5773;Q1w2e3r4
GalaGG5774;Q1w2e3r4
GalaGG5775;Q1w2e3r4
GalaGG5776;Q1w2e3r4
GalaGG5777;Q1w2e3r4
GalaGG5778;Q1w2e3r4
GalaGG5779;Q1w2e3r4
GalaGG5780;Q1w2e3r4
GalaGG5781;Q1w2e3r4
GalaGG5782;Q1w2e3r4
GalaGG5783;Q1w2e3r4
GalaGG5784;Q1w2e3r4
GalaGG5785;Q1w2e3r4
GalaGG5786;Q1w2e3r4
GalaGG5787;Q1w2e3r4
GalaGG5788;Q1w2e3r4
GalaGG5789;Q1w2e3r4
GalaGG5790;Q1w2e3r4
GalaGG5791;Q1w2e3r4
GalaGG5792;Q1w2e3r4
GalaGG5793;Q1w2e3r4
GalaGG5794;Q1w2e3r4
GalaGG5795;Q1w2e3r4
GalaGG5796;Q1w2e3r4
GalaGG5797;Q1w2e3r4
GalaGG5798;Q1w2e3r4
GalaGG5799;Q1w2e3r4
GalaGG5800;Q1w2e3r4
GalaGG5801;Q1w2e3r4
GalaGG5802;Q1w2e3r4
GalaGG5803;Q1w2e3r4
GalaGG5804;Q1w2e3r4
GalaGG5805;Q1w2e3r4
GalaGG5806;Q1w2e3r4
GalaGG5807;Q1w2e3r4
GalaGG5808;Q1w2e3r4
GalaGG5809;Q1w2e3r4
GalaGG5810;Q1w2e3r4
GalaGG5811;Q1w2e3r4
GalaGG5812;Q1w2e3r4
GalaGG5813;Q1w2e3r4
GalaGG5814;Q1w2e3r4
GalaGG5815;Q1w2e3r4
GalaGG5816;Q1w2e3r4
GalaGG5817;Q1w2e3r4
GalaGG5818;Q1w2e3r4
GalaGG5819;Q1w2e3r4
GalaGG5820;Q1w2e3r4
GalaGG5821;Q1w2e3r4
GalaGG5822;Q1w2e3r4
GalaGG5823;Q1w2e3r4
GalaGG5824;Q1w2e3r4
GalaGG5825;Q1w2e3r4
GalaGG5826;Q1w2e3r4
GalaGG5827;Q1w2e3r4
GalaGG5828;Q1w2e3r4
GalaGG5829;Q1w2e3r4
GalaGG5830;Q1w2e3r4
GalaGG5831;Q1w2e3r4
GalaGG5832;Q1w2e3r4
GalaGG5833;Q1w2e3r4
GalaGG5834;Q1w2e3r4
GalaGG5835;Q1w2e3r4
GalaGG5836;Q1w2e3r4
GalaGG5837;Q1w2e3r4
GalaGG5838;Q1w2e3r4
GalaGG5839;Q1w2e3r4
GalaGG5840;Q1w2e3r4
GalaGG5841;Q1w2e3r4
GalaGG5842;Q1w2e3r4
GalaGG5843;Q1w2e3r4
GalaGG5844;Q1w2e3r4
GalaGG5845;Q1w2e3r4
GalaGG5846;Q1w2e3r4
GalaGG5847;Q1w2e3r4
GalaGG5848;Q1w2e3r4
GalaGG5849;Q1w2e3r4
GalaGG5850;Q1w2e3r4
GalaGG5851;Q1w2e3r4
GalaGG5852;Q1w2e3r4
GalaGG5853;Q1w2e3r4
GalaGG5854;Q1w2e3r4
GalaGG5855;Q1w2e3r4
GalaGG5856;Q1w2e3r4
GalaGG5857;Q1w2e3r4
GalaGG5858;Q1w2e3r4
GalaGG5859;Q1w2e3r4
GalaGG5860;Q1w2e3r4
GalaGG5861;Q1w2e3r4
GalaGG5862;Q1w2e3r4
GalaGG5863;Q1w2e3r4
GalaGG5864;Q1w2e3r4
GalaGG5865;Q1w2e3r4
GalaGG5866;Q1w2e3r4
GalaGG5867;Q1w2e3r4
GalaGG5868;Q1w2e3r4
GalaGG5869;Q1w2e3r4
GalaGG5870;Q1w2e3r4
GalaGG5871;Q1w2e3r4
GalaGG5872;Q1w2e3r4
GalaGG5873;Q1w2e3r4
GalaGG5874;Q1w2e3r4
GalaGG5875;Q1w2e3r4
GalaGG5876;Q1w2e3r4
GalaGG5877;Q1w2e3r4
GalaGG5878;Q1w2e3r4
GalaGG5879;Q1w2e3r4
GalaGG5880;Q1w2e3r4
GalaGG5881;Q1w2e3r4
GalaGG5882;Q1w2e3r4
GalaGG5883;Q1w2e3r4
GalaGG5884;Q1w2e3r4
GalaGG5885;Q1w2e3r4
GalaGG5886;Q1w2e3r4
GalaGG5887;Q1w2e3r4
GalaGG5888;Q1w2e3r4
GalaGG5889;Q1w2e3r4
GalaGG5890;Q1w2e3r4
GalaGG5891;Q1w2e3r4
GalaGG5892;Q1w2e3r4
GalaGG5893;Q1w2e3r4
GalaGG5894;Q1w2e3r4
GalaGG5895;Q1w2e3r4
GalaGG5896;Q1w2e3r4
GalaGG5897;Q1w2e3r4
GalaGG5898;Q1w2e3r4
GalaGG5899;Q1w2e3r4
GalaGG5900;Q1w2e3r4
GalaGG5901;Q1w2e3r4
GalaGG5902;Q1w2e3r4
GalaGG5903;Q1w2e3r4
GalaGG5904;Q1w2e3r4
GalaGG5905;Q1w2e3r4
GalaGG5906;Q1w2e3r4
GalaGG5907;Q1w2e3r4
GalaGG5908;Q1w2e3r4
GalaGG5909;Q1w2e3r4
GalaGG5910;Q1w2e3r4
GalaGG5911;Q1w2e3r4
GalaGG5912;Q1w2e3r4
GalaGG5913;Q1w2e3r4
GalaGG5914;Q1w2e3r4
GalaGG5915;Q1w2e3r4
GalaGG5916;Q1w2e3r4
GalaGG5917;Q1w2e3r4
GalaGG5918;Q1w2e3r4
GalaGG5919;Q1w2e3r4
GalaGG5920;Q1w2e3r4
GalaGG5921;Q1w2e3r4
GalaGG5922;Q1w2e3r4
GalaGG5923;Q1w2e3r4
GalaGG5924;Q1w2e3r4
GalaGG5925;Q1w2e3r4
GalaGG5926;Q1w2e3r4
GalaGG5927;Q1w2e3r4
GalaGG5928;Q1w2e3r4
GalaGG5929;Q1w2e3r4
GalaGG5930;Q1w2e3r4
GalaGG5931;Q1w2e3r4
GalaGG5932;Q1w2e3r4
GalaGG5933;Q1w2e3r4
GalaGG5934;Q1w2e3r4
GalaGG5935;Q1w2e3r4
GalaGG5936;Q1w2e3r4
GalaGG5937;Q1w2e3r4
GalaGG5938;Q1w2e3r4
GalaGG5939;Q1w2e3r4
GalaGG5940;Q1w2e3r4
GalaGG5941;Q1w2e3r4
GalaGG5942;Q1w2e3r4
GalaGG5943;Q1w2e3r4
GalaGG5944;Q1w2e3r4
GalaGG5945;Q1w2e3r4
GalaGG5946;Q1w2e3r4
GalaGG5947;Q1w2e3r4
GalaGG5948;Q1w2e3r4
GalaGG5949;Q1w2e3r4
GalaGG5950;Q1w2e3r4
GalaGG5951;Q1w2e3r4
GalaGG5952;Q1w2e3r4
GalaGG5953;Q1w2e3r4
GalaGG5954;Q1w2e3r4
GalaGG5955;Q1w2e3r4
GalaGG5956;Q1w2e3r4
GalaGG5957;Q1w2e3r4
GalaGG5958;Q1w2e3r4
GalaGG5959;Q1w2e3r4
GalaGG5960;Q1w2e3r4
GalaGG5961;Q1w2e3r4
GalaGG5962;Q1w2e3r4
GalaGG5963;Q1w2e3r4
GalaGG5964;Q1w2e3r4
GalaGG5965;Q1w2e3r4
GalaGG5966;Q1w2e3r4
GalaGG5967;Q1w2e3r4
GalaGG5968;Q1w2e3r4
GalaGG5969;Q1w2e3r4
GalaGG5970;Q1w2e3r4
GalaGG5971;Q1w2e3r4
GalaGG5972;Q1w2e3r4
GalaGG5973;Q1w2e3r4
GalaGG5974;Q1w2e3r4
GalaGG5975;Q1w2e3r4
GalaGG5976;Q1w2e3r4
GalaGG5977;Q1w2e3r4
GalaGG5978;Q1w2e3r4
GalaGG5979;Q1w2e3r4
GalaGG5980;Q1w2e3r4
GalaGG5981;Q1w2e3r4
GalaGG5982;Q1w2e3r4
GalaGG5983;Q1w2e3r4
GalaGG5984;Q1w2e3r4
GalaGG5985;Q1w2e3r4
GalaGG5986;Q1w2e3r4
GalaGG5987;Q1w2e3r4
GalaGG5988;Q1w2e3r4
GalaGG5989;Q1w2e3r4
GalaGG5990;Q1w2e3r4
GalaGG5991;Q1w2e3r4
GalaGG5992;Q1w2e3r4
GalaGG5993;Q1w2e3r4
GalaGG5994;Q1w2e3r4
GalaGG5995;Q1w2e3r4
GalaGG5996;Q1w2e3r4
GalaGG5997;Q1w2e3r4
GalaGG5998;Q1w2e3r4
GalaGG5999;Q1w2e3r4
GalaGG6000;Q1w2e3r4
GalaGG6001;Q1w2e3r4
GalaGG6002;Q1w2e3r4
GalaGG6003;Q1w2e3r4
GalaGG6004;Q1w2e3r4
GalaGG6005;Q1w2e3r4
GalaGG6006;Q1w2e3r4
GalaGG6007;Q1w2e3r4
GalaGG6008;Q1w2e3r4
GalaGG6009;Q1w2e3r4
GalaGG6010;Q1w2e3r4
GalaGG6011;Q1w2e3r4
GalaGG6012;Q1w2e3r4
GalaGG6013;Q1w2e3r4
GalaGG6014;Q1w2e3r4
GalaGG6015;Q1w2e3r4
GalaGG6016;Q1w2e3r4
GalaGG6017;Q1w2e3r4
GalaGG6018;Q1w2e3r4
GalaGG6019;Q1w2e3r4
GalaGG6020;Q1w2e3r4
GalaGG6021;Q1w2e3r4
GalaGG6022;Q1w2e3r4
GalaGG6023;Q1w2e3r4
GalaGG6024;Q1w2e3r4
GalaGG6025;Q1w2e3r4
GalaGG6026;Q1w2e3r4
GalaGG6027;Q1w2e3r4
GalaGG6028;Q1w2e3r4
GalaGG6029;Q1w2e3r4
GalaGG6030;Q1w2e3r4
GalaGG6031;Q1w2e3r4
GalaGG6032;Q1w2e3r4
GalaGG6033;Q1w2e3r4
GalaGG6034;Q1w2e3r4
GalaGG6035;Q1w2e3r4
GalaGG6036;Q1w2e3r4
GalaGG6037;Q1w2e3r4
GalaGG6038;Q1w2e3r4
GalaGG6039;Q1w2e3r4
GalaGG6040;Q1w2e3r4
GalaGG6041;Q1w2e3r4
GalaGG6042;Q1w2e3r4
GalaGG6043;Q1w2e3r4
GalaGG6044;Q1w2e3r4
GalaGG6045;Q1w2e3r4
GalaGG6046;Q1w2e3r4
GalaGG6047;Q1w2e3r4
GalaGG6048;Q1w2e3r4
GalaGG6049;Q1w2e3r4
GalaGG6050;Q1w2e3r4
GalaGG6051;Q1w2e3r4
GalaGG6052;Q1w2e3r4
GalaGG6053;Q1w2e3r4
GalaGG6054;Q1w2e3r4
GalaGG6055;Q1w2e3r4
GalaGG6056;Q1w2e3r4
GalaGG6057;Q1w2e3r4
GalaGG6058;Q1w2e3r4
GalaGG6059;Q1w2e3r4
GalaGG6060;Q1w2e3r4
GalaGG6061;Q1w2e3r4
GalaGG6062;Q1w2e3r4
GalaGG6063;Q1w2e3r4
GalaGG6064;Q1w2e3r4
GalaGG6065;Q1w2e3r4
GalaGG6066;Q1w2e3r4
GalaGG6067;Q1w2e3r4
GalaGG6068;Q1w2e3r4
GalaGG6069;Q1w2e3r4
GalaGG6070;Q1w2e3r4
GalaGG6071;Q1w2e3r4
GalaGG6072;Q1w2e3r4
GalaGG6073;Q1w2e3r4
GalaGG6074;Q1w2e3r4
GalaGG6075;Q1w2e3r4
GalaGG6076;Q1w2e3r4
GalaGG6077;Q1w2e3r4
GalaGG6078;Q1w2e3r4
GalaGG6079;Q1w2e3r4
GalaGG6080;Q1w2e3r4
GalaGG6081;Q1w2e3r4
GalaGG6082;Q1w2e3r4
GalaGG6083;Q1w2e3r4
GalaGG6084;Q1w2e3r4
GalaGG6085;Q1w2e3r4
GalaGG6086;Q1w2e3r4
GalaGG6087;Q1w2e3r4
GalaGG6088;Q1w2e3r4
GalaGG6089;Q1w2e3r4
GalaGG6090;Q1w2e3r4
GalaGG6091;Q1w2e3r4
GalaGG6092;Q1w2e3r4
GalaGG6093;Q1w2e3r4
GalaGG6094;Q1w2e3r4
GalaGG6095;Q1w2e3r4
GalaGG6096;Q1w2e3r4
GalaGG6097;Q1w2e3r4
GalaGG6098;Q1w2e3r4
GalaGG6099;Q1w2e3r4
GalaGG6100;Q1w2e3r4
GalaGG6101;Q1w2e3r4
GalaGG6102;Q1w2e3r4
GalaGG6103;Q1w2e3r4
GalaGG6104;Q1w2e3r4
GalaGG6105;Q1w2e3r4
GalaGG6106;Q1w2e3r4
GalaGG6107;Q1w2e3r4
GalaGG6108;Q1w2e3r4
GalaGG6109;Q1w2e3r4
GalaGG6110;Q1w2e3r4
GalaGG6111;Q1w2e3r4
GalaGG6112;Q1w2e3r4
GalaGG6113;Q1w2e3r4
GalaGG6114;Q1w2e3r4
GalaGG6115;Q1w2e3r4
GalaGG6116;Q1w2e3r4
GalaGG6117;Q1w2e3r4
GalaGG6118;Q1w2e3r4
GalaGG6119;Q1w2e3r4
GalaGG6120;Q1w2e3r4
GalaGG6121;Q1w2e3r4
GalaGG6122;Q1w2e3r4
GalaGG6123;Q1w2e3r4
GalaGG6124;Q1w2e3r4
GalaGG6125;Q1w2e3r4
GalaGG6126;Q1w2e3r4
GalaGG6127;Q1w2e3r4
GalaGG6128;Q1w2e3r4
GalaGG6129;Q1w2e3r4
GalaGG6130;Q1w2e3r4
GalaGG6131;Q1w2e3r4
GalaGG6132;Q1w2e3r4
GalaGG6133;Q1w2e3r4
GalaGG6134;Q1w2e3r4
GalaGG6135;Q1w2e3r4
GalaGG6136;Q1w2e3r4
GalaGG6137;Q1w2e3r4
GalaGG6138;Q1w2e3r4
GalaGG6139;Q1w2e3r4
GalaGG6140;Q1w2e3r4
GalaGG6141;Q1w2e3r4
GalaGG6142;Q1w2e3r4
GalaGG6143;Q1w2e3r4
GalaGG6144;Q1w2e3r4
GalaGG6145;Q1w2e3r4
GalaGG6146;Q1w2e3r4
GalaGG6147;Q1w2e3r4
GalaGG6148;Q1w2e3r4
GalaGG6149;Q1w2e3r4
GalaGG6150;Q1w2e3r4
GalaGG6151;Q1w2e3r4
GalaGG6152;Q1w2e3r4
GalaGG6153;Q1w2e3r4
GalaGG6154;Q1w2e3r4
GalaGG6155;Q1w2e3r4
GalaGG6156;Q1w2e3r4
GalaGG6157;Q1w2e3r4
GalaGG6158;Q1w2e3r4
GalaGG6159;Q1w2e3r4
GalaGG6160;Q1w2e3r4
GalaGG6161;Q1w2e3r4
GalaGG6162;Q1w2e3r4
GalaGG6163;Q1w2e3r4
GalaGG6164;Q1w2e3r4
GalaGG6165;Q1w2e3r4
GalaGG6166;Q1w2e3r4
GalaGG6167;Q1w2e3r4
GalaGG6168;Q1w2e3r4
GalaGG6169;Q1w2e3r4
GalaGG6170;Q1w2e3r4
GalaGG6171;Q1w2e3r4
GalaGG6172;Q1w2e3r4
GalaGG6173;Q1w2e3r4
GalaGG6174;Q1w2e3r4
GalaGG6175;Q1w2e3r4
GalaGG6176;Q1w2e3r4
GalaGG6177;Q1w2e3r4
GalaGG6178;Q1w2e3r4
GalaGG6179;Q1w2e3r4
GalaGG6180;Q1w2e3r4
GalaGG6181;Q1w2e3r4
GalaGG6182;Q1w2e3r4
GalaGG6183;Q1w2e3r4
GalaGG6184;Q1w2e3r4
GalaGG6185;Q1w2e3r4
GalaGG6186;Q1w2e3r4
GalaGG6187;Q1w2e3r4
GalaGG6188;Q1w2e3r4
GalaGG6189;Q1w2e3r4
GalaGG6190;Q1w2e3r4
GalaGG6191;Q1w2e3r4
GalaGG6192;Q1w2e3r4
GalaGG6193;Q1w2e3r4
GalaGG6194;Q1w2e3r4
GalaGG6195;Q1w2e3r4
GalaGG6196;Q1w2e3r4
GalaGG6197;Q1w2e3r4
GalaGG6198;Q1w2e3r4
GalaGG6199;Q1w2e3r4
GalaGG6200;Q1w2e3r4
GalaGG6201;Q1w2e3r4
GalaGG6202;Q1w2e3r4
GalaGG6203;Q1w2e3r4
GalaGG6204;Q1w2e3r4
GalaGG6205;Q1w2e3r4
GalaGG6206;Q1w2e3r4
GalaGG6207;Q1w2e3r4
GalaGG6208;Q1w2e3r4
GalaGG6209;Q1w2e3r4
GalaGG6210;Q1w2e3r4
GalaGG6211;Q1w2e3r4
GalaGG6212;Q1w2e3r4
GalaGG6213;Q1w2e3r4
GalaGG6214;Q1w2e3r4
GalaGG6215;Q1w2e3r4
GalaGG6216;Q1w2e3r4
GalaGG6217;Q1w2e3r4
GalaGG6218;Q1w2e3r4
GalaGG6219;Q1w2e3r4
GalaGG6220;Q1w2e3r4
GalaGG6221;Q1w2e3r4
GalaGG6222;Q1w2e3r4
GalaGG6223;Q1w2e3r4
GalaGG6224;Q1w2e3r4
GalaGG6225;Q1w2e3r4
GalaGG6226;Q1w2e3r4
GalaGG6227;Q1w2e3r4
GalaGG6228;Q1w2e3r4
GalaGG6229;Q1w2e3r4
GalaGG6230;Q1w2e3r4
GalaGG6231;Q1w2e3r4
GalaGG6232;Q1w2e3r4
GalaGG6233;Q1w2e3r4
GalaGG6234;Q1w2e3r4
GalaGG6235;Q1w2e3r4
GalaGG6236;Q1w2e3r4
GalaGG6237;Q1w2e3r4
GalaGG6238;Q1w2e3r4
GalaGG6239;Q1w2e3r4
GalaGG6240;Q1w2e3r4
GalaGG6241;Q1w2e3r4
GalaGG6242;Q1w2e3r4
GalaGG6243;Q1w2e3r4
GalaGG6244;Q1w2e3r4
GalaGG6245;Q1w2e3r4
GalaGG6246;Q1w2e3r4
GalaGG6247;Q1w2e3r4
GalaGG6248;Q1w2e3r4
GalaGG6249;Q1w2e3r4
GalaGG6250;Q1w2e3r4
GalaGG6251;Q1w2e3r4
GalaGG6252;Q1w2e3r4
GalaGG6253;Q1w2e3r4
GalaGG6254;Q1w2e3r4
GalaGG6255;Q1w2e3r4
GalaGG6256;Q1w2e3r4
GalaGG6257;Q1w2e3r4
GalaGG6258;Q1w2e3r4
GalaGG6259;Q1w2e3r4
GalaGG6260;Q1w2e3r4
GalaGG6261;Q1w2e3r4
GalaGG6262;Q1w2e3r4
GalaGG6263;Q1w2e3r4
GalaGG6264;Q1w2e3r4
GalaGG6265;Q1w2e3r4
GalaGG6266;Q1w2e3r4
GalaGG6267;Q1w2e3r4
GalaGG6268;Q1w2e3r4
GalaGG6269;Q1w2e3r4
GalaGG6270;Q1w2e3r4
GalaGG6271;Q1w2e3r4
GalaGG6272;Q1w2e3r4
GalaGG6273;Q1w2e3r4
GalaGG6274;Q1w2e3r4
GalaGG6275;Q1w2e3r4
GalaGG6276;Q1w2e3r4
GalaGG6277;Q1w2e3r4
GalaGG6278;Q1w2e3r4
GalaGG6279;Q1w2e3r4
GalaGG6280;Q1w2e3r4
GalaGG6281;Q1w2e3r4
GalaGG6282;Q1w2e3r4
GalaGG6283;Q1w2e3r4
GalaGG6284;Q1w2e3r4
GalaGG6285;Q1w2e3r4
GalaGG6286;Q1w2e3r4
GalaGG6287;Q1w2e3r4
GalaGG6288;Q1w2e3r4
GalaGG6289;Q1w2e3r4
GalaGG6290;Q1w2e3r4
GalaGG6291;Q1w2e3r4
GalaGG6292;Q1w2e3r4
GalaGG6293;Q1w2e3r4
GalaGG6294;Q1w2e3r4
GalaGG6295;Q1w2e3r4
GalaGG6296;Q1w2e3r4
GalaGG6297;Q1w2e3r4
GalaGG6298;Q1w2e3r4
GalaGG6299;Q1w2e3r4
GalaGG6300;Q1w2e3r4
GalaGG6301;Q1w2e3r4
GalaGG6302;Q1w2e3r4
GalaGG6303;Q1w2e3r4
GalaGG6304;Q1w2e3r4
GalaGG6305;Q1w2e3r4
GalaGG6306;Q1w2e3r4
GalaGG6307;Q1w2e3r4
GalaGG6308;Q1w2e3r4
GalaGG6309;Q1w2e3r4
GalaGG6310;Q1w2e3r4
GalaGG6311;Q1w2e3r4
GalaGG6312;Q1w2e3r4
GalaGG6313;Q1w2e3r4
GalaGG6314;Q1w2e3r4
GalaGG6315;Q1w2e3r4
GalaGG6316;Q1w2e3r4
GalaGG6317;Q1w2e3r4
GalaGG6318;Q1w2e3r4
GalaGG6319;Q1w2e3r4
GalaGG6320;Q1w2e3r4
GalaGG6321;Q1w2e3r4
GalaGG6322;Q1w2e3r4
GalaGG6323;Q1w2e3r4
GalaGG6324;Q1w2e3r4
GalaGG6325;Q1w2e3r4
GalaGG6326;Q1w2e3r4
GalaGG6327;Q1w2e3r4
GalaGG6328;Q1w2e3r4
GalaGG6329;Q1w2e3r4
GalaGG6330;Q1w2e3r4
GalaGG6331;Q1w2e3r4
GalaGG6332;Q1w2e3r4
GalaGG6333;Q1w2e3r4
GalaGG6334;Q1w2e3r4
GalaGG6335;Q1w2e3r4
GalaGG6336;Q1w2e3r4
GalaGG6337;Q1w2e3r4
GalaGG6338;Q1w2e3r4
GalaGG6339;Q1w2e3r4
GalaGG6340;Q1w2e3r4
GalaGG6341;Q1w2e3r4
GalaGG6342;Q1w2e3r4
GalaGG6343;Q1w2e3r4
GalaGG6344;Q1w2e3r4
GalaGG6345;Q1w2e3r4
GalaGG6346;Q1w2e3r4
GalaGG6347;Q1w2e3r4
GalaGG6348;Q1w2e3r4
GalaGG6349;Q1w2e3r4
GalaGG6350;Q1w2e3r4
GalaGG6351;Q1w2e3r4
GalaGG6352;Q1w2e3r4
GalaGG6353;Q1w2e3r4
GalaGG6354;Q1w2e3r4
GalaGG6355;Q1w2e3r4
GalaGG6356;Q1w2e3r4
GalaGG6357;Q1w2e3r4
GalaGG6358;Q1w2e3r4
GalaGG6359;Q1w2e3r4
GalaGG6360;Q1w2e3r4
GalaGG6361;Q1w2e3r4
GalaGG6362;Q1w2e3r4
GalaGG6363;Q1w2e3r4
GalaGG6364;Q1w2e3r4
GalaGG6365;Q1w2e3r4
GalaGG6366;Q1w2e3r4
GalaGG6367;Q1w2e3r4
GalaGG6368;Q1w2e3r4
GalaGG6369;Q1w2e3r4
GalaGG6370;Q1w2e3r4
GalaGG6371;Q1w2e3r4
GalaGG6372;Q1w2e3r4
GalaGG6373;Q1w2e3r4
GalaGG6374;Q1w2e3r4
GalaGG6375;Q1w2e3r4
GalaGG6376;Q1w2e3r4
GalaGG6377;Q1w2e3r4
GalaGG6378;Q1w2e3r4
GalaGG6379;Q1w2e3r4
GalaGG6380;Q1w2e3r4
GalaGG6381;Q1w2e3r4
GalaGG6382;Q1w2e3r4
GalaGG6383;Q1w2e3r4
GalaGG6384;Q1w2e3r4
GalaGG6385;Q1w2e3r4
GalaGG6386;Q1w2e3r4
GalaGG6387;Q1w2e3r4
GalaGG6388;Q1w2e3r4
GalaGG6389;Q1w2e3r4
GalaGG6390;Q1w2e3r4
GalaGG6391;Q1w2e3r4
GalaGG6392;Q1w2e3r4
GalaGG6393;Q1w2e3r4
GalaGG6394;Q1w2e3r4
GalaGG6395;Q1w2e3r4
GalaGG6396;Q1w2e3r4
GalaGG6397;Q1w2e3r4
GalaGG6398;Q1w2e3r4
GalaGG6399;Q1w2e3r4
GalaGG6400;Q1w2e3r4
GalaGG6401;Q1w2e3r4
GalaGG6402;Q1w2e3r4
GalaGG6403;Q1w2e3r4
GalaGG6404;Q1w2e3r4
GalaGG6405;Q1w2e3r4
GalaGG6406;Q1w2e3r4
GalaGG6407;Q1w2e3r4
GalaGG6408;Q1w2e3r4
GalaGG6409;Q1w2e3r4
GalaGG6410;Q1w2e3r4
GalaGG6411;Q1w2e3r4
GalaGG6412;Q1w2e3r4
GalaGG6413;Q1w2e3r4
GalaGG6414;Q1w2e3r4
GalaGG6415;Q1w2e3r4
GalaGG6416;Q1w2e3r4
GalaGG6417;Q1w2e3r4
GalaGG6418;Q1w2e3r4
GalaGG6419;Q1w2e3r4
GalaGG6420;Q1w2e3r4
GalaGG6421;Q1w2e3r4
GalaGG6422;Q1w2e3r4
GalaGG6423;Q1w2e3r4
GalaGG6424;Q1w2e3r4
GalaGG6425;Q1w2e3r4
GalaGG6426;Q1w2e3r4
GalaGG6427;Q1w2e3r4
GalaGG6428;Q1w2e3r4
GalaGG6429;Q1w2e3r4
GalaGG6430;Q1w2e3r4
GalaGG6431;Q1w2e3r4
GalaGG6432;Q1w2e3r4
GalaGG6433;Q1w2e3r4
GalaGG6434;Q1w2e3r4
GalaGG6435;Q1w2e3r4
GalaGG6436;Q1w2e3r4
GalaGG6437;Q1w2e3r4
GalaGG6438;Q1w2e3r4
GalaGG6439;Q1w2e3r4
GalaGG6440;Q1w2e3r4
GalaGG6441;Q1w2e3r4
GalaGG6442;Q1w2e3r4
GalaGG6443;Q1w2e3r4
GalaGG6444;Q1w2e3r4
GalaGG6445;Q1w2e3r4
GalaGG6446;Q1w2e3r4
GalaGG6447;Q1w2e3r4
GalaGG6448;Q1w2e3r4
GalaGG6449;Q1w2e3r4
GalaGG6450;Q1w2e3r4
GalaGG6451;Q1w2e3r4
GalaGG6452;Q1w2e3r4
GalaGG6453;Q1w2e3r4
GalaGG6454;Q1w2e3r4
GalaGG6455;Q1w2e3r4
GalaGG6456;Q1w2e3r4
GalaGG6457;Q1w2e3r4
GalaGG6458;Q1w2e3r4
GalaGG6459;Q1w2e3r4
GalaGG6460;Q1w2e3r4
GalaGG6461;Q1w2e3r4
GalaGG6462;Q1w2e3r4
GalaGG6463;Q1w2e3r4
GalaGG6464;Q1w2e3r4
GalaGG6465;Q1w2e3r4
GalaGG6466;Q1w2e3r4
GalaGG6467;Q1w2e3r4
GalaGG6468;Q1w2e3r4
GalaGG6469;Q1w2e3r4
GalaGG6470;Q1w2e3r4
GalaGG6471;Q1w2e3r4
GalaGG6472;Q1w2e3r4
GalaGG6473;Q1w2e3r4
GalaGG6474;Q1w2e3r4
GalaGG6475;Q1w2e3r4
GalaGG6476;Q1w2e3r4
GalaGG6477;Q1w2e3r4
GalaGG6478;Q1w2e3r4
GalaGG6479;Q1w2e3r4
GalaGG6480;Q1w2e3r4
GalaGG6481;Q1w2e3r4
GalaGG6482;Q1w2e3r4
GalaGG6483;Q1w2e3r4
GalaGG6484;Q1w2e3r4
GalaGG6485;Q1w2e3r4
GalaGG6486;Q1w2e3r4
GalaGG6487;Q1w2e3r4
GalaGG6488;Q1w2e3r4
GalaGG6489;Q1w2e3r4
GalaGG6490;Q1w2e3r4
GalaGG6491;Q1w2e3r4
GalaGG6492;Q1w2e3r4
GalaGG6493;Q1w2e3r4
GalaGG6494;Q1w2e3r4
GalaGG6495;Q1w2e3r4
GalaGG6496;Q1w2e3r4
GalaGG6497;Q1w2e3r4
GalaGG6498;Q1w2e3r4
GalaGG6499;Q1w2e3r4
GalaGG6500;Q1w2e3r4
GalaGG6501;Q1w2e3r4
GalaGG6502;Q1w2e3r4
GalaGG6503;Q1w2e3r4
GalaGG6504;Q1w2e3r4
GalaGG6505;Q1w2e3r4
GalaGG6506;Q1w2e3r4
GalaGG6507;Q1w2e3r4
GalaGG6508;Q1w2e3r4
GalaGG6509;Q1w2e3r4
GalaGG6510;Q1w2e3r4
GalaGG6511;Q1w2e3r4
GalaGG6512;Q1w2e3r4
GalaGG6513;Q1w2e3r4
GalaGG6514;Q1w2e3r4
GalaGG6515;Q1w2e3r4
GalaGG6516;Q1w2e3r4
GalaGG6517;Q1w2e3r4
GalaGG6518;Q1w2e3r4
GalaGG6519;Q1w2e3r4
GalaGG6520;Q1w2e3r4
GalaGG6521;Q1w2e3r4
GalaGG6522;Q1w2e3r4
GalaGG6523;Q1w2e3r4
GalaGG6524;Q1w2e3r4
GalaGG6525;Q1w2e3r4
GalaGG6526;Q1w2e3r4
GalaGG6527;Q1w2e3r4
GalaGG6528;Q1w2e3r4
GalaGG6529;Q1w2e3r4
GalaGG6530;Q1w2e3r4
GalaGG6531;Q1w2e3r4
GalaGG6532;Q1w2e3r4
GalaGG6533;Q1w2e3r4
GalaGG6534;Q1w2e3r4
GalaGG6535;Q1w2e3r4
GalaGG6536;Q1w2e3r4
GalaGG6537;Q1w2e3r4
GalaGG6538;Q1w2e3r4
GalaGG6539;Q1w2e3r4
GalaGG6540;Q1w2e3r4
GalaGG6541;Q1w2e3r4
GalaGG6542;Q1w2e3r4
GalaGG6543;Q1w2e3r4
GalaGG6544;Q1w2e3r4
GalaGG6545;Q1w2e3r4
GalaGG6546;Q1w2e3r4
GalaGG6547;Q1w2e3r4
GalaGG6548;Q1w2e3r4
GalaGG6549;Q1w2e3r4
GalaGG6550;Q1w2e3r4
GalaGG6551;Q1w2e3r4
GalaGG6552;Q1w2e3r4
GalaGG6553;Q1w2e3r4
GalaGG6554;Q1w2e3r4
GalaGG6555;Q1w2e3r4
GalaGG6556;Q1w2e3r4
GalaGG6557;Q1w2e3r4
GalaGG6558;Q1w2e3r4
GalaGG6559;Q1w2e3r4
GalaGG6560;Q1w2e3r4
GalaGG6561;Q1w2e3r4
GalaGG6562;Q1w2e3r4
GalaGG6563;Q1w2e3r4
GalaGG6564;Q1w2e3r4
GalaGG6565;Q1w2e3r4
GalaGG6566;Q1w2e3r4
GalaGG6567;Q1w2e3r4
GalaGG6568;Q1w2e3r4
GalaGG6569;Q1w2e3r4
GalaGG6570;Q1w2e3r4
GalaGG6571;Q1w2e3r4
GalaGG6572;Q1w2e3r4
GalaGG6573;Q1w2e3r4
GalaGG6574;Q1w2e3r4
GalaGG6575;Q1w2e3r4
GalaGG6576;Q1w2e3r4
GalaGG6577;Q1w2e3r4
GalaGG6578;Q1w2e3r4
GalaGG6579;Q1w2e3r4
GalaGG6580;Q1w2e3r4
GalaGG6581;Q1w2e3r4
GalaGG6582;Q1w2e3r4
GalaGG6583;Q1w2e3r4
GalaGG6584;Q1w2e3r4
GalaGG6585;Q1w2e3r4
GalaGG6586;Q1w2e3r4
GalaGG6587;Q1w2e3r4
GalaGG6588;Q1w2e3r4
GalaGG6589;Q1w2e3r4
GalaGG6590;Q1w2e3r4
GalaGG6591;Q1w2e3r4
GalaGG6592;Q1w2e3r4
GalaGG6593;Q1w2e3r4
GalaGG6594;Q1w2e3r4
GalaGG6595;Q1w2e3r4
GalaGG6596;Q1w2e3r4
GalaGG6597;Q1w2e3r4
GalaGG6598;Q1w2e3r4
GalaGG6599;Q1w2e3r4
GalaGG6600;Q1w2e3r4
GalaGG6601;Q1w2e3r4
GalaGG6602;Q1w2e3r4
GalaGG6603;Q1w2e3r4
GalaGG6604;Q1w2e3r4
GalaGG6605;Q1w2e3r4
GalaGG6606;Q1w2e3r4
GalaGG6607;Q1w2e3r4
GalaGG6608;Q1w2e3r4
GalaGG6609;Q1w2e3r4
GalaGG6610;Q1w2e3r4
GalaGG6611;Q1w2e3r4
GalaGG6612;Q1w2e3r4
GalaGG6613;Q1w2e3r4
GalaGG6614;Q1w2e3r4
GalaGG6615;Q1w2e3r4
GalaGG6616;Q1w2e3r4
GalaGG6617;Q1w2e3r4
GalaGG6618;Q1w2e3r4
GalaGG6619;Q1w2e3r4
GalaGG6620;Q1w2e3r4
GalaGG6621;Q1w2e3r4
GalaGG6622;Q1w2e3r4
GalaGG6623;Q1w2e3r4
GalaGG6624;Q1w2e3r4
GalaGG6625;Q1w2e3r4
GalaGG6626;Q1w2e3r4
GalaGG6627;Q1w2e3r4
GalaGG6628;Q1w2e3r4
GalaGG6629;Q1w2e3r4
GalaGG6630;Q1w2e3r4
GalaGG6631;Q1w2e3r4
GalaGG6632;Q1w2e3r4
GalaGG6633;Q1w2e3r4
GalaGG6634;Q1w2e3r4
GalaGG6635;Q1w2e3r4
GalaGG6636;Q1w2e3r4
GalaGG6637;Q1w2e3r4
GalaGG6638;Q1w2e3r4
GalaGG6639;Q1w2e3r4
GalaGG6640;Q1w2e3r4
GalaGG6641;Q1w2e3r4
GalaGG6642;Q1w2e3r4
GalaGG6643;Q1w2e3r4
GalaGG6644;Q1w2e3r4
GalaGG6645;Q1w2e3r4
GalaGG6646;Q1w2e3r4
GalaGG6647;Q1w2e3r4
GalaGG6648;Q1w2e3r4
GalaGG6649;Q1w2e3r4
GalaGG6650;Q1w2e3r4
GalaGG6651;Q1w2e3r4
GalaGG6652;Q1w2e3r4
GalaGG6653;Q1w2e3r4
GalaGG6654;Q1w2e3r4
GalaGG6655;Q1w2e3r4
GalaGG6656;Q1w2e3r4
GalaGG6657;Q1w2e3r4
GalaGG6658;Q1w2e3r4
GalaGG6659;Q1w2e3r4
GalaGG6660;Q1w2e3r4
GalaGG6661;Q1w2e3r4
GalaGG6662;Q1w2e3r4
GalaGG6663;Q1w2e3r4
GalaGG6664;Q1w2e3r4
GalaGG6665;Q1w2e3r4
GalaGG6666;Q1w2e3r4
GalaGG6667;Q1w2e3r4
GalaGG6668;Q1w2e3r4
GalaGG6669;Q1w2e3r4
GalaGG6670;Q1w2e3r4
GalaGG6671;Q1w2e3r4
GalaGG6672;Q1w2e3r4
GalaGG6673;Q1w2e3r4
GalaGG6674;Q1w2e3r4
GalaGG6675;Q1w2e3r4
GalaGG6676;Q1w2e3r4
GalaGG6677;Q1w2e3r4
GalaGG6678;Q1w2e3r4
GalaGG6679;Q1w2e3r4
GalaGG6680;Q1w2e3r4
GalaGG6681;Q1w2e3r4
GalaGG6682;Q1w2e3r4
GalaGG6683;Q1w2e3r4
GalaGG6684;Q1w2e3r4
GalaGG6685;Q1w2e3r4
GalaGG6686;Q1w2e3r4
GalaGG6687;Q1w2e3r4
GalaGG6688;Q1w2e3r4
GalaGG6689;Q1w2e3r4
GalaGG6690;Q1w2e3r4
GalaGG6691;Q1w2e3r4
GalaGG6692;Q1w2e3r4
GalaGG6693;Q1w2e3r4
GalaGG6694;Q1w2e3r4
GalaGG6695;Q1w2e3r4
GalaGG6696;Q1w2e3r4
GalaGG6697;Q1w2e3r4
GalaGG6698;Q1w2e3r4
GalaGG6699;Q1w2e3r4
GalaGG6700;Q1w2e3r4
GalaGG6701;Q1w2e3r4
GalaGG6702;Q1w2e3r4
GalaGG6703;Q1w2e3r4
GalaGG6704;Q1w2e3r4
GalaGG6705;Q1w2e3r4
GalaGG6706;Q1w2e3r4
GalaGG6707;Q1w2e3r4
GalaGG6708;Q1w2e3r4
GalaGG6709;Q1w2e3r4
GalaGG6710;Q1w2e3r4
GalaGG6711;Q1w2e3r4
GalaGG6712;Q1w2e3r4
GalaGG6713;Q1w2e3r4
GalaGG6714;Q1w2e3r4
GalaGG6715;Q1w2e3r4
GalaGG6716;Q1w2e3r4
GalaGG6717;Q1w2e3r4
GalaGG6718;Q1w2e3r4
GalaGG6719;Q1w2e3r4
GalaGG6720;Q1w2e3r4
GalaGG6721;Q1w2e3r4
GalaGG6722;Q1w2e3r4
GalaGG6723;Q1w2e3r4
GalaGG6724;Q1w2e3r4
GalaGG6725;Q1w2e3r4
GalaGG6726;Q1w2e3r4
GalaGG6727;Q1w2e3r4
GalaGG6728;Q1w2e3r4
GalaGG6729;Q1w2e3r4
GalaGG6730;Q1w2e3r4
GalaGG6731;Q1w2e3r4
GalaGG6732;Q1w2e3r4
GalaGG6733;Q1w2e3r4
GalaGG6734;Q1w2e3r4
GalaGG6735;Q1w2e3r4
GalaGG6736;Q1w2e3r4
GalaGG6737;Q1w2e3r4
GalaGG6738;Q1w2e3r4
GalaGG6739;Q1w2e3r4
GalaGG6740;Q1w2e3r4
GalaGG6741;Q1w2e3r4
GalaGG6742;Q1w2e3r4
GalaGG6743;Q1w2e3r4
GalaGG6744;Q1w2e3r4
GalaGG6745;Q1w2e3r4
GalaGG6746;Q1w2e3r4
GalaGG6747;Q1w2e3r4
GalaGG6748;Q1w2e3r4
GalaGG6749;Q1w2e3r4
GalaGG6750;Q1w2e3r4
GalaGG6751;Q1w2e3r4
GalaGG6752;Q1w2e3r4
GalaGG6753;Q1w2e3r4
GalaGG6754;Q1w2e3r4
GalaGG6755;Q1w2e3r4
GalaGG6756;Q1w2e3r4
GalaGG6757;Q1w2e3r4
GalaGG6758;Q1w2e3r4
GalaGG6759;Q1w2e3r4
GalaGG6760;Q1w2e3r4
GalaGG6761;Q1w2e3r4
GalaGG6762;Q1w2e3r4
GalaGG6763;Q1w2e3r4
GalaGG6764;Q1w2e3r4
GalaGG6765;Q1w2e3r4
GalaGG6766;Q1w2e3r4
GalaGG6767;Q1w2e3r4
GalaGG6768;Q1w2e3r4
GalaGG6769;Q1w2e3r4
GalaGG6770;Q1w2e3r4
GalaGG6771;Q1w2e3r4
GalaGG6772;Q1w2e3r4
GalaGG6773;Q1w2e3r4
GalaGG6774;Q1w2e3r4
GalaGG6775;Q1w2e3r4
GalaGG6776;Q1w2e3r4
GalaGG6777;Q1w2e3r4
GalaGG6778;Q1w2e3r4
GalaGG6779;Q1w2e3r4
GalaGG6780;Q1w2e3r4
GalaGG6781;Q1w2e3r4
GalaGG6782;Q1w2e3r4
GalaGG6783;Q1w2e3r4
GalaGG6784;Q1w2e3r4
GalaGG6785;Q1w2e3r4
GalaGG6786;Q1w2e3r4
GalaGG6787;Q1w2e3r4
GalaGG6788;Q1w2e3r4
GalaGG6789;Q1w2e3r4
GalaGG6790;Q1w2e3r4
GalaGG6791;Q1w2e3r4
GalaGG6792;Q1w2e3r4
GalaGG6793;Q1w2e3r4
GalaGG6794;Q1w2e3r4
GalaGG6795;Q1w2e3r4
GalaGG6796;Q1w2e3r4
GalaGG6797;Q1w2e3r4
GalaGG6798;Q1w2e3r4
GalaGG6799;Q1w2e3r4
GalaGG6800;Q1w2e3r4
GalaGG6801;Q1w2e3r4
GalaGG6802;Q1w2e3r4
GalaGG6803;Q1w2e3r4
GalaGG6804;Q1w2e3r4
GalaGG6805;Q1w2e3r4
GalaGG6806;Q1w2e3r4
GalaGG6807;Q1w2e3r4
GalaGG6808;Q1w2e3r4
GalaGG6809;Q1w2e3r4
GalaGG6810;Q1w2e3r4
GalaGG6811;Q1w2e3r4
GalaGG6812;Q1w2e3r4
GalaGG6813;Q1w2e3r4
GalaGG6814;Q1w2e3r4
GalaGG6815;Q1w2e3r4
GalaGG6816;Q1w2e3r4
GalaGG6817;Q1w2e3r4
GalaGG6818;Q1w2e3r4
GalaGG6819;Q1w2e3r4
GalaGG6820;Q1w2e3r4
GalaGG6821;Q1w2e3r4
GalaGG6822;Q1w2e3r4
GalaGG6823;Q1w2e3r4
GalaGG6824;Q1w2e3r4
GalaGG6825;Q1w2e3r4
GalaGG6826;Q1w2e3r4
GalaGG6827;Q1w2e3r4
GalaGG6828;Q1w2e3r4
GalaGG6829;Q1w2e3r4
GalaGG6830;Q1w2e3r4
GalaGG6831;Q1w2e3r4
GalaGG6832;Q1w2e3r4
GalaGG6833;Q1w2e3r4
GalaGG6834;Q1w2e3r4
GalaGG6835;Q1w2e3r4
GalaGG6836;Q1w2e3r4
GalaGG6837;Q1w2e3r4
GalaGG6838;Q1w2e3r4
GalaGG6839;Q1w2e3r4
GalaGG6840;Q1w2e3r4
GalaGG6841;Q1w2e3r4
GalaGG6842;Q1w2e3r4
GalaGG6843;Q1w2e3r4
GalaGG6844;Q1w2e3r4
GalaGG6845;Q1w2e3r4
GalaGG6846;Q1w2e3r4
GalaGG6847;Q1w2e3r4
GalaGG6848;Q1w2e3r4
GalaGG6849;Q1w2e3r4
GalaGG6850;Q1w2e3r4
GalaGG6851;Q1w2e3r4
GalaGG6852;Q1w2e3r4
GalaGG6853;Q1w2e3r4
GalaGG6854;Q1w2e3r4
GalaGG6855;Q1w2e3r4
GalaGG6856;Q1w2e3r4
GalaGG6857;Q1w2e3r4
GalaGG6858;Q1w2e3r4
GalaGG6859;Q1w2e3r4
GalaGG6860;Q1w2e3r4
GalaGG6861;Q1w2e3r4
GalaGG6862;Q1w2e3r4
GalaGG6863;Q1w2e3r4
GalaGG6864;Q1w2e3r4
GalaGG6865;Q1w2e3r4
GalaGG6866;Q1w2e3r4
GalaGG6867;Q1w2e3r4
GalaGG6868;Q1w2e3r4
GalaGG6869;Q1w2e3r4
GalaGG6870;Q1w2e3r4
GalaGG6871;Q1w2e3r4
GalaGG6872;Q1w2e3r4
GalaGG6873;Q1w2e3r4
GalaGG6874;Q1w2e3r4
GalaGG6875;Q1w2e3r4
GalaGG6876;Q1w2e3r4
GalaGG6877;Q1w2e3r4
GalaGG6878;Q1w2e3r4
GalaGG6879;Q1w2e3r4
GalaGG6880;Q1w2e3r4
GalaGG6881;Q1w2e3r4
GalaGG6882;Q1w2e3r4
GalaGG6883;Q1w2e3r4
GalaGG6884;Q1w2e3r4
GalaGG6885;Q1w2e3r4
GalaGG6886;Q1w2e3r4
GalaGG6887;Q1w2e3r4
GalaGG6888;Q1w2e3r4
GalaGG6889;Q1w2e3r4
GalaGG6890;Q1w2e3r4
GalaGG6891;Q1w2e3r4
GalaGG6892;Q1w2e3r4
GalaGG6893;Q1w2e3r4
GalaGG6894;Q1w2e3r4
GalaGG6895;Q1w2e3r4
GalaGG6896;Q1w2e3r4
GalaGG6897;Q1w2e3r4
GalaGG6898;Q1w2e3r4
GalaGG6899;Q1w2e3r4
GalaGG6900;Q1w2e3r4
GalaGG6901;Q1w2e3r4
GalaGG6902;Q1w2e3r4
GalaGG6903;Q1w2e3r4
GalaGG6904;Q1w2e3r4
GalaGG6905;Q1w2e3r4
GalaGG6906;Q1w2e3r4
GalaGG6907;Q1w2e3r4
GalaGG6908;Q1w2e3r4
GalaGG6909;Q1w2e3r4
GalaGG6910;Q1w2e3r4
GalaGG6911;Q1w2e3r4
GalaGG6912;Q1w2e3r4
GalaGG6913;Q1w2e3r4
GalaGG6914;Q1w2e3r4
GalaGG6915;Q1w2e3r4
GalaGG6916;Q1w2e3r4
GalaGG6917;Q1w2e3r4
GalaGG6918;Q1w2e3r4
GalaGG6919;Q1w2e3r4
GalaGG6920;Q1w2e3r4
GalaGG6921;Q1w2e3r4
GalaGG6922;Q1w2e3r4
GalaGG6923;Q1w2e3r4
GalaGG6924;Q1w2e3r4
GalaGG6925;Q1w2e3r4
GalaGG6926;Q1w2e3r4
GalaGG6927;Q1w2e3r4
GalaGG6928;Q1w2e3r4
GalaGG6929;Q1w2e3r4
GalaGG6930;Q1w2e3r4
GalaGG6931;Q1w2e3r4
GalaGG6932;Q1w2e3r4
GalaGG6933;Q1w2e3r4
GalaGG6934;Q1w2e3r4
GalaGG6935;Q1w2e3r4
GalaGG6936;Q1w2e3r4
GalaGG6937;Q1w2e3r4
GalaGG6938;Q1w2e3r4
GalaGG6939;Q1w2e3r4
GalaGG6940;Q1w2e3r4
GalaGG6941;Q1w2e3r4
GalaGG6942;Q1w2e3r4
GalaGG6943;Q1w2e3r4
GalaGG6944;Q1w2e3r4
GalaGG6945;Q1w2e3r4
GalaGG6946;Q1w2e3r4
GalaGG6947;Q1w2e3r4
GalaGG6948;Q1w2e3r4
GalaGG6949;Q1w2e3r4
GalaGG6950;Q1w2e3r4
GalaGG6951;Q1w2e3r4
GalaGG6952;Q1w2e3r4
GalaGG6953;Q1w2e3r4
GalaGG6954;Q1w2e3r4
GalaGG6955;Q1w2e3r4
GalaGG6956;Q1w2e3r4
GalaGG6957;Q1w2e3r4
GalaGG6958;Q1w2e3r4
GalaGG6959;Q1w2e3r4
GalaGG6960;Q1w2e3r4
GalaGG6961;Q1w2e3r4
GalaGG6962;Q1w2e3r4
GalaGG6963;Q1w2e3r4
GalaGG6964;Q1w2e3r4
GalaGG6965;Q1w2e3r4
GalaGG6966;Q1w2e3r4
GalaGG6967;Q1w2e3r4
GalaGG6968;Q1w2e3r4
GalaGG6969;Q1w2e3r4
GalaGG6970;Q1w2e3r4
GalaGG6971;Q1w2e3r4
GalaGG6972;Q1w2e3r4
GalaGG6973;Q1w2e3r4
GalaGG6974;Q1w2e3r4
GalaGG6975;Q1w2e3r4
GalaGG6976;Q1w2e3r4
GalaGG6977;Q1w2e3r4
GalaGG6978;Q1w2e3r4
GalaGG6979;Q1w2e3r4
GalaGG6980;Q1w2e3r4
GalaGG6981;Q1w2e3r4
GalaGG6982;Q1w2e3r4
GalaGG6983;Q1w2e3r4
GalaGG6984;Q1w2e3r4
GalaGG6985;Q1w2e3r4
GalaGG6986;Q1w2e3r4
GalaGG6987;Q1w2e3r4
GalaGG6988;Q1w2e3r4
GalaGG6989;Q1w2e3r4
GalaGG6990;Q1w2e3r4
GalaGG6991;Q1w2e3r4
GalaGG6992;Q1w2e3r4
GalaGG6993;Q1w2e3r4
GalaGG6994;Q1w2e3r4
GalaGG6995;Q1w2e3r4
GalaGG6996;Q1w2e3r4
GalaGG6997;Q1w2e3r4
GalaGG6998;Q1w2e3r4
GalaGG6999;Q1w2e3r4
GalaGG7000;Q1w2e3r4
GalaGG7001;Q1w2e3r4
GalaGG7002;Q1w2e3r4
GalaGG7003;Q1w2e3r4
GalaGG7004;Q1w2e3r4
GalaGG7005;Q1w2e3r4
GalaGG7006;Q1w2e3r4
GalaGG7007;Q1w2e3r4
GalaGG7008;Q1w2e3r4
GalaGG7009;Q1w2e3r4
GalaGG7010;Q1w2e3r4
GalaGG7011;Q1w2e3r4
GalaGG7012;Q1w2e3r4
GalaGG7013;Q1w2e3r4
GalaGG7014;Q1w2e3r4
GalaGG7015;Q1w2e3r4
GalaGG7016;Q1w2e3r4
GalaGG7017;Q1w2e3r4
GalaGG7018;Q1w2e3r4
GalaGG7019;Q1w2e3r4
GalaGG7020;Q1w2e3r4
GalaGG7021;Q1w2e3r4
GalaGG7022;Q1w2e3r4
GalaGG7023;Q1w2e3r4
GalaGG7024;Q1w2e3r4
GalaGG7025;Q1w2e3r4
GalaGG7026;Q1w2e3r4
GalaGG7027;Q1w2e3r4
GalaGG7028;Q1w2e3r4
GalaGG7029;Q1w2e3r4
GalaGG7030;Q1w2e3r4
GalaGG7031;Q1w2e3r4
GalaGG7032;Q1w2e3r4
GalaGG7033;Q1w2e3r4
GalaGG7034;Q1w2e3r4
GalaGG7035;Q1w2e3r4
GalaGG7036;Q1w2e3r4
GalaGG7037;Q1w2e3r4
GalaGG7038;Q1w2e3r4
GalaGG7039;Q1w2e3r4
GalaGG7040;Q1w2e3r4
GalaGG7041;Q1w2e3r4
GalaGG7042;Q1w2e3r4
GalaGG7043;Q1w2e3r4
GalaGG7044;Q1w2e3r4
GalaGG7045;Q1w2e3r4
GalaGG7046;Q1w2e3r4
GalaGG7047;Q1w2e3r4
GalaGG7048;Q1w2e3r4
GalaGG7049;Q1w2e3r4
GalaGG7050;Q1w2e3r4
GalaGG7051;Q1w2e3r4
GalaGG7052;Q1w2e3r4
GalaGG7053;Q1w2e3r4
GalaGG7054;Q1w2e3r4
GalaGG7055;Q1w2e3r4
GalaGG7056;Q1w2e3r4
GalaGG7057;Q1w2e3r4
GalaGG7058;Q1w2e3r4
GalaGG7059;Q1w2e3r4
GalaGG7060;Q1w2e3r4
GalaGG7061;Q1w2e3r4
GalaGG7062;Q1w2e3r4
GalaGG7063;Q1w2e3r4
GalaGG7064;Q1w2e3r4
GalaGG7065;Q1w2e3r4
GalaGG7066;Q1w2e3r4
GalaGG7067;Q1w2e3r4
GalaGG7068;Q1w2e3r4
GalaGG7069;Q1w2e3r4
GalaGG7070;Q1w2e3r4
GalaGG7071;Q1w2e3r4
GalaGG7072;Q1w2e3r4
GalaGG7073;Q1w2e3r4
GalaGG7074;Q1w2e3r4
GalaGG7075;Q1w2e3r4
GalaGG7076;Q1w2e3r4
GalaGG7077;Q1w2e3r4
GalaGG7078;Q1w2e3r4
GalaGG7079;Q1w2e3r4
GalaGG7080;Q1w2e3r4
GalaGG7081;Q1w2e3r4
GalaGG7082;Q1w2e3r4
GalaGG7083;Q1w2e3r4
GalaGG7084;Q1w2e3r4
GalaGG7085;Q1w2e3r4
GalaGG7086;Q1w2e3r4
GalaGG7087;Q1w2e3r4
GalaGG7088;Q1w2e3r4
GalaGG7089;Q1w2e3r4
GalaGG7090;Q1w2e3r4
GalaGG7091;Q1w2e3r4
GalaGG7092;Q1w2e3r4
GalaGG7093;Q1w2e3r4
GalaGG7094;Q1w2e3r4
GalaGG7095;Q1w2e3r4
GalaGG7096;Q1w2e3r4
GalaGG7097;Q1w2e3r4
GalaGG7098;Q1w2e3r4
GalaGG7099;Q1w2e3r4
GalaGG7100;Q1w2e3r4
GalaGG7101;Q1w2e3r4
GalaGG7102;Q1w2e3r4
GalaGG7103;Q1w2e3r4
GalaGG7104;Q1w2e3r4
GalaGG7105;Q1w2e3r4
GalaGG7106;Q1w2e3r4
GalaGG7107;Q1w2e3r4
GalaGG7108;Q1w2e3r4
GalaGG7109;Q1w2e3r4
GalaGG7110;Q1w2e3r4
GalaGG7111;Q1w2e3r4
GalaGG7112;Q1w2e3r4
GalaGG7113;Q1w2e3r4
GalaGG7114;Q1w2e3r4
GalaGG7115;Q1w2e3r4
GalaGG7116;Q1w2e3r4
GalaGG7117;Q1w2e3r4
GalaGG7118;Q1w2e3r4
GalaGG7119;Q1w2e3r4
GalaGG7120;Q1w2e3r4
GalaGG7121;Q1w2e3r4
GalaGG7122;Q1w2e3r4
GalaGG7123;Q1w2e3r4
GalaGG7124;Q1w2e3r4
GalaGG7125;Q1w2e3r4
GalaGG7126;Q1w2e3r4
GalaGG7127;Q1w2e3r4
GalaGG7128;Q1w2e3r4
GalaGG7129;Q1w2e3r4
GalaGG7130;Q1w2e3r4
GalaGG7131;Q1w2e3r4
GalaGG7132;Q1w2e3r4
GalaGG7133;Q1w2e3r4
GalaGG7134;Q1w2e3r4
GalaGG7135;Q1w2e3r4
GalaGG7136;Q1w2e3r4
GalaGG7137;Q1w2e3r4
GalaGG7138;Q1w2e3r4
GalaGG7139;Q1w2e3r4
GalaGG7140;Q1w2e3r4
GalaGG7141;Q1w2e3r4
GalaGG7142;Q1w2e3r4
GalaGG7143;Q1w2e3r4
GalaGG7144;Q1w2e3r4
GalaGG7145;Q1w2e3r4
GalaGG7146;Q1w2e3r4
GalaGG7147;Q1w2e3r4
GalaGG7148;Q1w2e3r4
GalaGG7149;Q1w2e3r4
GalaGG7150;Q1w2e3r4
GalaGG7151;Q1w2e3r4
GalaGG7152;Q1w2e3r4
GalaGG7153;Q1w2e3r4
GalaGG7154;Q1w2e3r4
GalaGG7155;Q1w2e3r4
GalaGG7156;Q1w2e3r4
GalaGG7157;Q1w2e3r4
GalaGG7158;Q1w2e3r4
GalaGG7159;Q1w2e3r4
GalaGG7160;Q1w2e3r4
GalaGG7161;Q1w2e3r4
GalaGG7162;Q1w2e3r4
GalaGG7163;Q1w2e3r4
GalaGG7164;Q1w2e3r4
GalaGG7165;Q1w2e3r4
GalaGG7166;Q1w2e3r4
GalaGG7167;Q1w2e3r4
GalaGG7168;Q1w2e3r4
GalaGG7169;Q1w2e3r4
GalaGG7170;Q1w2e3r4
GalaGG7171;Q1w2e3r4
GalaGG7172;Q1w2e3r4
GalaGG7173;Q1w2e3r4
GalaGG7174;Q1w2e3r4
GalaGG7175;Q1w2e3r4
GalaGG7176;Q1w2e3r4
GalaGG7177;Q1w2e3r4
GalaGG7178;Q1w2e3r4
GalaGG7179;Q1w2e3r4
GalaGG7180;Q1w2e3r4
GalaGG7181;Q1w2e3r4
GalaGG7182;Q1w2e3r4
GalaGG7183;Q1w2e3r4
GalaGG7184;Q1w2e3r4
GalaGG7185;Q1w2e3r4
GalaGG7186;Q1w2e3r4
GalaGG7187;Q1w2e3r4
GalaGG7188;Q1w2e3r4
GalaGG7189;Q1w2e3r4
GalaGG7190;Q1w2e3r4
GalaGG7191;Q1w2e3r4
GalaGG7192;Q1w2e3r4
GalaGG7193;Q1w2e3r4
GalaGG7194;Q1w2e3r4
GalaGG7195;Q1w2e3r4
GalaGG7196;Q1w2e3r4
GalaGG7197;Q1w2e3r4
GalaGG7198;Q1w2e3r4
GalaGG7199;Q1w2e3r4
GalaGG7200;Q1w2e3r4
GalaGG7201;Q1w2e3r4
GalaGG7202;Q1w2e3r4
GalaGG7203;Q1w2e3r4
GalaGG7204;Q1w2e3r4
GalaGG7205;Q1w2e3r4
GalaGG7206;Q1w2e3r4
GalaGG7207;Q1w2e3r4
GalaGG7208;Q1w2e3r4
GalaGG7209;Q1w2e3r4
GalaGG7210;Q1w2e3r4
GalaGG7211;Q1w2e3r4
GalaGG7212;Q1w2e3r4
GalaGG7213;Q1w2e3r4
GalaGG7214;Q1w2e3r4
GalaGG7215;Q1w2e3r4
GalaGG7216;Q1w2e3r4
GalaGG7217;Q1w2e3r4
GalaGG7218;Q1w2e3r4
GalaGG7219;Q1w2e3r4
GalaGG7220;Q1w2e3r4
GalaGG7221;Q1w2e3r4
GalaGG7222;Q1w2e3r4
GalaGG7223;Q1w2e3r4
GalaGG7224;Q1w2e3r4
GalaGG7225;Q1w2e3r4
GalaGG7226;Q1w2e3r4
GalaGG7227;Q1w2e3r4
GalaGG7228;Q1w2e3r4
GalaGG7229;Q1w2e3r4
GalaGG7230;Q1w2e3r4
GalaGG7231;Q1w2e3r4
GalaGG7232;Q1w2e3r4
GalaGG7233;Q1w2e3r4
GalaGG7234;Q1w2e3r4
GalaGG7235;Q1w2e3r4
GalaGG7236;Q1w2e3r4
GalaGG7237;Q1w2e3r4
GalaGG7238;Q1w2e3r4
GalaGG7239;Q1w2e3r4
GalaGG7240;Q1w2e3r4
GalaGG7241;Q1w2e3r4
GalaGG7242;Q1w2e3r4
GalaGG7243;Q1w2e3r4
GalaGG7244;Q1w2e3r4
GalaGG7245;Q1w2e3r4
GalaGG7246;Q1w2e3r4
GalaGG7247;Q1w2e3r4
GalaGG7248;Q1w2e3r4
GalaGG7249;Q1w2e3r4
GalaGG7250;Q1w2e3r4
GalaGG7251;Q1w2e3r4
GalaGG7252;Q1w2e3r4
GalaGG7253;Q1w2e3r4
GalaGG7254;Q1w2e3r4
GalaGG7255;Q1w2e3r4
GalaGG7256;Q1w2e3r4
GalaGG7257;Q1w2e3r4
GalaGG7258;Q1w2e3r4
GalaGG7259;Q1w2e3r4
GalaGG7260;Q1w2e3r4
GalaGG7261;Q1w2e3r4
GalaGG7262;Q1w2e3r4
GalaGG7263;Q1w2e3r4
GalaGG7264;Q1w2e3r4
GalaGG7265;Q1w2e3r4
GalaGG7266;Q1w2e3r4
GalaGG7267;Q1w2e3r4
GalaGG7268;Q1w2e3r4
GalaGG7269;Q1w2e3r4
GalaGG7270;Q1w2e3r4
GalaGG7271;Q1w2e3r4
GalaGG7272;Q1w2e3r4
GalaGG7273;Q1w2e3r4
GalaGG7274;Q1w2e3r4
GalaGG7275;Q1w2e3r4
GalaGG7276;Q1w2e3r4
GalaGG7277;Q1w2e3r4
GalaGG7278;Q1w2e3r4
GalaGG7279;Q1w2e3r4
GalaGG7280;Q1w2e3r4
GalaGG7281;Q1w2e3r4
GalaGG7282;Q1w2e3r4
GalaGG7283;Q1w2e3r4
GalaGG7284;Q1w2e3r4
GalaGG7285;Q1w2e3r4
GalaGG7286;Q1w2e3r4
GalaGG7287;Q1w2e3r4
GalaGG7288;Q1w2e3r4
GalaGG7289;Q1w2e3r4
GalaGG7290;Q1w2e3r4
GalaGG7291;Q1w2e3r4
GalaGG7292;Q1w2e3r4
GalaGG7293;Q1w2e3r4
GalaGG7294;Q1w2e3r4
GalaGG7295;Q1w2e3r4
GalaGG7296;Q1w2e3r4
GalaGG7297;Q1w2e3r4
GalaGG7298;Q1w2e3r4
GalaGG7299;Q1w2e3r4
GalaGG7300;Q1w2e3r4
GalaGG7301;Q1w2e3r4
GalaGG7302;Q1w2e3r4
GalaGG7303;Q1w2e3r4
GalaGG7304;Q1w2e3r4
GalaGG7305;Q1w2e3r4
GalaGG7306;Q1w2e3r4
GalaGG7307;Q1w2e3r4
GalaGG7308;Q1w2e3r4
GalaGG7309;Q1w2e3r4
GalaGG7310;Q1w2e3r4
GalaGG7311;Q1w2e3r4
GalaGG7312;Q1w2e3r4
GalaGG7313;Q1w2e3r4
GalaGG7314;Q1w2e3r4
GalaGG7315;Q1w2e3r4
GalaGG7316;Q1w2e3r4
GalaGG7317;Q1w2e3r4
GalaGG7318;Q1w2e3r4
GalaGG7319;Q1w2e3r4
GalaGG7320;Q1w2e3r4
GalaGG7321;Q1w2e3r4
GalaGG7322;Q1w2e3r4
GalaGG7323;Q1w2e3r4
GalaGG7324;Q1w2e3r4
GalaGG7325;Q1w2e3r4
GalaGG7326;Q1w2e3r4
GalaGG7327;Q1w2e3r4
GalaGG7328;Q1w2e3r4
GalaGG7329;Q1w2e3r4
GalaGG7330;Q1w2e3r4
GalaGG7331;Q1w2e3r4
GalaGG7332;Q1w2e3r4
GalaGG7333;Q1w2e3r4
GalaGG7334;Q1w2e3r4
GalaGG7335;Q1w2e3r4
GalaGG7336;Q1w2e3r4
GalaGG7337;Q1w2e3r4
GalaGG7338;Q1w2e3r4
GalaGG7339;Q1w2e3r4
GalaGG7340;Q1w2e3r4
GalaGG7341;Q1w2e3r4
GalaGG7342;Q1w2e3r4
GalaGG7343;Q1w2e3r4
GalaGG7344;Q1w2e3r4
GalaGG7345;Q1w2e3r4
GalaGG7346;Q1w2e3r4
GalaGG7347;Q1w2e3r4
GalaGG7348;Q1w2e3r4
GalaGG7349;Q1w2e3r4
GalaGG7350;Q1w2e3r4
GalaGG7351;Q1w2e3r4
GalaGG7352;Q1w2e3r4
GalaGG7353;Q1w2e3r4
GalaGG7354;Q1w2e3r4
GalaGG7355;Q1w2e3r4
GalaGG7356;Q1w2e3r4
GalaGG7357;Q1w2e3r4
GalaGG7358;Q1w2e3r4
GalaGG7359;Q1w2e3r4
GalaGG7360;Q1w2e3r4
GalaGG7361;Q1w2e3r4
GalaGG7362;Q1w2e3r4
GalaGG7363;Q1w2e3r4
GalaGG7364;Q1w2e3r4
GalaGG7365;Q1w2e3r4
GalaGG7366;Q1w2e3r4
GalaGG7367;Q1w2e3r4
GalaGG7368;Q1w2e3r4
GalaGG7369;Q1w2e3r4
GalaGG7370;Q1w2e3r4
GalaGG7371;Q1w2e3r4
GalaGG7372;Q1w2e3r4
GalaGG7373;Q1w2e3r4
GalaGG7374;Q1w2e3r4
GalaGG7375;Q1w2e3r4
GalaGG7376;Q1w2e3r4
GalaGG7377;Q1w2e3r4
GalaGG7378;Q1w2e3r4
GalaGG7379;Q1w2e3r4
GalaGG7380;Q1w2e3r4
GalaGG7381;Q1w2e3r4
GalaGG7382;Q1w2e3r4
GalaGG7383;Q1w2e3r4
GalaGG7384;Q1w2e3r4
GalaGG7385;Q1w2e3r4
GalaGG7386;Q1w2e3r4
GalaGG7387;Q1w2e3r4
GalaGG7388;Q1w2e3r4
GalaGG7389;Q1w2e3r4
GalaGG7390;Q1w2e3r4
GalaGG7391;Q1w2e3r4
GalaGG7392;Q1w2e3r4
GalaGG7393;Q1w2e3r4
GalaGG7394;Q1w2e3r4
GalaGG7395;Q1w2e3r4
GalaGG7396;Q1w2e3r4
GalaGG7397;Q1w2e3r4
GalaGG7398;Q1w2e3r4
GalaGG7399;Q1w2e3r4
GalaGG7400;Q1w2e3r4
GalaGG7401;Q1w2e3r4
GalaGG7402;Q1w2e3r4
GalaGG7403;Q1w2e3r4
GalaGG7404;Q1w2e3r4
GalaGG7405;Q1w2e3r4
GalaGG7406;Q1w2e3r4
GalaGG7407;Q1w2e3r4
GalaGG7408;Q1w2e3r4
GalaGG7409;Q1w2e3r4
GalaGG7410;Q1w2e3r4
GalaGG7411;Q1w2e3r4
GalaGG7412;Q1w2e3r4
GalaGG7413;Q1w2e3r4
GalaGG7414;Q1w2e3r4
GalaGG7415;Q1w2e3r4
GalaGG7416;Q1w2e3r4
GalaGG7417;Q1w2e3r4
GalaGG7418;Q1w2e3r4
GalaGG7419;Q1w2e3r4
GalaGG7420;Q1w2e3r4
GalaGG7421;Q1w2e3r4
GalaGG7422;Q1w2e3r4
GalaGG7423;Q1w2e3r4
GalaGG7424;Q1w2e3r4
GalaGG7425;Q1w2e3r4
GalaGG7426;Q1w2e3r4
GalaGG7427;Q1w2e3r4
GalaGG7428;Q1w2e3r4
GalaGG7429;Q1w2e3r4
GalaGG7430;Q1w2e3r4
GalaGG7431;Q1w2e3r4
GalaGG7432;Q1w2e3r4
GalaGG7433;Q1w2e3r4
GalaGG7434;Q1w2e3r4
GalaGG7435;Q1w2e3r4
GalaGG7436;Q1w2e3r4
GalaGG7437;Q1w2e3r4
GalaGG7438;Q1w2e3r4
GalaGG7439;Q1w2e3r4
GalaGG7440;Q1w2e3r4
GalaGG7441;Q1w2e3r4
GalaGG7442;Q1w2e3r4
GalaGG7443;Q1w2e3r4
GalaGG7444;Q1w2e3r4
GalaGG7445;Q1w2e3r4
GalaGG7446;Q1w2e3r4
GalaGG7447;Q1w2e3r4
GalaGG7448;Q1w2e3r4
GalaGG7449;Q1w2e3r4
GalaGG7450;Q1w2e3r4
GalaGG7451;Q1w2e3r4
GalaGG7452;Q1w2e3r4
GalaGG7453;Q1w2e3r4
GalaGG7454;Q1w2e3r4
GalaGG7455;Q1w2e3r4
GalaGG7456;Q1w2e3r4
GalaGG7457;Q1w2e3r4
GalaGG7458;Q1w2e3r4
GalaGG7459;Q1w2e3r4
GalaGG7460;Q1w2e3r4
GalaGG7461;Q1w2e3r4
GalaGG7462;Q1w2e3r4
GalaGG7463;Q1w2e3r4
GalaGG7464;Q1w2e3r4
GalaGG7465;Q1w2e3r4
GalaGG7466;Q1w2e3r4
GalaGG7467;Q1w2e3r4
GalaGG7468;Q1w2e3r4
GalaGG7469;Q1w2e3r4
GalaGG7470;Q1w2e3r4
GalaGG7471;Q1w2e3r4
GalaGG7472;Q1w2e3r4
GalaGG7473;Q1w2e3r4
GalaGG7474;Q1w2e3r4
GalaGG7475;Q1w2e3r4
GalaGG7476;Q1w2e3r4
GalaGG7477;Q1w2e3r4
GalaGG7478;Q1w2e3r4
GalaGG7479;Q1w2e3r4
GalaGG7480;Q1w2e3r4
GalaGG7481;Q1w2e3r4
GalaGG7482;Q1w2e3r4
GalaGG7483;Q1w2e3r4
GalaGG7484;Q1w2e3r4
GalaGG7485;Q1w2e3r4
GalaGG7486;Q1w2e3r4
GalaGG7487;Q1w2e3r4
GalaGG7488;Q1w2e3r4
GalaGG7489;Q1w2e3r4
GalaGG7490;Q1w2e3r4
GalaGG7491;Q1w2e3r4
GalaGG7492;Q1w2e3r4
GalaGG7493;Q1w2e3r4
GalaGG7494;Q1w2e3r4
GalaGG7495;Q1w2e3r4
GalaGG7496;Q1w2e3r4
GalaGG7497;Q1w2e3r4
GalaGG7498;Q1w2e3r4
GalaGG7499;Q1w2e3r4
GalaGG7500;Q1w2e3r4