GalaGG2501;Q1w2e3r4
GalaGG2502;Q1w2e3r4
GalaGG2503;Q1w2e3r4
GalaGG2504;Q1w2e3r4
GalaGG2505;Q1w2e3r4
GalaGG2506;Q1w2e3r4
GalaGG2507;Q1w2e3r4
GalaGG2508;Q1w2e3r4
GalaGG2509;Q1w2e3r4
GalaGG2510;Q1w2e3r4
GalaGG2511;Q1w2e3r4
GalaGG2512;Q1w2e3r4
GalaGG2513;Q1w2e3r4
GalaGG2514;Q1w2e3r4
GalaGG2515;Q1w2e3r4
GalaGG2516;Q1w2e3r4
GalaGG2517;Q1w2e3r4
GalaGG2518;Q1w2e3r4
GalaGG2519;Q1w2e3r4
GalaGG2520;Q1w2e3r4
GalaGG2521;Q1w2e3r4
GalaGG2522;Q1w2e3r4
GalaGG2523;Q1w2e3r4
GalaGG2524;Q1w2e3r4
GalaGG2525;Q1w2e3r4
GalaGG2526;Q1w2e3r4
GalaGG2527;Q1w2e3r4
GalaGG2528;Q1w2e3r4
GalaGG2529;Q1w2e3r4
GalaGG2530;Q1w2e3r4
GalaGG2531;Q1w2e3r4
GalaGG2532;Q1w2e3r4
GalaGG2533;Q1w2e3r4
GalaGG2534;Q1w2e3r4
GalaGG2535;Q1w2e3r4
GalaGG2536;Q1w2e3r4
GalaGG2537;Q1w2e3r4
GalaGG2538;Q1w2e3r4
GalaGG2539;Q1w2e3r4
GalaGG2540;Q1w2e3r4
GalaGG2541;Q1w2e3r4
GalaGG2542;Q1w2e3r4
GalaGG2543;Q1w2e3r4
GalaGG2544;Q1w2e3r4
GalaGG2545;Q1w2e3r4
GalaGG2546;Q1w2e3r4
GalaGG2547;Q1w2e3r4
GalaGG2548;Q1w2e3r4
GalaGG2549;Q1w2e3r4
GalaGG2550;Q1w2e3r4
GalaGG2551;Q1w2e3r4
GalaGG2552;Q1w2e3r4
GalaGG2553;Q1w2e3r4
GalaGG2554;Q1w2e3r4
GalaGG2555;Q1w2e3r4
GalaGG2556;Q1w2e3r4
GalaGG2557;Q1w2e3r4
GalaGG2558;Q1w2e3r4
GalaGG2559;Q1w2e3r4
GalaGG2560;Q1w2e3r4
GalaGG2561;Q1w2e3r4
GalaGG2562;Q1w2e3r4
GalaGG2563;Q1w2e3r4
GalaGG2564;Q1w2e3r4
GalaGG2565;Q1w2e3r4
GalaGG2566;Q1w2e3r4
GalaGG2567;Q1w2e3r4
GalaGG2568;Q1w2e3r4
GalaGG2569;Q1w2e3r4
GalaGG2570;Q1w2e3r4
GalaGG2571;Q1w2e3r4
GalaGG2572;Q1w2e3r4
GalaGG2573;Q1w2e3r4
GalaGG2574;Q1w2e3r4
GalaGG2575;Q1w2e3r4
GalaGG2576;Q1w2e3r4
GalaGG2577;Q1w2e3r4
GalaGG2578;Q1w2e3r4
GalaGG2579;Q1w2e3r4
GalaGG2580;Q1w2e3r4
GalaGG2581;Q1w2e3r4
GalaGG2582;Q1w2e3r4
GalaGG2583;Q1w2e3r4
GalaGG2584;Q1w2e3r4
GalaGG2585;Q1w2e3r4
GalaGG2586;Q1w2e3r4
GalaGG2587;Q1w2e3r4
GalaGG2588;Q1w2e3r4
GalaGG2589;Q1w2e3r4
GalaGG2590;Q1w2e3r4
GalaGG2591;Q1w2e3r4
GalaGG2592;Q1w2e3r4
GalaGG2593;Q1w2e3r4
GalaGG2594;Q1w2e3r4
GalaGG2595;Q1w2e3r4
GalaGG2596;Q1w2e3r4
GalaGG2597;Q1w2e3r4
GalaGG2598;Q1w2e3r4
GalaGG2599;Q1w2e3r4
GalaGG2600;Q1w2e3r4
GalaGG2601;Q1w2e3r4
GalaGG2602;Q1w2e3r4
GalaGG2603;Q1w2e3r4
GalaGG2604;Q1w2e3r4
GalaGG2605;Q1w2e3r4
GalaGG2606;Q1w2e3r4
GalaGG2607;Q1w2e3r4
GalaGG2608;Q1w2e3r4
GalaGG2609;Q1w2e3r4
GalaGG2610;Q1w2e3r4
GalaGG2611;Q1w2e3r4
GalaGG2612;Q1w2e3r4
GalaGG2613;Q1w2e3r4
GalaGG2614;Q1w2e3r4
GalaGG2615;Q1w2e3r4
GalaGG2616;Q1w2e3r4
GalaGG2617;Q1w2e3r4
GalaGG2618;Q1w2e3r4
GalaGG2619;Q1w2e3r4
GalaGG2620;Q1w2e3r4
GalaGG2621;Q1w2e3r4
GalaGG2622;Q1w2e3r4
GalaGG2623;Q1w2e3r4
GalaGG2624;Q1w2e3r4
GalaGG2625;Q1w2e3r4
GalaGG2626;Q1w2e3r4
GalaGG2627;Q1w2e3r4
GalaGG2628;Q1w2e3r4
GalaGG2629;Q1w2e3r4
GalaGG2630;Q1w2e3r4
GalaGG2631;Q1w2e3r4
GalaGG2632;Q1w2e3r4
GalaGG2633;Q1w2e3r4
GalaGG2634;Q1w2e3r4
GalaGG2635;Q1w2e3r4
GalaGG2636;Q1w2e3r4
GalaGG2637;Q1w2e3r4
GalaGG2638;Q1w2e3r4
GalaGG2639;Q1w2e3r4
GalaGG2640;Q1w2e3r4
GalaGG2641;Q1w2e3r4
GalaGG2642;Q1w2e3r4
GalaGG2643;Q1w2e3r4
GalaGG2644;Q1w2e3r4
GalaGG2645;Q1w2e3r4
GalaGG2646;Q1w2e3r4
GalaGG2647;Q1w2e3r4
GalaGG2648;Q1w2e3r4
GalaGG2649;Q1w2e3r4
GalaGG2650;Q1w2e3r4
GalaGG2651;Q1w2e3r4
GalaGG2652;Q1w2e3r4
GalaGG2653;Q1w2e3r4
GalaGG2654;Q1w2e3r4
GalaGG2655;Q1w2e3r4
GalaGG2656;Q1w2e3r4
GalaGG2657;Q1w2e3r4
GalaGG2658;Q1w2e3r4
GalaGG2659;Q1w2e3r4
GalaGG2660;Q1w2e3r4
GalaGG2661;Q1w2e3r4
GalaGG2662;Q1w2e3r4
GalaGG2663;Q1w2e3r4
GalaGG2664;Q1w2e3r4
GalaGG2665;Q1w2e3r4
GalaGG2666;Q1w2e3r4
GalaGG2667;Q1w2e3r4
GalaGG2668;Q1w2e3r4
GalaGG2669;Q1w2e3r4
GalaGG2670;Q1w2e3r4
GalaGG2671;Q1w2e3r4
GalaGG2672;Q1w2e3r4
GalaGG2673;Q1w2e3r4
GalaGG2674;Q1w2e3r4
GalaGG2675;Q1w2e3r4
GalaGG2676;Q1w2e3r4
GalaGG2677;Q1w2e3r4
GalaGG2678;Q1w2e3r4
GalaGG2679;Q1w2e3r4
GalaGG2680;Q1w2e3r4
GalaGG2681;Q1w2e3r4
GalaGG2682;Q1w2e3r4
GalaGG2683;Q1w2e3r4
GalaGG2684;Q1w2e3r4
GalaGG2685;Q1w2e3r4
GalaGG2686;Q1w2e3r4
GalaGG2687;Q1w2e3r4
GalaGG2688;Q1w2e3r4
GalaGG2689;Q1w2e3r4
GalaGG2690;Q1w2e3r4
GalaGG2691;Q1w2e3r4
GalaGG2692;Q1w2e3r4
GalaGG2693;Q1w2e3r4
GalaGG2694;Q1w2e3r4
GalaGG2695;Q1w2e3r4
GalaGG2696;Q1w2e3r4
GalaGG2697;Q1w2e3r4
GalaGG2698;Q1w2e3r4
GalaGG2699;Q1w2e3r4
GalaGG2700;Q1w2e3r4
GalaGG2701;Q1w2e3r4
GalaGG2702;Q1w2e3r4
GalaGG2703;Q1w2e3r4
GalaGG2704;Q1w2e3r4
GalaGG2705;Q1w2e3r4
GalaGG2706;Q1w2e3r4
GalaGG2707;Q1w2e3r4
GalaGG2708;Q1w2e3r4
GalaGG2709;Q1w2e3r4
GalaGG2710;Q1w2e3r4
GalaGG2711;Q1w2e3r4
GalaGG2712;Q1w2e3r4
GalaGG2713;Q1w2e3r4
GalaGG2714;Q1w2e3r4
GalaGG2715;Q1w2e3r4
GalaGG2716;Q1w2e3r4
GalaGG2717;Q1w2e3r4
GalaGG2718;Q1w2e3r4
GalaGG2719;Q1w2e3r4
GalaGG2720;Q1w2e3r4
GalaGG2721;Q1w2e3r4
GalaGG2722;Q1w2e3r4
GalaGG2723;Q1w2e3r4
GalaGG2724;Q1w2e3r4
GalaGG2725;Q1w2e3r4
GalaGG2726;Q1w2e3r4
GalaGG2727;Q1w2e3r4
GalaGG2728;Q1w2e3r4
GalaGG2729;Q1w2e3r4
GalaGG2730;Q1w2e3r4
GalaGG2731;Q1w2e3r4
GalaGG2732;Q1w2e3r4
GalaGG2733;Q1w2e3r4
GalaGG2734;Q1w2e3r4
GalaGG2735;Q1w2e3r4
GalaGG2736;Q1w2e3r4
GalaGG2737;Q1w2e3r4
GalaGG2738;Q1w2e3r4
GalaGG2739;Q1w2e3r4
GalaGG2740;Q1w2e3r4
GalaGG2741;Q1w2e3r4
GalaGG2742;Q1w2e3r4
GalaGG2743;Q1w2e3r4
GalaGG2744;Q1w2e3r4
GalaGG2745;Q1w2e3r4
GalaGG2746;Q1w2e3r4
GalaGG2747;Q1w2e3r4
GalaGG2748;Q1w2e3r4
GalaGG2749;Q1w2e3r4
GalaGG2750;Q1w2e3r4
GalaGG2751;Q1w2e3r4
GalaGG2752;Q1w2e3r4
GalaGG2753;Q1w2e3r4
GalaGG2754;Q1w2e3r4
GalaGG2755;Q1w2e3r4
GalaGG2756;Q1w2e3r4
GalaGG2757;Q1w2e3r4
GalaGG2758;Q1w2e3r4
GalaGG2759;Q1w2e3r4
GalaGG2760;Q1w2e3r4
GalaGG2761;Q1w2e3r4
GalaGG2762;Q1w2e3r4
GalaGG2763;Q1w2e3r4
GalaGG2764;Q1w2e3r4
GalaGG2765;Q1w2e3r4
GalaGG2766;Q1w2e3r4
GalaGG2767;Q1w2e3r4
GalaGG2768;Q1w2e3r4
GalaGG2769;Q1w2e3r4
GalaGG2770;Q1w2e3r4
GalaGG2771;Q1w2e3r4
GalaGG2772;Q1w2e3r4
GalaGG2773;Q1w2e3r4
GalaGG2774;Q1w2e3r4
GalaGG2775;Q1w2e3r4
GalaGG2776;Q1w2e3r4
GalaGG2777;Q1w2e3r4
GalaGG2778;Q1w2e3r4
GalaGG2779;Q1w2e3r4
GalaGG2780;Q1w2e3r4
GalaGG2781;Q1w2e3r4
GalaGG2782;Q1w2e3r4
GalaGG2783;Q1w2e3r4
GalaGG2784;Q1w2e3r4
GalaGG2785;Q1w2e3r4
GalaGG2786;Q1w2e3r4
GalaGG2787;Q1w2e3r4
GalaGG2788;Q1w2e3r4
GalaGG2789;Q1w2e3r4
GalaGG2790;Q1w2e3r4
GalaGG2791;Q1w2e3r4
GalaGG2792;Q1w2e3r4
GalaGG2793;Q1w2e3r4
GalaGG2794;Q1w2e3r4
GalaGG2795;Q1w2e3r4
GalaGG2796;Q1w2e3r4
GalaGG2797;Q1w2e3r4
GalaGG2798;Q1w2e3r4
GalaGG2799;Q1w2e3r4
GalaGG2800;Q1w2e3r4
GalaGG2801;Q1w2e3r4
GalaGG2802;Q1w2e3r4
GalaGG2803;Q1w2e3r4
GalaGG2804;Q1w2e3r4
GalaGG2805;Q1w2e3r4
GalaGG2806;Q1w2e3r4
GalaGG2807;Q1w2e3r4
GalaGG2808;Q1w2e3r4
GalaGG2809;Q1w2e3r4
GalaGG2810;Q1w2e3r4
GalaGG2811;Q1w2e3r4
GalaGG2812;Q1w2e3r4
GalaGG2813;Q1w2e3r4
GalaGG2814;Q1w2e3r4
GalaGG2815;Q1w2e3r4
GalaGG2816;Q1w2e3r4
GalaGG2817;Q1w2e3r4
GalaGG2818;Q1w2e3r4
GalaGG2819;Q1w2e3r4
GalaGG2820;Q1w2e3r4
GalaGG2821;Q1w2e3r4
GalaGG2822;Q1w2e3r4
GalaGG2823;Q1w2e3r4
GalaGG2824;Q1w2e3r4
GalaGG2825;Q1w2e3r4
GalaGG2826;Q1w2e3r4
GalaGG2827;Q1w2e3r4
GalaGG2828;Q1w2e3r4
GalaGG2829;Q1w2e3r4
GalaGG2830;Q1w2e3r4
GalaGG2831;Q1w2e3r4
GalaGG2832;Q1w2e3r4
GalaGG2833;Q1w2e3r4
GalaGG2834;Q1w2e3r4
GalaGG2835;Q1w2e3r4
GalaGG2836;Q1w2e3r4
GalaGG2837;Q1w2e3r4
GalaGG2838;Q1w2e3r4
GalaGG2839;Q1w2e3r4
GalaGG2840;Q1w2e3r4
GalaGG2841;Q1w2e3r4
GalaGG2842;Q1w2e3r4
GalaGG2843;Q1w2e3r4
GalaGG2844;Q1w2e3r4
GalaGG2845;Q1w2e3r4
GalaGG2846;Q1w2e3r4
GalaGG2847;Q1w2e3r4
GalaGG2848;Q1w2e3r4
GalaGG2849;Q1w2e3r4
GalaGG2850;Q1w2e3r4
GalaGG2851;Q1w2e3r4
GalaGG2852;Q1w2e3r4
GalaGG2853;Q1w2e3r4
GalaGG2854;Q1w2e3r4
GalaGG2855;Q1w2e3r4
GalaGG2856;Q1w2e3r4
GalaGG2857;Q1w2e3r4
GalaGG2858;Q1w2e3r4
GalaGG2859;Q1w2e3r4
GalaGG2860;Q1w2e3r4
GalaGG2861;Q1w2e3r4
GalaGG2862;Q1w2e3r4
GalaGG2863;Q1w2e3r4
GalaGG2864;Q1w2e3r4
GalaGG2865;Q1w2e3r4
GalaGG2866;Q1w2e3r4
GalaGG2867;Q1w2e3r4
GalaGG2868;Q1w2e3r4
GalaGG2869;Q1w2e3r4
GalaGG2870;Q1w2e3r4
GalaGG2871;Q1w2e3r4
GalaGG2872;Q1w2e3r4
GalaGG2873;Q1w2e3r4
GalaGG2874;Q1w2e3r4
GalaGG2875;Q1w2e3r4
GalaGG2876;Q1w2e3r4
GalaGG2877;Q1w2e3r4
GalaGG2878;Q1w2e3r4
GalaGG2879;Q1w2e3r4
GalaGG2880;Q1w2e3r4
GalaGG2881;Q1w2e3r4
GalaGG2882;Q1w2e3r4
GalaGG2883;Q1w2e3r4
GalaGG2884;Q1w2e3r4
GalaGG2885;Q1w2e3r4
GalaGG2886;Q1w2e3r4
GalaGG2887;Q1w2e3r4
GalaGG2888;Q1w2e3r4
GalaGG2889;Q1w2e3r4
GalaGG2890;Q1w2e3r4
GalaGG2891;Q1w2e3r4
GalaGG2892;Q1w2e3r4
GalaGG2893;Q1w2e3r4
GalaGG2894;Q1w2e3r4
GalaGG2895;Q1w2e3r4
GalaGG2896;Q1w2e3r4
GalaGG2897;Q1w2e3r4
GalaGG2898;Q1w2e3r4
GalaGG2899;Q1w2e3r4
GalaGG2900;Q1w2e3r4
GalaGG2901;Q1w2e3r4
GalaGG2902;Q1w2e3r4
GalaGG2903;Q1w2e3r4
GalaGG2904;Q1w2e3r4
GalaGG2905;Q1w2e3r4
GalaGG2906;Q1w2e3r4
GalaGG2907;Q1w2e3r4
GalaGG2908;Q1w2e3r4
GalaGG2909;Q1w2e3r4
GalaGG2910;Q1w2e3r4
GalaGG2911;Q1w2e3r4
GalaGG2912;Q1w2e3r4
GalaGG2913;Q1w2e3r4
GalaGG2914;Q1w2e3r4
GalaGG2915;Q1w2e3r4
GalaGG2916;Q1w2e3r4
GalaGG2917;Q1w2e3r4
GalaGG2918;Q1w2e3r4
GalaGG2919;Q1w2e3r4
GalaGG2920;Q1w2e3r4
GalaGG2921;Q1w2e3r4
GalaGG2922;Q1w2e3r4
GalaGG2923;Q1w2e3r4
GalaGG2924;Q1w2e3r4
GalaGG2925;Q1w2e3r4
GalaGG2926;Q1w2e3r4
GalaGG2927;Q1w2e3r4
GalaGG2928;Q1w2e3r4
GalaGG2929;Q1w2e3r4
GalaGG2930;Q1w2e3r4
GalaGG2931;Q1w2e3r4
GalaGG2932;Q1w2e3r4
GalaGG2933;Q1w2e3r4
GalaGG2934;Q1w2e3r4
GalaGG2935;Q1w2e3r4
GalaGG2936;Q1w2e3r4
GalaGG2937;Q1w2e3r4
GalaGG2938;Q1w2e3r4
GalaGG2939;Q1w2e3r4
GalaGG2940;Q1w2e3r4
GalaGG2941;Q1w2e3r4
GalaGG2942;Q1w2e3r4
GalaGG2943;Q1w2e3r4
GalaGG2944;Q1w2e3r4
GalaGG2945;Q1w2e3r4
GalaGG2946;Q1w2e3r4
GalaGG2947;Q1w2e3r4
GalaGG2948;Q1w2e3r4
GalaGG2949;Q1w2e3r4
GalaGG2950;Q1w2e3r4
GalaGG2951;Q1w2e3r4
GalaGG2952;Q1w2e3r4
GalaGG2953;Q1w2e3r4
GalaGG2954;Q1w2e3r4
GalaGG2955;Q1w2e3r4
GalaGG2956;Q1w2e3r4
GalaGG2957;Q1w2e3r4
GalaGG2958;Q1w2e3r4
GalaGG2959;Q1w2e3r4
GalaGG2960;Q1w2e3r4
GalaGG2961;Q1w2e3r4
GalaGG2962;Q1w2e3r4
GalaGG2963;Q1w2e3r4
GalaGG2964;Q1w2e3r4
GalaGG2965;Q1w2e3r4
GalaGG2966;Q1w2e3r4
GalaGG2967;Q1w2e3r4
GalaGG2968;Q1w2e3r4
GalaGG2969;Q1w2e3r4
GalaGG2970;Q1w2e3r4
GalaGG2971;Q1w2e3r4
GalaGG2972;Q1w2e3r4
GalaGG2973;Q1w2e3r4
GalaGG2974;Q1w2e3r4
GalaGG2975;Q1w2e3r4
GalaGG2976;Q1w2e3r4
GalaGG2977;Q1w2e3r4
GalaGG2978;Q1w2e3r4
GalaGG2979;Q1w2e3r4
GalaGG2980;Q1w2e3r4
GalaGG2981;Q1w2e3r4
GalaGG2982;Q1w2e3r4
GalaGG2983;Q1w2e3r4
GalaGG2984;Q1w2e3r4
GalaGG2985;Q1w2e3r4
GalaGG2986;Q1w2e3r4
GalaGG2987;Q1w2e3r4
GalaGG2988;Q1w2e3r4
GalaGG2989;Q1w2e3r4
GalaGG2990;Q1w2e3r4
GalaGG2991;Q1w2e3r4
GalaGG2992;Q1w2e3r4
GalaGG2993;Q1w2e3r4
GalaGG2994;Q1w2e3r4
GalaGG2995;Q1w2e3r4
GalaGG2996;Q1w2e3r4
GalaGG2997;Q1w2e3r4
GalaGG2998;Q1w2e3r4
GalaGG2999;Q1w2e3r4
GalaGG3000;Q1w2e3r4
GalaGG3001;Q1w2e3r4
GalaGG3002;Q1w2e3r4
GalaGG3003;Q1w2e3r4
GalaGG3004;Q1w2e3r4
GalaGG3005;Q1w2e3r4
GalaGG3006;Q1w2e3r4
GalaGG3007;Q1w2e3r4
GalaGG3008;Q1w2e3r4
GalaGG3009;Q1w2e3r4
GalaGG3010;Q1w2e3r4
GalaGG3011;Q1w2e3r4
GalaGG3012;Q1w2e3r4
GalaGG3013;Q1w2e3r4
GalaGG3014;Q1w2e3r4
GalaGG3015;Q1w2e3r4
GalaGG3016;Q1w2e3r4
GalaGG3017;Q1w2e3r4
GalaGG3018;Q1w2e3r4
GalaGG3019;Q1w2e3r4
GalaGG3020;Q1w2e3r4
GalaGG3021;Q1w2e3r4
GalaGG3022;Q1w2e3r4
GalaGG3023;Q1w2e3r4
GalaGG3024;Q1w2e3r4
GalaGG3025;Q1w2e3r4
GalaGG3026;Q1w2e3r4
GalaGG3027;Q1w2e3r4
GalaGG3028;Q1w2e3r4
GalaGG3029;Q1w2e3r4
GalaGG3030;Q1w2e3r4
GalaGG3031;Q1w2e3r4
GalaGG3032;Q1w2e3r4
GalaGG3033;Q1w2e3r4
GalaGG3034;Q1w2e3r4
GalaGG3035;Q1w2e3r4
GalaGG3036;Q1w2e3r4
GalaGG3037;Q1w2e3r4
GalaGG3038;Q1w2e3r4
GalaGG3039;Q1w2e3r4
GalaGG3040;Q1w2e3r4
GalaGG3041;Q1w2e3r4
GalaGG3042;Q1w2e3r4
GalaGG3043;Q1w2e3r4
GalaGG3044;Q1w2e3r4
GalaGG3045;Q1w2e3r4
GalaGG3046;Q1w2e3r4
GalaGG3047;Q1w2e3r4
GalaGG3048;Q1w2e3r4
GalaGG3049;Q1w2e3r4
GalaGG3050;Q1w2e3r4
GalaGG3051;Q1w2e3r4
GalaGG3052;Q1w2e3r4
GalaGG3053;Q1w2e3r4
GalaGG3054;Q1w2e3r4
GalaGG3055;Q1w2e3r4
GalaGG3056;Q1w2e3r4
GalaGG3057;Q1w2e3r4
GalaGG3058;Q1w2e3r4
GalaGG3059;Q1w2e3r4
GalaGG3060;Q1w2e3r4
GalaGG3061;Q1w2e3r4
GalaGG3062;Q1w2e3r4
GalaGG3063;Q1w2e3r4
GalaGG3064;Q1w2e3r4
GalaGG3065;Q1w2e3r4
GalaGG3066;Q1w2e3r4
GalaGG3067;Q1w2e3r4
GalaGG3068;Q1w2e3r4
GalaGG3069;Q1w2e3r4
GalaGG3070;Q1w2e3r4
GalaGG3071;Q1w2e3r4
GalaGG3072;Q1w2e3r4
GalaGG3073;Q1w2e3r4
GalaGG3074;Q1w2e3r4
GalaGG3075;Q1w2e3r4
GalaGG3076;Q1w2e3r4
GalaGG3077;Q1w2e3r4
GalaGG3078;Q1w2e3r4
GalaGG3079;Q1w2e3r4
GalaGG3080;Q1w2e3r4
GalaGG3081;Q1w2e3r4
GalaGG3082;Q1w2e3r4
GalaGG3083;Q1w2e3r4
GalaGG3084;Q1w2e3r4
GalaGG3085;Q1w2e3r4
GalaGG3086;Q1w2e3r4
GalaGG3087;Q1w2e3r4
GalaGG3088;Q1w2e3r4
GalaGG3089;Q1w2e3r4
GalaGG3090;Q1w2e3r4
GalaGG3091;Q1w2e3r4
GalaGG3092;Q1w2e3r4
GalaGG3093;Q1w2e3r4
GalaGG3094;Q1w2e3r4
GalaGG3095;Q1w2e3r4
GalaGG3096;Q1w2e3r4
GalaGG3097;Q1w2e3r4
GalaGG3098;Q1w2e3r4
GalaGG3099;Q1w2e3r4
GalaGG3100;Q1w2e3r4
GalaGG3101;Q1w2e3r4
GalaGG3102;Q1w2e3r4
GalaGG3103;Q1w2e3r4
GalaGG3104;Q1w2e3r4
GalaGG3105;Q1w2e3r4
GalaGG3106;Q1w2e3r4
GalaGG3107;Q1w2e3r4
GalaGG3108;Q1w2e3r4
GalaGG3109;Q1w2e3r4
GalaGG3110;Q1w2e3r4
GalaGG3111;Q1w2e3r4
GalaGG3112;Q1w2e3r4
GalaGG3113;Q1w2e3r4
GalaGG3114;Q1w2e3r4
GalaGG3115;Q1w2e3r4
GalaGG3116;Q1w2e3r4
GalaGG3117;Q1w2e3r4
GalaGG3118;Q1w2e3r4
GalaGG3119;Q1w2e3r4
GalaGG3120;Q1w2e3r4
GalaGG3121;Q1w2e3r4
GalaGG3122;Q1w2e3r4
GalaGG3123;Q1w2e3r4
GalaGG3124;Q1w2e3r4
GalaGG3125;Q1w2e3r4
GalaGG3126;Q1w2e3r4
GalaGG3127;Q1w2e3r4
GalaGG3128;Q1w2e3r4
GalaGG3129;Q1w2e3r4
GalaGG3130;Q1w2e3r4
GalaGG3131;Q1w2e3r4
GalaGG3132;Q1w2e3r4
GalaGG3133;Q1w2e3r4
GalaGG3134;Q1w2e3r4
GalaGG3135;Q1w2e3r4
GalaGG3136;Q1w2e3r4
GalaGG3137;Q1w2e3r4
GalaGG3138;Q1w2e3r4
GalaGG3139;Q1w2e3r4
GalaGG3140;Q1w2e3r4
GalaGG3141;Q1w2e3r4
GalaGG3142;Q1w2e3r4
GalaGG3143;Q1w2e3r4
GalaGG3144;Q1w2e3r4
GalaGG3145;Q1w2e3r4
GalaGG3146;Q1w2e3r4
GalaGG3147;Q1w2e3r4
GalaGG3148;Q1w2e3r4
GalaGG3149;Q1w2e3r4
GalaGG3150;Q1w2e3r4
GalaGG3151;Q1w2e3r4
GalaGG3152;Q1w2e3r4
GalaGG3153;Q1w2e3r4
GalaGG3154;Q1w2e3r4
GalaGG3155;Q1w2e3r4
GalaGG3156;Q1w2e3r4
GalaGG3157;Q1w2e3r4
GalaGG3158;Q1w2e3r4
GalaGG3159;Q1w2e3r4
GalaGG3160;Q1w2e3r4
GalaGG3161;Q1w2e3r4
GalaGG3162;Q1w2e3r4
GalaGG3163;Q1w2e3r4
GalaGG3164;Q1w2e3r4
GalaGG3165;Q1w2e3r4
GalaGG3166;Q1w2e3r4
GalaGG3167;Q1w2e3r4
GalaGG3168;Q1w2e3r4
GalaGG3169;Q1w2e3r4
GalaGG3170;Q1w2e3r4
GalaGG3171;Q1w2e3r4
GalaGG3172;Q1w2e3r4
GalaGG3173;Q1w2e3r4
GalaGG3174;Q1w2e3r4
GalaGG3175;Q1w2e3r4
GalaGG3176;Q1w2e3r4
GalaGG3177;Q1w2e3r4
GalaGG3178;Q1w2e3r4
GalaGG3179;Q1w2e3r4
GalaGG3180;Q1w2e3r4
GalaGG3181;Q1w2e3r4
GalaGG3182;Q1w2e3r4
GalaGG3183;Q1w2e3r4
GalaGG3184;Q1w2e3r4
GalaGG3185;Q1w2e3r4
GalaGG3186;Q1w2e3r4
GalaGG3187;Q1w2e3r4
GalaGG3188;Q1w2e3r4
GalaGG3189;Q1w2e3r4
GalaGG3190;Q1w2e3r4
GalaGG3191;Q1w2e3r4
GalaGG3192;Q1w2e3r4
GalaGG3193;Q1w2e3r4
GalaGG3194;Q1w2e3r4
GalaGG3195;Q1w2e3r4
GalaGG3196;Q1w2e3r4
GalaGG3197;Q1w2e3r4
GalaGG3198;Q1w2e3r4
GalaGG3199;Q1w2e3r4
GalaGG3200;Q1w2e3r4
GalaGG3201;Q1w2e3r4
GalaGG3202;Q1w2e3r4
GalaGG3203;Q1w2e3r4
GalaGG3204;Q1w2e3r4
GalaGG3205;Q1w2e3r4
GalaGG3206;Q1w2e3r4
GalaGG3207;Q1w2e3r4
GalaGG3208;Q1w2e3r4
GalaGG3209;Q1w2e3r4
GalaGG3210;Q1w2e3r4
GalaGG3211;Q1w2e3r4
GalaGG3212;Q1w2e3r4
GalaGG3213;Q1w2e3r4
GalaGG3214;Q1w2e3r4
GalaGG3215;Q1w2e3r4
GalaGG3216;Q1w2e3r4
GalaGG3217;Q1w2e3r4
GalaGG3218;Q1w2e3r4
GalaGG3219;Q1w2e3r4
GalaGG3220;Q1w2e3r4
GalaGG3221;Q1w2e3r4
GalaGG3222;Q1w2e3r4
GalaGG3223;Q1w2e3r4
GalaGG3224;Q1w2e3r4
GalaGG3225;Q1w2e3r4
GalaGG3226;Q1w2e3r4
GalaGG3227;Q1w2e3r4
GalaGG3228;Q1w2e3r4
GalaGG3229;Q1w2e3r4
GalaGG3230;Q1w2e3r4
GalaGG3231;Q1w2e3r4
GalaGG3232;Q1w2e3r4
GalaGG3233;Q1w2e3r4
GalaGG3234;Q1w2e3r4
GalaGG3235;Q1w2e3r4
GalaGG3236;Q1w2e3r4
GalaGG3237;Q1w2e3r4
GalaGG3238;Q1w2e3r4
GalaGG3239;Q1w2e3r4
GalaGG3240;Q1w2e3r4
GalaGG3241;Q1w2e3r4
GalaGG3242;Q1w2e3r4
GalaGG3243;Q1w2e3r4
GalaGG3244;Q1w2e3r4
GalaGG3245;Q1w2e3r4
GalaGG3246;Q1w2e3r4
GalaGG3247;Q1w2e3r4
GalaGG3248;Q1w2e3r4
GalaGG3249;Q1w2e3r4
GalaGG3250;Q1w2e3r4
GalaGG3251;Q1w2e3r4
GalaGG3252;Q1w2e3r4
GalaGG3253;Q1w2e3r4
GalaGG3254;Q1w2e3r4
GalaGG3255;Q1w2e3r4
GalaGG3256;Q1w2e3r4
GalaGG3257;Q1w2e3r4
GalaGG3258;Q1w2e3r4
GalaGG3259;Q1w2e3r4
GalaGG3260;Q1w2e3r4
GalaGG3261;Q1w2e3r4
GalaGG3262;Q1w2e3r4
GalaGG3263;Q1w2e3r4
GalaGG3264;Q1w2e3r4
GalaGG3265;Q1w2e3r4
GalaGG3266;Q1w2e3r4
GalaGG3267;Q1w2e3r4
GalaGG3268;Q1w2e3r4
GalaGG3269;Q1w2e3r4
GalaGG3270;Q1w2e3r4
GalaGG3271;Q1w2e3r4
GalaGG3272;Q1w2e3r4
GalaGG3273;Q1w2e3r4
GalaGG3274;Q1w2e3r4
GalaGG3275;Q1w2e3r4
GalaGG3276;Q1w2e3r4
GalaGG3277;Q1w2e3r4
GalaGG3278;Q1w2e3r4
GalaGG3279;Q1w2e3r4
GalaGG3280;Q1w2e3r4
GalaGG3281;Q1w2e3r4
GalaGG3282;Q1w2e3r4
GalaGG3283;Q1w2e3r4
GalaGG3284;Q1w2e3r4
GalaGG3285;Q1w2e3r4
GalaGG3286;Q1w2e3r4
GalaGG3287;Q1w2e3r4
GalaGG3288;Q1w2e3r4
GalaGG3289;Q1w2e3r4
GalaGG3290;Q1w2e3r4
GalaGG3291;Q1w2e3r4
GalaGG3292;Q1w2e3r4
GalaGG3293;Q1w2e3r4
GalaGG3294;Q1w2e3r4
GalaGG3295;Q1w2e3r4
GalaGG3296;Q1w2e3r4
GalaGG3297;Q1w2e3r4
GalaGG3298;Q1w2e3r4
GalaGG3299;Q1w2e3r4
GalaGG3300;Q1w2e3r4
GalaGG3301;Q1w2e3r4
GalaGG3302;Q1w2e3r4
GalaGG3303;Q1w2e3r4
GalaGG3304;Q1w2e3r4
GalaGG3305;Q1w2e3r4
GalaGG3306;Q1w2e3r4
GalaGG3307;Q1w2e3r4
GalaGG3308;Q1w2e3r4
GalaGG3309;Q1w2e3r4
GalaGG3310;Q1w2e3r4
GalaGG3311;Q1w2e3r4
GalaGG3312;Q1w2e3r4
GalaGG3313;Q1w2e3r4
GalaGG3314;Q1w2e3r4
GalaGG3315;Q1w2e3r4
GalaGG3316;Q1w2e3r4
GalaGG3317;Q1w2e3r4
GalaGG3318;Q1w2e3r4
GalaGG3319;Q1w2e3r4
GalaGG3320;Q1w2e3r4
GalaGG3321;Q1w2e3r4
GalaGG3322;Q1w2e3r4
GalaGG3323;Q1w2e3r4
GalaGG3324;Q1w2e3r4
GalaGG3325;Q1w2e3r4
GalaGG3326;Q1w2e3r4
GalaGG3327;Q1w2e3r4
GalaGG3328;Q1w2e3r4
GalaGG3329;Q1w2e3r4
GalaGG3330;Q1w2e3r4
GalaGG3331;Q1w2e3r4
GalaGG3332;Q1w2e3r4
GalaGG3333;Q1w2e3r4
GalaGG3334;Q1w2e3r4
GalaGG3335;Q1w2e3r4
GalaGG3336;Q1w2e3r4
GalaGG3337;Q1w2e3r4
GalaGG3338;Q1w2e3r4
GalaGG3339;Q1w2e3r4
GalaGG3340;Q1w2e3r4
GalaGG3341;Q1w2e3r4
GalaGG3342;Q1w2e3r4
GalaGG3343;Q1w2e3r4
GalaGG3344;Q1w2e3r4
GalaGG3345;Q1w2e3r4
GalaGG3346;Q1w2e3r4
GalaGG3347;Q1w2e3r4
GalaGG3348;Q1w2e3r4
GalaGG3349;Q1w2e3r4
GalaGG3350;Q1w2e3r4
GalaGG3351;Q1w2e3r4
GalaGG3352;Q1w2e3r4
GalaGG3353;Q1w2e3r4
GalaGG3354;Q1w2e3r4
GalaGG3355;Q1w2e3r4
GalaGG3356;Q1w2e3r4
GalaGG3357;Q1w2e3r4
GalaGG3358;Q1w2e3r4
GalaGG3359;Q1w2e3r4
GalaGG3360;Q1w2e3r4
GalaGG3361;Q1w2e3r4
GalaGG3362;Q1w2e3r4
GalaGG3363;Q1w2e3r4
GalaGG3364;Q1w2e3r4
GalaGG3365;Q1w2e3r4
GalaGG3366;Q1w2e3r4
GalaGG3367;Q1w2e3r4
GalaGG3368;Q1w2e3r4
GalaGG3369;Q1w2e3r4
GalaGG3370;Q1w2e3r4
GalaGG3371;Q1w2e3r4
GalaGG3372;Q1w2e3r4
GalaGG3373;Q1w2e3r4
GalaGG3374;Q1w2e3r4
GalaGG3375;Q1w2e3r4
GalaGG3376;Q1w2e3r4
GalaGG3377;Q1w2e3r4
GalaGG3378;Q1w2e3r4
GalaGG3379;Q1w2e3r4
GalaGG3380;Q1w2e3r4
GalaGG3381;Q1w2e3r4
GalaGG3382;Q1w2e3r4
GalaGG3383;Q1w2e3r4
GalaGG3384;Q1w2e3r4
GalaGG3385;Q1w2e3r4
GalaGG3386;Q1w2e3r4
GalaGG3387;Q1w2e3r4
GalaGG3388;Q1w2e3r4
GalaGG3389;Q1w2e3r4
GalaGG3390;Q1w2e3r4
GalaGG3391;Q1w2e3r4
GalaGG3392;Q1w2e3r4
GalaGG3393;Q1w2e3r4
GalaGG3394;Q1w2e3r4
GalaGG3395;Q1w2e3r4
GalaGG3396;Q1w2e3r4
GalaGG3397;Q1w2e3r4
GalaGG3398;Q1w2e3r4
GalaGG3399;Q1w2e3r4
GalaGG3400;Q1w2e3r4
GalaGG3401;Q1w2e3r4
GalaGG3402;Q1w2e3r4
GalaGG3403;Q1w2e3r4
GalaGG3404;Q1w2e3r4
GalaGG3405;Q1w2e3r4
GalaGG3406;Q1w2e3r4
GalaGG3407;Q1w2e3r4
GalaGG3408;Q1w2e3r4
GalaGG3409;Q1w2e3r4
GalaGG3410;Q1w2e3r4
GalaGG3411;Q1w2e3r4
GalaGG3412;Q1w2e3r4
GalaGG3413;Q1w2e3r4
GalaGG3414;Q1w2e3r4
GalaGG3415;Q1w2e3r4
GalaGG3416;Q1w2e3r4
GalaGG3417;Q1w2e3r4
GalaGG3418;Q1w2e3r4
GalaGG3419;Q1w2e3r4
GalaGG3420;Q1w2e3r4
GalaGG3421;Q1w2e3r4
GalaGG3422;Q1w2e3r4
GalaGG3423;Q1w2e3r4
GalaGG3424;Q1w2e3r4
GalaGG3425;Q1w2e3r4
GalaGG3426;Q1w2e3r4
GalaGG3427;Q1w2e3r4
GalaGG3428;Q1w2e3r4
GalaGG3429;Q1w2e3r4
GalaGG3430;Q1w2e3r4
GalaGG3431;Q1w2e3r4
GalaGG3432;Q1w2e3r4
GalaGG3433;Q1w2e3r4
GalaGG3434;Q1w2e3r4
GalaGG3435;Q1w2e3r4
GalaGG3436;Q1w2e3r4
GalaGG3437;Q1w2e3r4
GalaGG3438;Q1w2e3r4
GalaGG3439;Q1w2e3r4
GalaGG3440;Q1w2e3r4
GalaGG3441;Q1w2e3r4
GalaGG3442;Q1w2e3r4
GalaGG3443;Q1w2e3r4
GalaGG3444;Q1w2e3r4
GalaGG3445;Q1w2e3r4
GalaGG3446;Q1w2e3r4
GalaGG3447;Q1w2e3r4
GalaGG3448;Q1w2e3r4
GalaGG3449;Q1w2e3r4
GalaGG3450;Q1w2e3r4
GalaGG3451;Q1w2e3r4
GalaGG3452;Q1w2e3r4
GalaGG3453;Q1w2e3r4
GalaGG3454;Q1w2e3r4
GalaGG3455;Q1w2e3r4
GalaGG3456;Q1w2e3r4
GalaGG3457;Q1w2e3r4
GalaGG3458;Q1w2e3r4
GalaGG3459;Q1w2e3r4
GalaGG3460;Q1w2e3r4
GalaGG3461;Q1w2e3r4
GalaGG3462;Q1w2e3r4
GalaGG3463;Q1w2e3r4
GalaGG3464;Q1w2e3r4
GalaGG3465;Q1w2e3r4
GalaGG3466;Q1w2e3r4
GalaGG3467;Q1w2e3r4
GalaGG3468;Q1w2e3r4
GalaGG3469;Q1w2e3r4
GalaGG3470;Q1w2e3r4
GalaGG3471;Q1w2e3r4
GalaGG3472;Q1w2e3r4
GalaGG3473;Q1w2e3r4
GalaGG3474;Q1w2e3r4
GalaGG3475;Q1w2e3r4
GalaGG3476;Q1w2e3r4
GalaGG3477;Q1w2e3r4
GalaGG3478;Q1w2e3r4
GalaGG3479;Q1w2e3r4
GalaGG3480;Q1w2e3r4
GalaGG3481;Q1w2e3r4
GalaGG3482;Q1w2e3r4
GalaGG3483;Q1w2e3r4
GalaGG3484;Q1w2e3r4
GalaGG3485;Q1w2e3r4
GalaGG3486;Q1w2e3r4
GalaGG3487;Q1w2e3r4
GalaGG3488;Q1w2e3r4
GalaGG3489;Q1w2e3r4
GalaGG3490;Q1w2e3r4
GalaGG3491;Q1w2e3r4
GalaGG3492;Q1w2e3r4
GalaGG3493;Q1w2e3r4
GalaGG3494;Q1w2e3r4
GalaGG3495;Q1w2e3r4
GalaGG3496;Q1w2e3r4
GalaGG3497;Q1w2e3r4
GalaGG3498;Q1w2e3r4
GalaGG3499;Q1w2e3r4
GalaGG3500;Q1w2e3r4
GalaGG3501;Q1w2e3r4
GalaGG3502;Q1w2e3r4
GalaGG3503;Q1w2e3r4
GalaGG3504;Q1w2e3r4
GalaGG3505;Q1w2e3r4
GalaGG3506;Q1w2e3r4
GalaGG3507;Q1w2e3r4
GalaGG3508;Q1w2e3r4
GalaGG3509;Q1w2e3r4
GalaGG3510;Q1w2e3r4
GalaGG3511;Q1w2e3r4
GalaGG3512;Q1w2e3r4
GalaGG3513;Q1w2e3r4
GalaGG3514;Q1w2e3r4
GalaGG3515;Q1w2e3r4
GalaGG3516;Q1w2e3r4
GalaGG3517;Q1w2e3r4
GalaGG3518;Q1w2e3r4
GalaGG3519;Q1w2e3r4
GalaGG3520;Q1w2e3r4
GalaGG3521;Q1w2e3r4
GalaGG3522;Q1w2e3r4
GalaGG3523;Q1w2e3r4
GalaGG3524;Q1w2e3r4
GalaGG3525;Q1w2e3r4
GalaGG3526;Q1w2e3r4
GalaGG3527;Q1w2e3r4
GalaGG3528;Q1w2e3r4
GalaGG3529;Q1w2e3r4
GalaGG3530;Q1w2e3r4
GalaGG3531;Q1w2e3r4
GalaGG3532;Q1w2e3r4
GalaGG3533;Q1w2e3r4
GalaGG3534;Q1w2e3r4
GalaGG3535;Q1w2e3r4
GalaGG3536;Q1w2e3r4
GalaGG3537;Q1w2e3r4
GalaGG3538;Q1w2e3r4
GalaGG3539;Q1w2e3r4
GalaGG3540;Q1w2e3r4
GalaGG3541;Q1w2e3r4
GalaGG3542;Q1w2e3r4
GalaGG3543;Q1w2e3r4
GalaGG3544;Q1w2e3r4
GalaGG3545;Q1w2e3r4
GalaGG3546;Q1w2e3r4
GalaGG3547;Q1w2e3r4
GalaGG3548;Q1w2e3r4
GalaGG3549;Q1w2e3r4
GalaGG3550;Q1w2e3r4
GalaGG3551;Q1w2e3r4
GalaGG3552;Q1w2e3r4
GalaGG3553;Q1w2e3r4
GalaGG3554;Q1w2e3r4
GalaGG3555;Q1w2e3r4
GalaGG3556;Q1w2e3r4
GalaGG3557;Q1w2e3r4
GalaGG3558;Q1w2e3r4
GalaGG3559;Q1w2e3r4
GalaGG3560;Q1w2e3r4
GalaGG3561;Q1w2e3r4
GalaGG3562;Q1w2e3r4
GalaGG3563;Q1w2e3r4
GalaGG3564;Q1w2e3r4
GalaGG3565;Q1w2e3r4
GalaGG3566;Q1w2e3r4
GalaGG3567;Q1w2e3r4
GalaGG3568;Q1w2e3r4
GalaGG3569;Q1w2e3r4
GalaGG3570;Q1w2e3r4
GalaGG3571;Q1w2e3r4
GalaGG3572;Q1w2e3r4
GalaGG3573;Q1w2e3r4
GalaGG3574;Q1w2e3r4
GalaGG3575;Q1w2e3r4
GalaGG3576;Q1w2e3r4
GalaGG3577;Q1w2e3r4
GalaGG3578;Q1w2e3r4
GalaGG3579;Q1w2e3r4
GalaGG3580;Q1w2e3r4
GalaGG3581;Q1w2e3r4
GalaGG3582;Q1w2e3r4
GalaGG3583;Q1w2e3r4
GalaGG3584;Q1w2e3r4
GalaGG3585;Q1w2e3r4
GalaGG3586;Q1w2e3r4
GalaGG3587;Q1w2e3r4
GalaGG3588;Q1w2e3r4
GalaGG3589;Q1w2e3r4
GalaGG3590;Q1w2e3r4
GalaGG3591;Q1w2e3r4
GalaGG3592;Q1w2e3r4
GalaGG3593;Q1w2e3r4
GalaGG3594;Q1w2e3r4
GalaGG3595;Q1w2e3r4
GalaGG3596;Q1w2e3r4
GalaGG3597;Q1w2e3r4
GalaGG3598;Q1w2e3r4
GalaGG3599;Q1w2e3r4
GalaGG3600;Q1w2e3r4
GalaGG3601;Q1w2e3r4
GalaGG3602;Q1w2e3r4
GalaGG3603;Q1w2e3r4
GalaGG3604;Q1w2e3r4
GalaGG3605;Q1w2e3r4
GalaGG3606;Q1w2e3r4
GalaGG3607;Q1w2e3r4
GalaGG3608;Q1w2e3r4
GalaGG3609;Q1w2e3r4
GalaGG3610;Q1w2e3r4
GalaGG3611;Q1w2e3r4
GalaGG3612;Q1w2e3r4
GalaGG3613;Q1w2e3r4
GalaGG3614;Q1w2e3r4
GalaGG3615;Q1w2e3r4
GalaGG3616;Q1w2e3r4
GalaGG3617;Q1w2e3r4
GalaGG3618;Q1w2e3r4
GalaGG3619;Q1w2e3r4
GalaGG3620;Q1w2e3r4
GalaGG3621;Q1w2e3r4
GalaGG3622;Q1w2e3r4
GalaGG3623;Q1w2e3r4
GalaGG3624;Q1w2e3r4
GalaGG3625;Q1w2e3r4
GalaGG3626;Q1w2e3r4
GalaGG3627;Q1w2e3r4
GalaGG3628;Q1w2e3r4
GalaGG3629;Q1w2e3r4
GalaGG3630;Q1w2e3r4
GalaGG3631;Q1w2e3r4
GalaGG3632;Q1w2e3r4
GalaGG3633;Q1w2e3r4
GalaGG3634;Q1w2e3r4
GalaGG3635;Q1w2e3r4
GalaGG3636;Q1w2e3r4
GalaGG3637;Q1w2e3r4
GalaGG3638;Q1w2e3r4
GalaGG3639;Q1w2e3r4
GalaGG3640;Q1w2e3r4
GalaGG3641;Q1w2e3r4
GalaGG3642;Q1w2e3r4
GalaGG3643;Q1w2e3r4
GalaGG3644;Q1w2e3r4
GalaGG3645;Q1w2e3r4
GalaGG3646;Q1w2e3r4
GalaGG3647;Q1w2e3r4
GalaGG3648;Q1w2e3r4
GalaGG3649;Q1w2e3r4
GalaGG3650;Q1w2e3r4
GalaGG3651;Q1w2e3r4
GalaGG3652;Q1w2e3r4
GalaGG3653;Q1w2e3r4
GalaGG3654;Q1w2e3r4
GalaGG3655;Q1w2e3r4
GalaGG3656;Q1w2e3r4
GalaGG3657;Q1w2e3r4
GalaGG3658;Q1w2e3r4
GalaGG3659;Q1w2e3r4
GalaGG3660;Q1w2e3r4
GalaGG3661;Q1w2e3r4
GalaGG3662;Q1w2e3r4
GalaGG3663;Q1w2e3r4
GalaGG3664;Q1w2e3r4
GalaGG3665;Q1w2e3r4
GalaGG3666;Q1w2e3r4
GalaGG3667;Q1w2e3r4
GalaGG3668;Q1w2e3r4
GalaGG3669;Q1w2e3r4
GalaGG3670;Q1w2e3r4
GalaGG3671;Q1w2e3r4
GalaGG3672;Q1w2e3r4
GalaGG3673;Q1w2e3r4
GalaGG3674;Q1w2e3r4
GalaGG3675;Q1w2e3r4
GalaGG3676;Q1w2e3r4
GalaGG3677;Q1w2e3r4
GalaGG3678;Q1w2e3r4
GalaGG3679;Q1w2e3r4
GalaGG3680;Q1w2e3r4
GalaGG3681;Q1w2e3r4
GalaGG3682;Q1w2e3r4
GalaGG3683;Q1w2e3r4
GalaGG3684;Q1w2e3r4
GalaGG3685;Q1w2e3r4
GalaGG3686;Q1w2e3r4
GalaGG3687;Q1w2e3r4
GalaGG3688;Q1w2e3r4
GalaGG3689;Q1w2e3r4
GalaGG3690;Q1w2e3r4
GalaGG3691;Q1w2e3r4
GalaGG3692;Q1w2e3r4
GalaGG3693;Q1w2e3r4
GalaGG3694;Q1w2e3r4
GalaGG3695;Q1w2e3r4
GalaGG3696;Q1w2e3r4
GalaGG3697;Q1w2e3r4
GalaGG3698;Q1w2e3r4
GalaGG3699;Q1w2e3r4
GalaGG3700;Q1w2e3r4
GalaGG3701;Q1w2e3r4
GalaGG3702;Q1w2e3r4
GalaGG3703;Q1w2e3r4
GalaGG3704;Q1w2e3r4
GalaGG3705;Q1w2e3r4
GalaGG3706;Q1w2e3r4
GalaGG3707;Q1w2e3r4
GalaGG3708;Q1w2e3r4
GalaGG3709;Q1w2e3r4
GalaGG3710;Q1w2e3r4
GalaGG3711;Q1w2e3r4
GalaGG3712;Q1w2e3r4
GalaGG3713;Q1w2e3r4
GalaGG3714;Q1w2e3r4
GalaGG3715;Q1w2e3r4
GalaGG3716;Q1w2e3r4
GalaGG3717;Q1w2e3r4
GalaGG3718;Q1w2e3r4
GalaGG3719;Q1w2e3r4
GalaGG3720;Q1w2e3r4
GalaGG3721;Q1w2e3r4
GalaGG3722;Q1w2e3r4
GalaGG3723;Q1w2e3r4
GalaGG3724;Q1w2e3r4
GalaGG3725;Q1w2e3r4
GalaGG3726;Q1w2e3r4
GalaGG3727;Q1w2e3r4
GalaGG3728;Q1w2e3r4
GalaGG3729;Q1w2e3r4
GalaGG3730;Q1w2e3r4
GalaGG3731;Q1w2e3r4
GalaGG3732;Q1w2e3r4
GalaGG3733;Q1w2e3r4
GalaGG3734;Q1w2e3r4
GalaGG3735;Q1w2e3r4
GalaGG3736;Q1w2e3r4
GalaGG3737;Q1w2e3r4
GalaGG3738;Q1w2e3r4
GalaGG3739;Q1w2e3r4
GalaGG3740;Q1w2e3r4
GalaGG3741;Q1w2e3r4
GalaGG3742;Q1w2e3r4
GalaGG3743;Q1w2e3r4
GalaGG3744;Q1w2e3r4
GalaGG3745;Q1w2e3r4
GalaGG3746;Q1w2e3r4
GalaGG3747;Q1w2e3r4
GalaGG3748;Q1w2e3r4
GalaGG3749;Q1w2e3r4
GalaGG3750;Q1w2e3r4
GalaGG3751;Q1w2e3r4
GalaGG3752;Q1w2e3r4
GalaGG3753;Q1w2e3r4
GalaGG3754;Q1w2e3r4
GalaGG3755;Q1w2e3r4
GalaGG3756;Q1w2e3r4
GalaGG3757;Q1w2e3r4
GalaGG3758;Q1w2e3r4
GalaGG3759;Q1w2e3r4
GalaGG3760;Q1w2e3r4
GalaGG3761;Q1w2e3r4
GalaGG3762;Q1w2e3r4
GalaGG3763;Q1w2e3r4
GalaGG3764;Q1w2e3r4
GalaGG3765;Q1w2e3r4
GalaGG3766;Q1w2e3r4
GalaGG3767;Q1w2e3r4
GalaGG3768;Q1w2e3r4
GalaGG3769;Q1w2e3r4
GalaGG3770;Q1w2e3r4
GalaGG3771;Q1w2e3r4
GalaGG3772;Q1w2e3r4
GalaGG3773;Q1w2e3r4
GalaGG3774;Q1w2e3r4
GalaGG3775;Q1w2e3r4
GalaGG3776;Q1w2e3r4
GalaGG3777;Q1w2e3r4
GalaGG3778;Q1w2e3r4
GalaGG3779;Q1w2e3r4
GalaGG3780;Q1w2e3r4
GalaGG3781;Q1w2e3r4
GalaGG3782;Q1w2e3r4
GalaGG3783;Q1w2e3r4
GalaGG3784;Q1w2e3r4
GalaGG3785;Q1w2e3r4
GalaGG3786;Q1w2e3r4
GalaGG3787;Q1w2e3r4
GalaGG3788;Q1w2e3r4
GalaGG3789;Q1w2e3r4
GalaGG3790;Q1w2e3r4
GalaGG3791;Q1w2e3r4
GalaGG3792;Q1w2e3r4
GalaGG3793;Q1w2e3r4
GalaGG3794;Q1w2e3r4
GalaGG3795;Q1w2e3r4
GalaGG3796;Q1w2e3r4
GalaGG3797;Q1w2e3r4
GalaGG3798;Q1w2e3r4
GalaGG3799;Q1w2e3r4
GalaGG3800;Q1w2e3r4
GalaGG3801;Q1w2e3r4
GalaGG3802;Q1w2e3r4
GalaGG3803;Q1w2e3r4
GalaGG3804;Q1w2e3r4
GalaGG3805;Q1w2e3r4
GalaGG3806;Q1w2e3r4
GalaGG3807;Q1w2e3r4
GalaGG3808;Q1w2e3r4
GalaGG3809;Q1w2e3r4
GalaGG3810;Q1w2e3r4
GalaGG3811;Q1w2e3r4
GalaGG3812;Q1w2e3r4
GalaGG3813;Q1w2e3r4
GalaGG3814;Q1w2e3r4
GalaGG3815;Q1w2e3r4
GalaGG3816;Q1w2e3r4
GalaGG3817;Q1w2e3r4
GalaGG3818;Q1w2e3r4
GalaGG3819;Q1w2e3r4
GalaGG3820;Q1w2e3r4
GalaGG3821;Q1w2e3r4
GalaGG3822;Q1w2e3r4
GalaGG3823;Q1w2e3r4
GalaGG3824;Q1w2e3r4
GalaGG3825;Q1w2e3r4
GalaGG3826;Q1w2e3r4
GalaGG3827;Q1w2e3r4
GalaGG3828;Q1w2e3r4
GalaGG3829;Q1w2e3r4
GalaGG3830;Q1w2e3r4
GalaGG3831;Q1w2e3r4
GalaGG3832;Q1w2e3r4
GalaGG3833;Q1w2e3r4
GalaGG3834;Q1w2e3r4
GalaGG3835;Q1w2e3r4
GalaGG3836;Q1w2e3r4
GalaGG3837;Q1w2e3r4
GalaGG3838;Q1w2e3r4
GalaGG3839;Q1w2e3r4
GalaGG3840;Q1w2e3r4
GalaGG3841;Q1w2e3r4
GalaGG3842;Q1w2e3r4
GalaGG3843;Q1w2e3r4
GalaGG3844;Q1w2e3r4
GalaGG3845;Q1w2e3r4
GalaGG3846;Q1w2e3r4
GalaGG3847;Q1w2e3r4
GalaGG3848;Q1w2e3r4
GalaGG3849;Q1w2e3r4
GalaGG3850;Q1w2e3r4
GalaGG3851;Q1w2e3r4
GalaGG3852;Q1w2e3r4
GalaGG3853;Q1w2e3r4
GalaGG3854;Q1w2e3r4
GalaGG3855;Q1w2e3r4
GalaGG3856;Q1w2e3r4
GalaGG3857;Q1w2e3r4
GalaGG3858;Q1w2e3r4
GalaGG3859;Q1w2e3r4
GalaGG3860;Q1w2e3r4
GalaGG3861;Q1w2e3r4
GalaGG3862;Q1w2e3r4
GalaGG3863;Q1w2e3r4
GalaGG3864;Q1w2e3r4
GalaGG3865;Q1w2e3r4
GalaGG3866;Q1w2e3r4
GalaGG3867;Q1w2e3r4
GalaGG3868;Q1w2e3r4
GalaGG3869;Q1w2e3r4
GalaGG3870;Q1w2e3r4
GalaGG3871;Q1w2e3r4
GalaGG3872;Q1w2e3r4
GalaGG3873;Q1w2e3r4
GalaGG3874;Q1w2e3r4
GalaGG3875;Q1w2e3r4
GalaGG3876;Q1w2e3r4
GalaGG3877;Q1w2e3r4
GalaGG3878;Q1w2e3r4
GalaGG3879;Q1w2e3r4
GalaGG3880;Q1w2e3r4
GalaGG3881;Q1w2e3r4
GalaGG3882;Q1w2e3r4
GalaGG3883;Q1w2e3r4
GalaGG3884;Q1w2e3r4
GalaGG3885;Q1w2e3r4
GalaGG3886;Q1w2e3r4
GalaGG3887;Q1w2e3r4
GalaGG3888;Q1w2e3r4
GalaGG3889;Q1w2e3r4
GalaGG3890;Q1w2e3r4
GalaGG3891;Q1w2e3r4
GalaGG3892;Q1w2e3r4
GalaGG3893;Q1w2e3r4
GalaGG3894;Q1w2e3r4
GalaGG3895;Q1w2e3r4
GalaGG3896;Q1w2e3r4
GalaGG3897;Q1w2e3r4
GalaGG3898;Q1w2e3r4
GalaGG3899;Q1w2e3r4
GalaGG3900;Q1w2e3r4
GalaGG3901;Q1w2e3r4
GalaGG3902;Q1w2e3r4
GalaGG3903;Q1w2e3r4
GalaGG3904;Q1w2e3r4
GalaGG3905;Q1w2e3r4
GalaGG3906;Q1w2e3r4
GalaGG3907;Q1w2e3r4
GalaGG3908;Q1w2e3r4
GalaGG3909;Q1w2e3r4
GalaGG3910;Q1w2e3r4
GalaGG3911;Q1w2e3r4
GalaGG3912;Q1w2e3r4
GalaGG3913;Q1w2e3r4
GalaGG3914;Q1w2e3r4
GalaGG3915;Q1w2e3r4
GalaGG3916;Q1w2e3r4
GalaGG3917;Q1w2e3r4
GalaGG3918;Q1w2e3r4
GalaGG3919;Q1w2e3r4
GalaGG3920;Q1w2e3r4
GalaGG3921;Q1w2e3r4
GalaGG3922;Q1w2e3r4
GalaGG3923;Q1w2e3r4
GalaGG3924;Q1w2e3r4
GalaGG3925;Q1w2e3r4
GalaGG3926;Q1w2e3r4
GalaGG3927;Q1w2e3r4
GalaGG3928;Q1w2e3r4
GalaGG3929;Q1w2e3r4
GalaGG3930;Q1w2e3r4
GalaGG3931;Q1w2e3r4
GalaGG3932;Q1w2e3r4
GalaGG3933;Q1w2e3r4
GalaGG3934;Q1w2e3r4
GalaGG3935;Q1w2e3r4
GalaGG3936;Q1w2e3r4
GalaGG3937;Q1w2e3r4
GalaGG3938;Q1w2e3r4
GalaGG3939;Q1w2e3r4
GalaGG3940;Q1w2e3r4
GalaGG3941;Q1w2e3r4
GalaGG3942;Q1w2e3r4
GalaGG3943;Q1w2e3r4
GalaGG3944;Q1w2e3r4
GalaGG3945;Q1w2e3r4
GalaGG3946;Q1w2e3r4
GalaGG3947;Q1w2e3r4
GalaGG3948;Q1w2e3r4
GalaGG3949;Q1w2e3r4
GalaGG3950;Q1w2e3r4
GalaGG3951;Q1w2e3r4
GalaGG3952;Q1w2e3r4
GalaGG3953;Q1w2e3r4
GalaGG3954;Q1w2e3r4
GalaGG3955;Q1w2e3r4
GalaGG3956;Q1w2e3r4
GalaGG3957;Q1w2e3r4
GalaGG3958;Q1w2e3r4
GalaGG3959;Q1w2e3r4
GalaGG3960;Q1w2e3r4
GalaGG3961;Q1w2e3r4
GalaGG3962;Q1w2e3r4
GalaGG3963;Q1w2e3r4
GalaGG3964;Q1w2e3r4
GalaGG3965;Q1w2e3r4
GalaGG3966;Q1w2e3r4
GalaGG3967;Q1w2e3r4
GalaGG3968;Q1w2e3r4
GalaGG3969;Q1w2e3r4
GalaGG3970;Q1w2e3r4
GalaGG3971;Q1w2e3r4
GalaGG3972;Q1w2e3r4
GalaGG3973;Q1w2e3r4
GalaGG3974;Q1w2e3r4
GalaGG3975;Q1w2e3r4
GalaGG3976;Q1w2e3r4
GalaGG3977;Q1w2e3r4
GalaGG3978;Q1w2e3r4
GalaGG3979;Q1w2e3r4
GalaGG3980;Q1w2e3r4
GalaGG3981;Q1w2e3r4
GalaGG3982;Q1w2e3r4
GalaGG3983;Q1w2e3r4
GalaGG3984;Q1w2e3r4
GalaGG3985;Q1w2e3r4
GalaGG3986;Q1w2e3r4
GalaGG3987;Q1w2e3r4
GalaGG3988;Q1w2e3r4
GalaGG3989;Q1w2e3r4
GalaGG3990;Q1w2e3r4
GalaGG3991;Q1w2e3r4
GalaGG3992;Q1w2e3r4
GalaGG3993;Q1w2e3r4
GalaGG3994;Q1w2e3r4
GalaGG3995;Q1w2e3r4
GalaGG3996;Q1w2e3r4
GalaGG3997;Q1w2e3r4
GalaGG3998;Q1w2e3r4
GalaGG3999;Q1w2e3r4
GalaGG4000;Q1w2e3r4
GalaGG4001;Q1w2e3r4
GalaGG4002;Q1w2e3r4
GalaGG4003;Q1w2e3r4
GalaGG4004;Q1w2e3r4
GalaGG4005;Q1w2e3r4
GalaGG4006;Q1w2e3r4
GalaGG4007;Q1w2e3r4
GalaGG4008;Q1w2e3r4
GalaGG4009;Q1w2e3r4
GalaGG4010;Q1w2e3r4
GalaGG4011;Q1w2e3r4
GalaGG4012;Q1w2e3r4
GalaGG4013;Q1w2e3r4
GalaGG4014;Q1w2e3r4
GalaGG4015;Q1w2e3r4
GalaGG4016;Q1w2e3r4
GalaGG4017;Q1w2e3r4
GalaGG4018;Q1w2e3r4
GalaGG4019;Q1w2e3r4
GalaGG4020;Q1w2e3r4
GalaGG4021;Q1w2e3r4
GalaGG4022;Q1w2e3r4
GalaGG4023;Q1w2e3r4
GalaGG4024;Q1w2e3r4
GalaGG4025;Q1w2e3r4
GalaGG4026;Q1w2e3r4
GalaGG4027;Q1w2e3r4
GalaGG4028;Q1w2e3r4
GalaGG4029;Q1w2e3r4
GalaGG4030;Q1w2e3r4
GalaGG4031;Q1w2e3r4
GalaGG4032;Q1w2e3r4
GalaGG4033;Q1w2e3r4
GalaGG4034;Q1w2e3r4
GalaGG4035;Q1w2e3r4
GalaGG4036;Q1w2e3r4
GalaGG4037;Q1w2e3r4
GalaGG4038;Q1w2e3r4
GalaGG4039;Q1w2e3r4
GalaGG4040;Q1w2e3r4
GalaGG4041;Q1w2e3r4
GalaGG4042;Q1w2e3r4
GalaGG4043;Q1w2e3r4
GalaGG4044;Q1w2e3r4
GalaGG4045;Q1w2e3r4
GalaGG4046;Q1w2e3r4
GalaGG4047;Q1w2e3r4
GalaGG4048;Q1w2e3r4
GalaGG4049;Q1w2e3r4
GalaGG4050;Q1w2e3r4
GalaGG4051;Q1w2e3r4
GalaGG4052;Q1w2e3r4
GalaGG4053;Q1w2e3r4
GalaGG4054;Q1w2e3r4
GalaGG4055;Q1w2e3r4
GalaGG4056;Q1w2e3r4
GalaGG4057;Q1w2e3r4
GalaGG4058;Q1w2e3r4
GalaGG4059;Q1w2e3r4
GalaGG4060;Q1w2e3r4
GalaGG4061;Q1w2e3r4
GalaGG4062;Q1w2e3r4
GalaGG4063;Q1w2e3r4
GalaGG4064;Q1w2e3r4
GalaGG4065;Q1w2e3r4
GalaGG4066;Q1w2e3r4
GalaGG4067;Q1w2e3r4
GalaGG4068;Q1w2e3r4
GalaGG4069;Q1w2e3r4
GalaGG4070;Q1w2e3r4
GalaGG4071;Q1w2e3r4
GalaGG4072;Q1w2e3r4
GalaGG4073;Q1w2e3r4
GalaGG4074;Q1w2e3r4
GalaGG4075;Q1w2e3r4
GalaGG4076;Q1w2e3r4
GalaGG4077;Q1w2e3r4
GalaGG4078;Q1w2e3r4
GalaGG4079;Q1w2e3r4
GalaGG4080;Q1w2e3r4
GalaGG4081;Q1w2e3r4
GalaGG4082;Q1w2e3r4
GalaGG4083;Q1w2e3r4
GalaGG4084;Q1w2e3r4
GalaGG4085;Q1w2e3r4
GalaGG4086;Q1w2e3r4
GalaGG4087;Q1w2e3r4
GalaGG4088;Q1w2e3r4
GalaGG4089;Q1w2e3r4
GalaGG4090;Q1w2e3r4
GalaGG4091;Q1w2e3r4
GalaGG4092;Q1w2e3r4
GalaGG4093;Q1w2e3r4
GalaGG4094;Q1w2e3r4
GalaGG4095;Q1w2e3r4
GalaGG4096;Q1w2e3r4
GalaGG4097;Q1w2e3r4
GalaGG4098;Q1w2e3r4
GalaGG4099;Q1w2e3r4
GalaGG4100;Q1w2e3r4
GalaGG4101;Q1w2e3r4
GalaGG4102;Q1w2e3r4
GalaGG4103;Q1w2e3r4
GalaGG4104;Q1w2e3r4
GalaGG4105;Q1w2e3r4
GalaGG4106;Q1w2e3r4
GalaGG4107;Q1w2e3r4
GalaGG4108;Q1w2e3r4
GalaGG4109;Q1w2e3r4
GalaGG4110;Q1w2e3r4
GalaGG4111;Q1w2e3r4
GalaGG4112;Q1w2e3r4
GalaGG4113;Q1w2e3r4
GalaGG4114;Q1w2e3r4
GalaGG4115;Q1w2e3r4
GalaGG4116;Q1w2e3r4
GalaGG4117;Q1w2e3r4
GalaGG4118;Q1w2e3r4
GalaGG4119;Q1w2e3r4
GalaGG4120;Q1w2e3r4
GalaGG4121;Q1w2e3r4
GalaGG4122;Q1w2e3r4
GalaGG4123;Q1w2e3r4
GalaGG4124;Q1w2e3r4
GalaGG4125;Q1w2e3r4
GalaGG4126;Q1w2e3r4
GalaGG4127;Q1w2e3r4
GalaGG4128;Q1w2e3r4
GalaGG4129;Q1w2e3r4
GalaGG4130;Q1w2e3r4
GalaGG4131;Q1w2e3r4
GalaGG4132;Q1w2e3r4
GalaGG4133;Q1w2e3r4
GalaGG4134;Q1w2e3r4
GalaGG4135;Q1w2e3r4
GalaGG4136;Q1w2e3r4
GalaGG4137;Q1w2e3r4
GalaGG4138;Q1w2e3r4
GalaGG4139;Q1w2e3r4
GalaGG4140;Q1w2e3r4
GalaGG4141;Q1w2e3r4
GalaGG4142;Q1w2e3r4
GalaGG4143;Q1w2e3r4
GalaGG4144;Q1w2e3r4
GalaGG4145;Q1w2e3r4
GalaGG4146;Q1w2e3r4
GalaGG4147;Q1w2e3r4
GalaGG4148;Q1w2e3r4
GalaGG4149;Q1w2e3r4
GalaGG4150;Q1w2e3r4
GalaGG4151;Q1w2e3r4
GalaGG4152;Q1w2e3r4
GalaGG4153;Q1w2e3r4
GalaGG4154;Q1w2e3r4
GalaGG4155;Q1w2e3r4
GalaGG4156;Q1w2e3r4
GalaGG4157;Q1w2e3r4
GalaGG4158;Q1w2e3r4
GalaGG4159;Q1w2e3r4
GalaGG4160;Q1w2e3r4
GalaGG4161;Q1w2e3r4
GalaGG4162;Q1w2e3r4
GalaGG4163;Q1w2e3r4
GalaGG4164;Q1w2e3r4
GalaGG4165;Q1w2e3r4
GalaGG4166;Q1w2e3r4
GalaGG4167;Q1w2e3r4
GalaGG4168;Q1w2e3r4
GalaGG4169;Q1w2e3r4
GalaGG4170;Q1w2e3r4
GalaGG4171;Q1w2e3r4
GalaGG4172;Q1w2e3r4
GalaGG4173;Q1w2e3r4
GalaGG4174;Q1w2e3r4
GalaGG4175;Q1w2e3r4
GalaGG4176;Q1w2e3r4
GalaGG4177;Q1w2e3r4
GalaGG4178;Q1w2e3r4
GalaGG4179;Q1w2e3r4
GalaGG4180;Q1w2e3r4
GalaGG4181;Q1w2e3r4
GalaGG4182;Q1w2e3r4
GalaGG4183;Q1w2e3r4
GalaGG4184;Q1w2e3r4
GalaGG4185;Q1w2e3r4
GalaGG4186;Q1w2e3r4
GalaGG4187;Q1w2e3r4
GalaGG4188;Q1w2e3r4
GalaGG4189;Q1w2e3r4
GalaGG4190;Q1w2e3r4
GalaGG4191;Q1w2e3r4
GalaGG4192;Q1w2e3r4
GalaGG4193;Q1w2e3r4
GalaGG4194;Q1w2e3r4
GalaGG4195;Q1w2e3r4
GalaGG4196;Q1w2e3r4
GalaGG4197;Q1w2e3r4
GalaGG4198;Q1w2e3r4
GalaGG4199;Q1w2e3r4
GalaGG4200;Q1w2e3r4
GalaGG4201;Q1w2e3r4
GalaGG4202;Q1w2e3r4
GalaGG4203;Q1w2e3r4
GalaGG4204;Q1w2e3r4
GalaGG4205;Q1w2e3r4
GalaGG4206;Q1w2e3r4
GalaGG4207;Q1w2e3r4
GalaGG4208;Q1w2e3r4
GalaGG4209;Q1w2e3r4
GalaGG4210;Q1w2e3r4
GalaGG4211;Q1w2e3r4
GalaGG4212;Q1w2e3r4
GalaGG4213;Q1w2e3r4
GalaGG4214;Q1w2e3r4
GalaGG4215;Q1w2e3r4
GalaGG4216;Q1w2e3r4
GalaGG4217;Q1w2e3r4
GalaGG4218;Q1w2e3r4
GalaGG4219;Q1w2e3r4
GalaGG4220;Q1w2e3r4
GalaGG4221;Q1w2e3r4
GalaGG4222;Q1w2e3r4
GalaGG4223;Q1w2e3r4
GalaGG4224;Q1w2e3r4
GalaGG4225;Q1w2e3r4
GalaGG4226;Q1w2e3r4
GalaGG4227;Q1w2e3r4
GalaGG4228;Q1w2e3r4
GalaGG4229;Q1w2e3r4
GalaGG4230;Q1w2e3r4
GalaGG4231;Q1w2e3r4
GalaGG4232;Q1w2e3r4
GalaGG4233;Q1w2e3r4
GalaGG4234;Q1w2e3r4
GalaGG4235;Q1w2e3r4
GalaGG4236;Q1w2e3r4
GalaGG4237;Q1w2e3r4
GalaGG4238;Q1w2e3r4
GalaGG4239;Q1w2e3r4
GalaGG4240;Q1w2e3r4
GalaGG4241;Q1w2e3r4
GalaGG4242;Q1w2e3r4
GalaGG4243;Q1w2e3r4
GalaGG4244;Q1w2e3r4
GalaGG4245;Q1w2e3r4
GalaGG4246;Q1w2e3r4
GalaGG4247;Q1w2e3r4
GalaGG4248;Q1w2e3r4
GalaGG4249;Q1w2e3r4
GalaGG4250;Q1w2e3r4
GalaGG4251;Q1w2e3r4
GalaGG4252;Q1w2e3r4
GalaGG4253;Q1w2e3r4
GalaGG4254;Q1w2e3r4
GalaGG4255;Q1w2e3r4
GalaGG4256;Q1w2e3r4
GalaGG4257;Q1w2e3r4
GalaGG4258;Q1w2e3r4
GalaGG4259;Q1w2e3r4
GalaGG4260;Q1w2e3r4
GalaGG4261;Q1w2e3r4
GalaGG4262;Q1w2e3r4
GalaGG4263;Q1w2e3r4
GalaGG4264;Q1w2e3r4
GalaGG4265;Q1w2e3r4
GalaGG4266;Q1w2e3r4
GalaGG4267;Q1w2e3r4
GalaGG4268;Q1w2e3r4
GalaGG4269;Q1w2e3r4
GalaGG4270;Q1w2e3r4
GalaGG4271;Q1w2e3r4
GalaGG4272;Q1w2e3r4
GalaGG4273;Q1w2e3r4
GalaGG4274;Q1w2e3r4
GalaGG4275;Q1w2e3r4
GalaGG4276;Q1w2e3r4
GalaGG4277;Q1w2e3r4
GalaGG4278;Q1w2e3r4
GalaGG4279;Q1w2e3r4
GalaGG4280;Q1w2e3r4
GalaGG4281;Q1w2e3r4
GalaGG4282;Q1w2e3r4
GalaGG4283;Q1w2e3r4
GalaGG4284;Q1w2e3r4
GalaGG4285;Q1w2e3r4
GalaGG4286;Q1w2e3r4
GalaGG4287;Q1w2e3r4
GalaGG4288;Q1w2e3r4
GalaGG4289;Q1w2e3r4
GalaGG4290;Q1w2e3r4
GalaGG4291;Q1w2e3r4
GalaGG4292;Q1w2e3r4
GalaGG4293;Q1w2e3r4
GalaGG4294;Q1w2e3r4
GalaGG4295;Q1w2e3r4
GalaGG4296;Q1w2e3r4
GalaGG4297;Q1w2e3r4
GalaGG4298;Q1w2e3r4
GalaGG4299;Q1w2e3r4
GalaGG4300;Q1w2e3r4
GalaGG4301;Q1w2e3r4
GalaGG4302;Q1w2e3r4
GalaGG4303;Q1w2e3r4
GalaGG4304;Q1w2e3r4
GalaGG4305;Q1w2e3r4
GalaGG4306;Q1w2e3r4
GalaGG4307;Q1w2e3r4
GalaGG4308;Q1w2e3r4
GalaGG4309;Q1w2e3r4
GalaGG4310;Q1w2e3r4
GalaGG4311;Q1w2e3r4
GalaGG4312;Q1w2e3r4
GalaGG4313;Q1w2e3r4
GalaGG4314;Q1w2e3r4
GalaGG4315;Q1w2e3r4
GalaGG4316;Q1w2e3r4
GalaGG4317;Q1w2e3r4
GalaGG4318;Q1w2e3r4
GalaGG4319;Q1w2e3r4
GalaGG4320;Q1w2e3r4
GalaGG4321;Q1w2e3r4
GalaGG4322;Q1w2e3r4
GalaGG4323;Q1w2e3r4
GalaGG4324;Q1w2e3r4
GalaGG4325;Q1w2e3r4
GalaGG4326;Q1w2e3r4
GalaGG4327;Q1w2e3r4
GalaGG4328;Q1w2e3r4
GalaGG4329;Q1w2e3r4
GalaGG4330;Q1w2e3r4
GalaGG4331;Q1w2e3r4
GalaGG4332;Q1w2e3r4
GalaGG4333;Q1w2e3r4
GalaGG4334;Q1w2e3r4
GalaGG4335;Q1w2e3r4
GalaGG4336;Q1w2e3r4
GalaGG4337;Q1w2e3r4
GalaGG4338;Q1w2e3r4
GalaGG4339;Q1w2e3r4
GalaGG4340;Q1w2e3r4
GalaGG4341;Q1w2e3r4
GalaGG4342;Q1w2e3r4
GalaGG4343;Q1w2e3r4
GalaGG4344;Q1w2e3r4
GalaGG4345;Q1w2e3r4
GalaGG4346;Q1w2e3r4
GalaGG4347;Q1w2e3r4
GalaGG4348;Q1w2e3r4
GalaGG4349;Q1w2e3r4
GalaGG4350;Q1w2e3r4
GalaGG4351;Q1w2e3r4
GalaGG4352;Q1w2e3r4
GalaGG4353;Q1w2e3r4
GalaGG4354;Q1w2e3r4
GalaGG4355;Q1w2e3r4
GalaGG4356;Q1w2e3r4
GalaGG4357;Q1w2e3r4
GalaGG4358;Q1w2e3r4
GalaGG4359;Q1w2e3r4
GalaGG4360;Q1w2e3r4
GalaGG4361;Q1w2e3r4
GalaGG4362;Q1w2e3r4
GalaGG4363;Q1w2e3r4
GalaGG4364;Q1w2e3r4
GalaGG4365;Q1w2e3r4
GalaGG4366;Q1w2e3r4
GalaGG4367;Q1w2e3r4
GalaGG4368;Q1w2e3r4
GalaGG4369;Q1w2e3r4
GalaGG4370;Q1w2e3r4
GalaGG4371;Q1w2e3r4
GalaGG4372;Q1w2e3r4
GalaGG4373;Q1w2e3r4
GalaGG4374;Q1w2e3r4
GalaGG4375;Q1w2e3r4
GalaGG4376;Q1w2e3r4
GalaGG4377;Q1w2e3r4
GalaGG4378;Q1w2e3r4
GalaGG4379;Q1w2e3r4
GalaGG4380;Q1w2e3r4
GalaGG4381;Q1w2e3r4
GalaGG4382;Q1w2e3r4
GalaGG4383;Q1w2e3r4
GalaGG4384;Q1w2e3r4
GalaGG4385;Q1w2e3r4
GalaGG4386;Q1w2e3r4
GalaGG4387;Q1w2e3r4
GalaGG4388;Q1w2e3r4
GalaGG4389;Q1w2e3r4
GalaGG4390;Q1w2e3r4
GalaGG4391;Q1w2e3r4
GalaGG4392;Q1w2e3r4
GalaGG4393;Q1w2e3r4
GalaGG4394;Q1w2e3r4
GalaGG4395;Q1w2e3r4
GalaGG4396;Q1w2e3r4
GalaGG4397;Q1w2e3r4
GalaGG4398;Q1w2e3r4
GalaGG4399;Q1w2e3r4
GalaGG4400;Q1w2e3r4
GalaGG4401;Q1w2e3r4
GalaGG4402;Q1w2e3r4
GalaGG4403;Q1w2e3r4
GalaGG4404;Q1w2e3r4
GalaGG4405;Q1w2e3r4
GalaGG4406;Q1w2e3r4
GalaGG4407;Q1w2e3r4
GalaGG4408;Q1w2e3r4
GalaGG4409;Q1w2e3r4
GalaGG4410;Q1w2e3r4
GalaGG4411;Q1w2e3r4
GalaGG4412;Q1w2e3r4
GalaGG4413;Q1w2e3r4
GalaGG4414;Q1w2e3r4
GalaGG4415;Q1w2e3r4
GalaGG4416;Q1w2e3r4
GalaGG4417;Q1w2e3r4
GalaGG4418;Q1w2e3r4
GalaGG4419;Q1w2e3r4
GalaGG4420;Q1w2e3r4
GalaGG4421;Q1w2e3r4
GalaGG4422;Q1w2e3r4
GalaGG4423;Q1w2e3r4
GalaGG4424;Q1w2e3r4
GalaGG4425;Q1w2e3r4
GalaGG4426;Q1w2e3r4
GalaGG4427;Q1w2e3r4
GalaGG4428;Q1w2e3r4
GalaGG4429;Q1w2e3r4
GalaGG4430;Q1w2e3r4
GalaGG4431;Q1w2e3r4
GalaGG4432;Q1w2e3r4
GalaGG4433;Q1w2e3r4
GalaGG4434;Q1w2e3r4
GalaGG4435;Q1w2e3r4
GalaGG4436;Q1w2e3r4
GalaGG4437;Q1w2e3r4
GalaGG4438;Q1w2e3r4
GalaGG4439;Q1w2e3r4
GalaGG4440;Q1w2e3r4
GalaGG4441;Q1w2e3r4
GalaGG4442;Q1w2e3r4
GalaGG4443;Q1w2e3r4
GalaGG4444;Q1w2e3r4
GalaGG4445;Q1w2e3r4
GalaGG4446;Q1w2e3r4
GalaGG4447;Q1w2e3r4
GalaGG4448;Q1w2e3r4
GalaGG4449;Q1w2e3r4
GalaGG4450;Q1w2e3r4
GalaGG4451;Q1w2e3r4
GalaGG4452;Q1w2e3r4
GalaGG4453;Q1w2e3r4
GalaGG4454;Q1w2e3r4
GalaGG4455;Q1w2e3r4
GalaGG4456;Q1w2e3r4
GalaGG4457;Q1w2e3r4
GalaGG4458;Q1w2e3r4
GalaGG4459;Q1w2e3r4
GalaGG4460;Q1w2e3r4
GalaGG4461;Q1w2e3r4
GalaGG4462;Q1w2e3r4
GalaGG4463;Q1w2e3r4
GalaGG4464;Q1w2e3r4
GalaGG4465;Q1w2e3r4
GalaGG4466;Q1w2e3r4
GalaGG4467;Q1w2e3r4
GalaGG4468;Q1w2e3r4
GalaGG4469;Q1w2e3r4
GalaGG4470;Q1w2e3r4
GalaGG4471;Q1w2e3r4
GalaGG4472;Q1w2e3r4
GalaGG4473;Q1w2e3r4
GalaGG4474;Q1w2e3r4
GalaGG4475;Q1w2e3r4
GalaGG4476;Q1w2e3r4
GalaGG4477;Q1w2e3r4
GalaGG4478;Q1w2e3r4
GalaGG4479;Q1w2e3r4
GalaGG4480;Q1w2e3r4
GalaGG4481;Q1w2e3r4
GalaGG4482;Q1w2e3r4
GalaGG4483;Q1w2e3r4
GalaGG4484;Q1w2e3r4
GalaGG4485;Q1w2e3r4
GalaGG4486;Q1w2e3r4
GalaGG4487;Q1w2e3r4
GalaGG4488;Q1w2e3r4
GalaGG4489;Q1w2e3r4
GalaGG4490;Q1w2e3r4
GalaGG4491;Q1w2e3r4
GalaGG4492;Q1w2e3r4
GalaGG4493;Q1w2e3r4
GalaGG4494;Q1w2e3r4
GalaGG4495;Q1w2e3r4
GalaGG4496;Q1w2e3r4
GalaGG4497;Q1w2e3r4
GalaGG4498;Q1w2e3r4
GalaGG4499;Q1w2e3r4
GalaGG4500;Q1w2e3r4
GalaGG4501;Q1w2e3r4
GalaGG4502;Q1w2e3r4
GalaGG4503;Q1w2e3r4
GalaGG4504;Q1w2e3r4
GalaGG4505;Q1w2e3r4
GalaGG4506;Q1w2e3r4
GalaGG4507;Q1w2e3r4
GalaGG4508;Q1w2e3r4
GalaGG4509;Q1w2e3r4
GalaGG4510;Q1w2e3r4
GalaGG4511;Q1w2e3r4
GalaGG4512;Q1w2e3r4
GalaGG4513;Q1w2e3r4
GalaGG4514;Q1w2e3r4
GalaGG4515;Q1w2e3r4
GalaGG4516;Q1w2e3r4
GalaGG4517;Q1w2e3r4
GalaGG4518;Q1w2e3r4
GalaGG4519;Q1w2e3r4
GalaGG4520;Q1w2e3r4
GalaGG4521;Q1w2e3r4
GalaGG4522;Q1w2e3r4
GalaGG4523;Q1w2e3r4
GalaGG4524;Q1w2e3r4
GalaGG4525;Q1w2e3r4
GalaGG4526;Q1w2e3r4
GalaGG4527;Q1w2e3r4
GalaGG4528;Q1w2e3r4
GalaGG4529;Q1w2e3r4
GalaGG4530;Q1w2e3r4
GalaGG4531;Q1w2e3r4
GalaGG4532;Q1w2e3r4
GalaGG4533;Q1w2e3r4
GalaGG4534;Q1w2e3r4
GalaGG4535;Q1w2e3r4
GalaGG4536;Q1w2e3r4
GalaGG4537;Q1w2e3r4
GalaGG4538;Q1w2e3r4
GalaGG4539;Q1w2e3r4
GalaGG4540;Q1w2e3r4
GalaGG4541;Q1w2e3r4
GalaGG4542;Q1w2e3r4
GalaGG4543;Q1w2e3r4
GalaGG4544;Q1w2e3r4
GalaGG4545;Q1w2e3r4
GalaGG4546;Q1w2e3r4
GalaGG4547;Q1w2e3r4
GalaGG4548;Q1w2e3r4
GalaGG4549;Q1w2e3r4
GalaGG4550;Q1w2e3r4
GalaGG4551;Q1w2e3r4
GalaGG4552;Q1w2e3r4
GalaGG4553;Q1w2e3r4
GalaGG4554;Q1w2e3r4
GalaGG4555;Q1w2e3r4
GalaGG4556;Q1w2e3r4
GalaGG4557;Q1w2e3r4
GalaGG4558;Q1w2e3r4
GalaGG4559;Q1w2e3r4
GalaGG4560;Q1w2e3r4
GalaGG4561;Q1w2e3r4
GalaGG4562;Q1w2e3r4
GalaGG4563;Q1w2e3r4
GalaGG4564;Q1w2e3r4
GalaGG4565;Q1w2e3r4
GalaGG4566;Q1w2e3r4
GalaGG4567;Q1w2e3r4
GalaGG4568;Q1w2e3r4
GalaGG4569;Q1w2e3r4
GalaGG4570;Q1w2e3r4
GalaGG4571;Q1w2e3r4
GalaGG4572;Q1w2e3r4
GalaGG4573;Q1w2e3r4
GalaGG4574;Q1w2e3r4
GalaGG4575;Q1w2e3r4
GalaGG4576;Q1w2e3r4
GalaGG4577;Q1w2e3r4
GalaGG4578;Q1w2e3r4
GalaGG4579;Q1w2e3r4
GalaGG4580;Q1w2e3r4
GalaGG4581;Q1w2e3r4
GalaGG4582;Q1w2e3r4
GalaGG4583;Q1w2e3r4
GalaGG4584;Q1w2e3r4
GalaGG4585;Q1w2e3r4
GalaGG4586;Q1w2e3r4
GalaGG4587;Q1w2e3r4
GalaGG4588;Q1w2e3r4
GalaGG4589;Q1w2e3r4
GalaGG4590;Q1w2e3r4
GalaGG4591;Q1w2e3r4
GalaGG4592;Q1w2e3r4
GalaGG4593;Q1w2e3r4
GalaGG4594;Q1w2e3r4
GalaGG4595;Q1w2e3r4
GalaGG4596;Q1w2e3r4
GalaGG4597;Q1w2e3r4
GalaGG4598;Q1w2e3r4
GalaGG4599;Q1w2e3r4
GalaGG4600;Q1w2e3r4
GalaGG4601;Q1w2e3r4
GalaGG4602;Q1w2e3r4
GalaGG4603;Q1w2e3r4
GalaGG4604;Q1w2e3r4
GalaGG4605;Q1w2e3r4
GalaGG4606;Q1w2e3r4
GalaGG4607;Q1w2e3r4
GalaGG4608;Q1w2e3r4
GalaGG4609;Q1w2e3r4
GalaGG4610;Q1w2e3r4
GalaGG4611;Q1w2e3r4
GalaGG4612;Q1w2e3r4
GalaGG4613;Q1w2e3r4
GalaGG4614;Q1w2e3r4
GalaGG4615;Q1w2e3r4
GalaGG4616;Q1w2e3r4
GalaGG4617;Q1w2e3r4
GalaGG4618;Q1w2e3r4
GalaGG4619;Q1w2e3r4
GalaGG4620;Q1w2e3r4
GalaGG4621;Q1w2e3r4
GalaGG4622;Q1w2e3r4
GalaGG4623;Q1w2e3r4
GalaGG4624;Q1w2e3r4
GalaGG4625;Q1w2e3r4
GalaGG4626;Q1w2e3r4
GalaGG4627;Q1w2e3r4
GalaGG4628;Q1w2e3r4
GalaGG4629;Q1w2e3r4
GalaGG4630;Q1w2e3r4
GalaGG4631;Q1w2e3r4
GalaGG4632;Q1w2e3r4
GalaGG4633;Q1w2e3r4
GalaGG4634;Q1w2e3r4
GalaGG4635;Q1w2e3r4
GalaGG4636;Q1w2e3r4
GalaGG4637;Q1w2e3r4
GalaGG4638;Q1w2e3r4
GalaGG4639;Q1w2e3r4
GalaGG4640;Q1w2e3r4
GalaGG4641;Q1w2e3r4
GalaGG4642;Q1w2e3r4
GalaGG4643;Q1w2e3r4
GalaGG4644;Q1w2e3r4
GalaGG4645;Q1w2e3r4
GalaGG4646;Q1w2e3r4
GalaGG4647;Q1w2e3r4
GalaGG4648;Q1w2e3r4
GalaGG4649;Q1w2e3r4
GalaGG4650;Q1w2e3r4
GalaGG4651;Q1w2e3r4
GalaGG4652;Q1w2e3r4
GalaGG4653;Q1w2e3r4
GalaGG4654;Q1w2e3r4
GalaGG4655;Q1w2e3r4
GalaGG4656;Q1w2e3r4
GalaGG4657;Q1w2e3r4
GalaGG4658;Q1w2e3r4
GalaGG4659;Q1w2e3r4
GalaGG4660;Q1w2e3r4
GalaGG4661;Q1w2e3r4
GalaGG4662;Q1w2e3r4
GalaGG4663;Q1w2e3r4
GalaGG4664;Q1w2e3r4
GalaGG4665;Q1w2e3r4
GalaGG4666;Q1w2e3r4
GalaGG4667;Q1w2e3r4
GalaGG4668;Q1w2e3r4
GalaGG4669;Q1w2e3r4
GalaGG4670;Q1w2e3r4
GalaGG4671;Q1w2e3r4
GalaGG4672;Q1w2e3r4
GalaGG4673;Q1w2e3r4
GalaGG4674;Q1w2e3r4
GalaGG4675;Q1w2e3r4
GalaGG4676;Q1w2e3r4
GalaGG4677;Q1w2e3r4
GalaGG4678;Q1w2e3r4
GalaGG4679;Q1w2e3r4
GalaGG4680;Q1w2e3r4
GalaGG4681;Q1w2e3r4
GalaGG4682;Q1w2e3r4
GalaGG4683;Q1w2e3r4
GalaGG4684;Q1w2e3r4
GalaGG4685;Q1w2e3r4
GalaGG4686;Q1w2e3r4
GalaGG4687;Q1w2e3r4
GalaGG4688;Q1w2e3r4
GalaGG4689;Q1w2e3r4
GalaGG4690;Q1w2e3r4
GalaGG4691;Q1w2e3r4
GalaGG4692;Q1w2e3r4
GalaGG4693;Q1w2e3r4
GalaGG4694;Q1w2e3r4
GalaGG4695;Q1w2e3r4
GalaGG4696;Q1w2e3r4
GalaGG4697;Q1w2e3r4
GalaGG4698;Q1w2e3r4
GalaGG4699;Q1w2e3r4
GalaGG4700;Q1w2e3r4
GalaGG4701;Q1w2e3r4
GalaGG4702;Q1w2e3r4
GalaGG4703;Q1w2e3r4
GalaGG4704;Q1w2e3r4
GalaGG4705;Q1w2e3r4
GalaGG4706;Q1w2e3r4
GalaGG4707;Q1w2e3r4
GalaGG4708;Q1w2e3r4
GalaGG4709;Q1w2e3r4
GalaGG4710;Q1w2e3r4
GalaGG4711;Q1w2e3r4
GalaGG4712;Q1w2e3r4
GalaGG4713;Q1w2e3r4
GalaGG4714;Q1w2e3r4
GalaGG4715;Q1w2e3r4
GalaGG4716;Q1w2e3r4
GalaGG4717;Q1w2e3r4
GalaGG4718;Q1w2e3r4
GalaGG4719;Q1w2e3r4
GalaGG4720;Q1w2e3r4
GalaGG4721;Q1w2e3r4
GalaGG4722;Q1w2e3r4
GalaGG4723;Q1w2e3r4
GalaGG4724;Q1w2e3r4
GalaGG4725;Q1w2e3r4
GalaGG4726;Q1w2e3r4
GalaGG4727;Q1w2e3r4
GalaGG4728;Q1w2e3r4
GalaGG4729;Q1w2e3r4
GalaGG4730;Q1w2e3r4
GalaGG4731;Q1w2e3r4
GalaGG4732;Q1w2e3r4
GalaGG4733;Q1w2e3r4
GalaGG4734;Q1w2e3r4
GalaGG4735;Q1w2e3r4
GalaGG4736;Q1w2e3r4
GalaGG4737;Q1w2e3r4
GalaGG4738;Q1w2e3r4
GalaGG4739;Q1w2e3r4
GalaGG4740;Q1w2e3r4
GalaGG4741;Q1w2e3r4
GalaGG4742;Q1w2e3r4
GalaGG4743;Q1w2e3r4
GalaGG4744;Q1w2e3r4
GalaGG4745;Q1w2e3r4
GalaGG4746;Q1w2e3r4
GalaGG4747;Q1w2e3r4
GalaGG4748;Q1w2e3r4
GalaGG4749;Q1w2e3r4
GalaGG4750;Q1w2e3r4
GalaGG4751;Q1w2e3r4
GalaGG4752;Q1w2e3r4
GalaGG4753;Q1w2e3r4
GalaGG4754;Q1w2e3r4
GalaGG4755;Q1w2e3r4
GalaGG4756;Q1w2e3r4
GalaGG4757;Q1w2e3r4
GalaGG4758;Q1w2e3r4
GalaGG4759;Q1w2e3r4
GalaGG4760;Q1w2e3r4
GalaGG4761;Q1w2e3r4
GalaGG4762;Q1w2e3r4
GalaGG4763;Q1w2e3r4
GalaGG4764;Q1w2e3r4
GalaGG4765;Q1w2e3r4
GalaGG4766;Q1w2e3r4
GalaGG4767;Q1w2e3r4
GalaGG4768;Q1w2e3r4
GalaGG4769;Q1w2e3r4
GalaGG4770;Q1w2e3r4
GalaGG4771;Q1w2e3r4
GalaGG4772;Q1w2e3r4
GalaGG4773;Q1w2e3r4
GalaGG4774;Q1w2e3r4
GalaGG4775;Q1w2e3r4
GalaGG4776;Q1w2e3r4
GalaGG4777;Q1w2e3r4
GalaGG4778;Q1w2e3r4
GalaGG4779;Q1w2e3r4
GalaGG4780;Q1w2e3r4
GalaGG4781;Q1w2e3r4
GalaGG4782;Q1w2e3r4
GalaGG4783;Q1w2e3r4
GalaGG4784;Q1w2e3r4
GalaGG4785;Q1w2e3r4
GalaGG4786;Q1w2e3r4
GalaGG4787;Q1w2e3r4
GalaGG4788;Q1w2e3r4
GalaGG4789;Q1w2e3r4
GalaGG4790;Q1w2e3r4
GalaGG4791;Q1w2e3r4
GalaGG4792;Q1w2e3r4
GalaGG4793;Q1w2e3r4
GalaGG4794;Q1w2e3r4
GalaGG4795;Q1w2e3r4
GalaGG4796;Q1w2e3r4
GalaGG4797;Q1w2e3r4
GalaGG4798;Q1w2e3r4
GalaGG4799;Q1w2e3r4
GalaGG4800;Q1w2e3r4
GalaGG4801;Q1w2e3r4
GalaGG4802;Q1w2e3r4
GalaGG4803;Q1w2e3r4
GalaGG4804;Q1w2e3r4
GalaGG4805;Q1w2e3r4
GalaGG4806;Q1w2e3r4
GalaGG4807;Q1w2e3r4
GalaGG4808;Q1w2e3r4
GalaGG4809;Q1w2e3r4
GalaGG4810;Q1w2e3r4
GalaGG4811;Q1w2e3r4
GalaGG4812;Q1w2e3r4
GalaGG4813;Q1w2e3r4
GalaGG4814;Q1w2e3r4
GalaGG4815;Q1w2e3r4
GalaGG4816;Q1w2e3r4
GalaGG4817;Q1w2e3r4
GalaGG4818;Q1w2e3r4
GalaGG4819;Q1w2e3r4
GalaGG4820;Q1w2e3r4
GalaGG4821;Q1w2e3r4
GalaGG4822;Q1w2e3r4
GalaGG4823;Q1w2e3r4
GalaGG4824;Q1w2e3r4
GalaGG4825;Q1w2e3r4
GalaGG4826;Q1w2e3r4
GalaGG4827;Q1w2e3r4
GalaGG4828;Q1w2e3r4
GalaGG4829;Q1w2e3r4
GalaGG4830;Q1w2e3r4
GalaGG4831;Q1w2e3r4
GalaGG4832;Q1w2e3r4
GalaGG4833;Q1w2e3r4
GalaGG4834;Q1w2e3r4
GalaGG4835;Q1w2e3r4
GalaGG4836;Q1w2e3r4
GalaGG4837;Q1w2e3r4
GalaGG4838;Q1w2e3r4
GalaGG4839;Q1w2e3r4
GalaGG4840;Q1w2e3r4
GalaGG4841;Q1w2e3r4
GalaGG4842;Q1w2e3r4
GalaGG4843;Q1w2e3r4
GalaGG4844;Q1w2e3r4
GalaGG4845;Q1w2e3r4
GalaGG4846;Q1w2e3r4
GalaGG4847;Q1w2e3r4
GalaGG4848;Q1w2e3r4
GalaGG4849;Q1w2e3r4
GalaGG4850;Q1w2e3r4
GalaGG4851;Q1w2e3r4
GalaGG4852;Q1w2e3r4
GalaGG4853;Q1w2e3r4
GalaGG4854;Q1w2e3r4
GalaGG4855;Q1w2e3r4
GalaGG4856;Q1w2e3r4
GalaGG4857;Q1w2e3r4
GalaGG4858;Q1w2e3r4
GalaGG4859;Q1w2e3r4
GalaGG4860;Q1w2e3r4
GalaGG4861;Q1w2e3r4
GalaGG4862;Q1w2e3r4
GalaGG4863;Q1w2e3r4
GalaGG4864;Q1w2e3r4
GalaGG4865;Q1w2e3r4
GalaGG4866;Q1w2e3r4
GalaGG4867;Q1w2e3r4
GalaGG4868;Q1w2e3r4
GalaGG4869;Q1w2e3r4
GalaGG4870;Q1w2e3r4
GalaGG4871;Q1w2e3r4
GalaGG4872;Q1w2e3r4
GalaGG4873;Q1w2e3r4
GalaGG4874;Q1w2e3r4
GalaGG4875;Q1w2e3r4
GalaGG4876;Q1w2e3r4
GalaGG4877;Q1w2e3r4
GalaGG4878;Q1w2e3r4
GalaGG4879;Q1w2e3r4
GalaGG4880;Q1w2e3r4
GalaGG4881;Q1w2e3r4
GalaGG4882;Q1w2e3r4
GalaGG4883;Q1w2e3r4
GalaGG4884;Q1w2e3r4
GalaGG4885;Q1w2e3r4
GalaGG4886;Q1w2e3r4
GalaGG4887;Q1w2e3r4
GalaGG4888;Q1w2e3r4
GalaGG4889;Q1w2e3r4
GalaGG4890;Q1w2e3r4
GalaGG4891;Q1w2e3r4
GalaGG4892;Q1w2e3r4
GalaGG4893;Q1w2e3r4
GalaGG4894;Q1w2e3r4
GalaGG4895;Q1w2e3r4
GalaGG4896;Q1w2e3r4
GalaGG4897;Q1w2e3r4
GalaGG4898;Q1w2e3r4
GalaGG4899;Q1w2e3r4
GalaGG4900;Q1w2e3r4
GalaGG4901;Q1w2e3r4
GalaGG4902;Q1w2e3r4
GalaGG4903;Q1w2e3r4
GalaGG4904;Q1w2e3r4
GalaGG4905;Q1w2e3r4
GalaGG4906;Q1w2e3r4
GalaGG4907;Q1w2e3r4
GalaGG4908;Q1w2e3r4
GalaGG4909;Q1w2e3r4
GalaGG4910;Q1w2e3r4
GalaGG4911;Q1w2e3r4
GalaGG4912;Q1w2e3r4
GalaGG4913;Q1w2e3r4
GalaGG4914;Q1w2e3r4
GalaGG4915;Q1w2e3r4
GalaGG4916;Q1w2e3r4
GalaGG4917;Q1w2e3r4
GalaGG4918;Q1w2e3r4
GalaGG4919;Q1w2e3r4
GalaGG4920;Q1w2e3r4
GalaGG4921;Q1w2e3r4
GalaGG4922;Q1w2e3r4
GalaGG4923;Q1w2e3r4
GalaGG4924;Q1w2e3r4
GalaGG4925;Q1w2e3r4
GalaGG4926;Q1w2e3r4
GalaGG4927;Q1w2e3r4
GalaGG4928;Q1w2e3r4
GalaGG4929;Q1w2e3r4
GalaGG4930;Q1w2e3r4
GalaGG4931;Q1w2e3r4
GalaGG4932;Q1w2e3r4
GalaGG4933;Q1w2e3r4
GalaGG4934;Q1w2e3r4
GalaGG4935;Q1w2e3r4
GalaGG4936;Q1w2e3r4
GalaGG4937;Q1w2e3r4
GalaGG4938;Q1w2e3r4
GalaGG4939;Q1w2e3r4
GalaGG4940;Q1w2e3r4
GalaGG4941;Q1w2e3r4
GalaGG4942;Q1w2e3r4
GalaGG4943;Q1w2e3r4
GalaGG4944;Q1w2e3r4
GalaGG4945;Q1w2e3r4
GalaGG4946;Q1w2e3r4
GalaGG4947;Q1w2e3r4
GalaGG4948;Q1w2e3r4
GalaGG4949;Q1w2e3r4
GalaGG4950;Q1w2e3r4
GalaGG4951;Q1w2e3r4
GalaGG4952;Q1w2e3r4
GalaGG4953;Q1w2e3r4
GalaGG4954;Q1w2e3r4
GalaGG4955;Q1w2e3r4
GalaGG4956;Q1w2e3r4
GalaGG4957;Q1w2e3r4
GalaGG4958;Q1w2e3r4
GalaGG4959;Q1w2e3r4
GalaGG4960;Q1w2e3r4
GalaGG4961;Q1w2e3r4
GalaGG4962;Q1w2e3r4
GalaGG4963;Q1w2e3r4
GalaGG4964;Q1w2e3r4
GalaGG4965;Q1w2e3r4
GalaGG4966;Q1w2e3r4
GalaGG4967;Q1w2e3r4
GalaGG4968;Q1w2e3r4
GalaGG4969;Q1w2e3r4
GalaGG4970;Q1w2e3r4
GalaGG4971;Q1w2e3r4
GalaGG4972;Q1w2e3r4
GalaGG4973;Q1w2e3r4
GalaGG4974;Q1w2e3r4
GalaGG4975;Q1w2e3r4
GalaGG4976;Q1w2e3r4
GalaGG4977;Q1w2e3r4
GalaGG4978;Q1w2e3r4
GalaGG4979;Q1w2e3r4
GalaGG4980;Q1w2e3r4
GalaGG4981;Q1w2e3r4
GalaGG4982;Q1w2e3r4
GalaGG4983;Q1w2e3r4
GalaGG4984;Q1w2e3r4
GalaGG4985;Q1w2e3r4
GalaGG4986;Q1w2e3r4
GalaGG4987;Q1w2e3r4
GalaGG4988;Q1w2e3r4
GalaGG4989;Q1w2e3r4
GalaGG4990;Q1w2e3r4
GalaGG4991;Q1w2e3r4
GalaGG4992;Q1w2e3r4
GalaGG4993;Q1w2e3r4
GalaGG4994;Q1w2e3r4
GalaGG4995;Q1w2e3r4
GalaGG4996;Q1w2e3r4
GalaGG4997;Q1w2e3r4
GalaGG4998;Q1w2e3r4
GalaGG4999;Q1w2e3r4
GalaGG5000;Q1w2e3r4