GalaGG7501;Q1w2e3r4
GalaGG7502;Q1w2e3r4
GalaGG7503;Q1w2e3r4
GalaGG7504;Q1w2e3r4
GalaGG7505;Q1w2e3r4
GalaGG7506;Q1w2e3r4
GalaGG7507;Q1w2e3r4
GalaGG7508;Q1w2e3r4
GalaGG7509;Q1w2e3r4
GalaGG7510;Q1w2e3r4
GalaGG7511;Q1w2e3r4
GalaGG7512;Q1w2e3r4
GalaGG7513;Q1w2e3r4
GalaGG7514;Q1w2e3r4
GalaGG7515;Q1w2e3r4
GalaGG7516;Q1w2e3r4
GalaGG7517;Q1w2e3r4
GalaGG7518;Q1w2e3r4
GalaGG7519;Q1w2e3r4
GalaGG7520;Q1w2e3r4
GalaGG7521;Q1w2e3r4
GalaGG7522;Q1w2e3r4
GalaGG7523;Q1w2e3r4
GalaGG7524;Q1w2e3r4
GalaGG7525;Q1w2e3r4
GalaGG7526;Q1w2e3r4
GalaGG7527;Q1w2e3r4
GalaGG7528;Q1w2e3r4
GalaGG7529;Q1w2e3r4
GalaGG7530;Q1w2e3r4
GalaGG7531;Q1w2e3r4
GalaGG7532;Q1w2e3r4
GalaGG7533;Q1w2e3r4
GalaGG7534;Q1w2e3r4
GalaGG7535;Q1w2e3r4
GalaGG7536;Q1w2e3r4
GalaGG7537;Q1w2e3r4
GalaGG7538;Q1w2e3r4
GalaGG7539;Q1w2e3r4
GalaGG7540;Q1w2e3r4
GalaGG7541;Q1w2e3r4
GalaGG7542;Q1w2e3r4
GalaGG7543;Q1w2e3r4
GalaGG7544;Q1w2e3r4
GalaGG7545;Q1w2e3r4
GalaGG7546;Q1w2e3r4
GalaGG7547;Q1w2e3r4
GalaGG7548;Q1w2e3r4
GalaGG7549;Q1w2e3r4
GalaGG7550;Q1w2e3r4
GalaGG7551;Q1w2e3r4
GalaGG7552;Q1w2e3r4
GalaGG7553;Q1w2e3r4
GalaGG7554;Q1w2e3r4
GalaGG7555;Q1w2e3r4
GalaGG7556;Q1w2e3r4
GalaGG7557;Q1w2e3r4
GalaGG7558;Q1w2e3r4
GalaGG7559;Q1w2e3r4
GalaGG7560;Q1w2e3r4
GalaGG7561;Q1w2e3r4
GalaGG7562;Q1w2e3r4
GalaGG7563;Q1w2e3r4
GalaGG7564;Q1w2e3r4
GalaGG7565;Q1w2e3r4
GalaGG7566;Q1w2e3r4
GalaGG7567;Q1w2e3r4
GalaGG7568;Q1w2e3r4
GalaGG7569;Q1w2e3r4
GalaGG7570;Q1w2e3r4
GalaGG7571;Q1w2e3r4
GalaGG7572;Q1w2e3r4
GalaGG7573;Q1w2e3r4
GalaGG7574;Q1w2e3r4
GalaGG7575;Q1w2e3r4
GalaGG7576;Q1w2e3r4
GalaGG7577;Q1w2e3r4
GalaGG7578;Q1w2e3r4
GalaGG7579;Q1w2e3r4
GalaGG7580;Q1w2e3r4
GalaGG7581;Q1w2e3r4
GalaGG7582;Q1w2e3r4
GalaGG7583;Q1w2e3r4
GalaGG7584;Q1w2e3r4
GalaGG7585;Q1w2e3r4
GalaGG7586;Q1w2e3r4
GalaGG7587;Q1w2e3r4
GalaGG7588;Q1w2e3r4
GalaGG7589;Q1w2e3r4
GalaGG7590;Q1w2e3r4
GalaGG7591;Q1w2e3r4
GalaGG7592;Q1w2e3r4
GalaGG7593;Q1w2e3r4
GalaGG7594;Q1w2e3r4
GalaGG7595;Q1w2e3r4
GalaGG7596;Q1w2e3r4
GalaGG7597;Q1w2e3r4
GalaGG7598;Q1w2e3r4
GalaGG7599;Q1w2e3r4
GalaGG7600;Q1w2e3r4
GalaGG7601;Q1w2e3r4
GalaGG7602;Q1w2e3r4
GalaGG7603;Q1w2e3r4
GalaGG7604;Q1w2e3r4
GalaGG7605;Q1w2e3r4
GalaGG7606;Q1w2e3r4
GalaGG7607;Q1w2e3r4
GalaGG7608;Q1w2e3r4
GalaGG7609;Q1w2e3r4
GalaGG7610;Q1w2e3r4
GalaGG7611;Q1w2e3r4
GalaGG7612;Q1w2e3r4
GalaGG7613;Q1w2e3r4
GalaGG7614;Q1w2e3r4
GalaGG7615;Q1w2e3r4
GalaGG7616;Q1w2e3r4
GalaGG7617;Q1w2e3r4
GalaGG7618;Q1w2e3r4
GalaGG7619;Q1w2e3r4
GalaGG7620;Q1w2e3r4
GalaGG7621;Q1w2e3r4
GalaGG7622;Q1w2e3r4
GalaGG7623;Q1w2e3r4
GalaGG7624;Q1w2e3r4
GalaGG7625;Q1w2e3r4
GalaGG7626;Q1w2e3r4
GalaGG7627;Q1w2e3r4
GalaGG7628;Q1w2e3r4
GalaGG7629;Q1w2e3r4
GalaGG7630;Q1w2e3r4
GalaGG7631;Q1w2e3r4
GalaGG7632;Q1w2e3r4
GalaGG7633;Q1w2e3r4
GalaGG7634;Q1w2e3r4
GalaGG7635;Q1w2e3r4
GalaGG7636;Q1w2e3r4
GalaGG7637;Q1w2e3r4
GalaGG7638;Q1w2e3r4
GalaGG7639;Q1w2e3r4
GalaGG7640;Q1w2e3r4
GalaGG7641;Q1w2e3r4
GalaGG7642;Q1w2e3r4
GalaGG7643;Q1w2e3r4
GalaGG7644;Q1w2e3r4
GalaGG7645;Q1w2e3r4
GalaGG7646;Q1w2e3r4
GalaGG7647;Q1w2e3r4
GalaGG7648;Q1w2e3r4
GalaGG7649;Q1w2e3r4
GalaGG7650;Q1w2e3r4
GalaGG7651;Q1w2e3r4
GalaGG7652;Q1w2e3r4
GalaGG7653;Q1w2e3r4
GalaGG7654;Q1w2e3r4
GalaGG7655;Q1w2e3r4
GalaGG7656;Q1w2e3r4
GalaGG7657;Q1w2e3r4
GalaGG7658;Q1w2e3r4
GalaGG7659;Q1w2e3r4
GalaGG7660;Q1w2e3r4
GalaGG7661;Q1w2e3r4
GalaGG7662;Q1w2e3r4
GalaGG7663;Q1w2e3r4
GalaGG7664;Q1w2e3r4
GalaGG7665;Q1w2e3r4
GalaGG7666;Q1w2e3r4
GalaGG7667;Q1w2e3r4
GalaGG7668;Q1w2e3r4
GalaGG7669;Q1w2e3r4
GalaGG7670;Q1w2e3r4
GalaGG7671;Q1w2e3r4
GalaGG7672;Q1w2e3r4
GalaGG7673;Q1w2e3r4
GalaGG7674;Q1w2e3r4
GalaGG7675;Q1w2e3r4
GalaGG7676;Q1w2e3r4
GalaGG7677;Q1w2e3r4
GalaGG7678;Q1w2e3r4
GalaGG7679;Q1w2e3r4
GalaGG7680;Q1w2e3r4
GalaGG7681;Q1w2e3r4
GalaGG7682;Q1w2e3r4
GalaGG7683;Q1w2e3r4
GalaGG7684;Q1w2e3r4
GalaGG7685;Q1w2e3r4
GalaGG7686;Q1w2e3r4
GalaGG7687;Q1w2e3r4
GalaGG7688;Q1w2e3r4
GalaGG7689;Q1w2e3r4
GalaGG7690;Q1w2e3r4
GalaGG7691;Q1w2e3r4
GalaGG7692;Q1w2e3r4
GalaGG7693;Q1w2e3r4
GalaGG7694;Q1w2e3r4
GalaGG7695;Q1w2e3r4
GalaGG7696;Q1w2e3r4
GalaGG7697;Q1w2e3r4
GalaGG7698;Q1w2e3r4
GalaGG7699;Q1w2e3r4
GalaGG7700;Q1w2e3r4
GalaGG7701;Q1w2e3r4
GalaGG7702;Q1w2e3r4
GalaGG7703;Q1w2e3r4
GalaGG7704;Q1w2e3r4
GalaGG7705;Q1w2e3r4
GalaGG7706;Q1w2e3r4
GalaGG7707;Q1w2e3r4
GalaGG7708;Q1w2e3r4
GalaGG7709;Q1w2e3r4
GalaGG7710;Q1w2e3r4
GalaGG7711;Q1w2e3r4
GalaGG7712;Q1w2e3r4
GalaGG7713;Q1w2e3r4
GalaGG7714;Q1w2e3r4
GalaGG7715;Q1w2e3r4
GalaGG7716;Q1w2e3r4
GalaGG7717;Q1w2e3r4
GalaGG7718;Q1w2e3r4
GalaGG7719;Q1w2e3r4
GalaGG7720;Q1w2e3r4
GalaGG7721;Q1w2e3r4
GalaGG7722;Q1w2e3r4
GalaGG7723;Q1w2e3r4
GalaGG7724;Q1w2e3r4
GalaGG7725;Q1w2e3r4
GalaGG7726;Q1w2e3r4
GalaGG7727;Q1w2e3r4
GalaGG7728;Q1w2e3r4
GalaGG7729;Q1w2e3r4
GalaGG7730;Q1w2e3r4
GalaGG7731;Q1w2e3r4
GalaGG7732;Q1w2e3r4
GalaGG7733;Q1w2e3r4
GalaGG7734;Q1w2e3r4
GalaGG7735;Q1w2e3r4
GalaGG7736;Q1w2e3r4
GalaGG7737;Q1w2e3r4
GalaGG7738;Q1w2e3r4
GalaGG7739;Q1w2e3r4
GalaGG7740;Q1w2e3r4
GalaGG7741;Q1w2e3r4
GalaGG7742;Q1w2e3r4
GalaGG7743;Q1w2e3r4
GalaGG7744;Q1w2e3r4
GalaGG7745;Q1w2e3r4
GalaGG7746;Q1w2e3r4
GalaGG7747;Q1w2e3r4
GalaGG7748;Q1w2e3r4
GalaGG7749;Q1w2e3r4
GalaGG7750;Q1w2e3r4
GalaGG7751;Q1w2e3r4
GalaGG7752;Q1w2e3r4
GalaGG7753;Q1w2e3r4
GalaGG7754;Q1w2e3r4
GalaGG7755;Q1w2e3r4
GalaGG7756;Q1w2e3r4
GalaGG7757;Q1w2e3r4
GalaGG7758;Q1w2e3r4
GalaGG7759;Q1w2e3r4
GalaGG7760;Q1w2e3r4
GalaGG7761;Q1w2e3r4
GalaGG7762;Q1w2e3r4
GalaGG7763;Q1w2e3r4
GalaGG7764;Q1w2e3r4
GalaGG7765;Q1w2e3r4
GalaGG7766;Q1w2e3r4
GalaGG7767;Q1w2e3r4
GalaGG7768;Q1w2e3r4
GalaGG7769;Q1w2e3r4
GalaGG7770;Q1w2e3r4
GalaGG7771;Q1w2e3r4
GalaGG7772;Q1w2e3r4
GalaGG7773;Q1w2e3r4
GalaGG7774;Q1w2e3r4
GalaGG7775;Q1w2e3r4
GalaGG7776;Q1w2e3r4
GalaGG7777;Q1w2e3r4
GalaGG7778;Q1w2e3r4
GalaGG7779;Q1w2e3r4
GalaGG7780;Q1w2e3r4
GalaGG7781;Q1w2e3r4
GalaGG7782;Q1w2e3r4
GalaGG7783;Q1w2e3r4
GalaGG7784;Q1w2e3r4
GalaGG7785;Q1w2e3r4
GalaGG7786;Q1w2e3r4
GalaGG7787;Q1w2e3r4
GalaGG7788;Q1w2e3r4
GalaGG7789;Q1w2e3r4
GalaGG7790;Q1w2e3r4
GalaGG7791;Q1w2e3r4
GalaGG7792;Q1w2e3r4
GalaGG7793;Q1w2e3r4
GalaGG7794;Q1w2e3r4
GalaGG7795;Q1w2e3r4
GalaGG7796;Q1w2e3r4
GalaGG7797;Q1w2e3r4
GalaGG7798;Q1w2e3r4
GalaGG7799;Q1w2e3r4
GalaGG7800;Q1w2e3r4
GalaGG7801;Q1w2e3r4
GalaGG7802;Q1w2e3r4
GalaGG7803;Q1w2e3r4
GalaGG7804;Q1w2e3r4
GalaGG7805;Q1w2e3r4
GalaGG7806;Q1w2e3r4
GalaGG7807;Q1w2e3r4
GalaGG7808;Q1w2e3r4
GalaGG7809;Q1w2e3r4
GalaGG7810;Q1w2e3r4
GalaGG7811;Q1w2e3r4
GalaGG7812;Q1w2e3r4
GalaGG7813;Q1w2e3r4
GalaGG7814;Q1w2e3r4
GalaGG7815;Q1w2e3r4
GalaGG7816;Q1w2e3r4
GalaGG7817;Q1w2e3r4
GalaGG7818;Q1w2e3r4
GalaGG7819;Q1w2e3r4
GalaGG7820;Q1w2e3r4
GalaGG7821;Q1w2e3r4
GalaGG7822;Q1w2e3r4
GalaGG7823;Q1w2e3r4
GalaGG7824;Q1w2e3r4
GalaGG7825;Q1w2e3r4
GalaGG7826;Q1w2e3r4
GalaGG7827;Q1w2e3r4
GalaGG7828;Q1w2e3r4
GalaGG7829;Q1w2e3r4
GalaGG7830;Q1w2e3r4
GalaGG7831;Q1w2e3r4
GalaGG7832;Q1w2e3r4
GalaGG7833;Q1w2e3r4
GalaGG7834;Q1w2e3r4
GalaGG7835;Q1w2e3r4
GalaGG7836;Q1w2e3r4
GalaGG7837;Q1w2e3r4
GalaGG7838;Q1w2e3r4
GalaGG7839;Q1w2e3r4
GalaGG7840;Q1w2e3r4
GalaGG7841;Q1w2e3r4
GalaGG7842;Q1w2e3r4
GalaGG7843;Q1w2e3r4
GalaGG7844;Q1w2e3r4
GalaGG7845;Q1w2e3r4
GalaGG7846;Q1w2e3r4
GalaGG7847;Q1w2e3r4
GalaGG7848;Q1w2e3r4
GalaGG7849;Q1w2e3r4
GalaGG7850;Q1w2e3r4
GalaGG7851;Q1w2e3r4
GalaGG7852;Q1w2e3r4
GalaGG7853;Q1w2e3r4
GalaGG7854;Q1w2e3r4
GalaGG7855;Q1w2e3r4
GalaGG7856;Q1w2e3r4
GalaGG7857;Q1w2e3r4
GalaGG7858;Q1w2e3r4
GalaGG7859;Q1w2e3r4
GalaGG7860;Q1w2e3r4
GalaGG7861;Q1w2e3r4
GalaGG7862;Q1w2e3r4
GalaGG7863;Q1w2e3r4
GalaGG7864;Q1w2e3r4
GalaGG7865;Q1w2e3r4
GalaGG7866;Q1w2e3r4
GalaGG7867;Q1w2e3r4
GalaGG7868;Q1w2e3r4
GalaGG7869;Q1w2e3r4
GalaGG7870;Q1w2e3r4
GalaGG7871;Q1w2e3r4
GalaGG7872;Q1w2e3r4
GalaGG7873;Q1w2e3r4
GalaGG7874;Q1w2e3r4
GalaGG7875;Q1w2e3r4
GalaGG7876;Q1w2e3r4
GalaGG7877;Q1w2e3r4
GalaGG7878;Q1w2e3r4
GalaGG7879;Q1w2e3r4
GalaGG7880;Q1w2e3r4
GalaGG7881;Q1w2e3r4
GalaGG7882;Q1w2e3r4
GalaGG7883;Q1w2e3r4
GalaGG7884;Q1w2e3r4
GalaGG7885;Q1w2e3r4
GalaGG7886;Q1w2e3r4
GalaGG7887;Q1w2e3r4
GalaGG7888;Q1w2e3r4
GalaGG7889;Q1w2e3r4
GalaGG7890;Q1w2e3r4
GalaGG7891;Q1w2e3r4
GalaGG7892;Q1w2e3r4
GalaGG7893;Q1w2e3r4
GalaGG7894;Q1w2e3r4
GalaGG7895;Q1w2e3r4
GalaGG7896;Q1w2e3r4
GalaGG7897;Q1w2e3r4
GalaGG7898;Q1w2e3r4
GalaGG7899;Q1w2e3r4
GalaGG7900;Q1w2e3r4
GalaGG7901;Q1w2e3r4
GalaGG7902;Q1w2e3r4
GalaGG7903;Q1w2e3r4
GalaGG7904;Q1w2e3r4
GalaGG7905;Q1w2e3r4
GalaGG7906;Q1w2e3r4
GalaGG7907;Q1w2e3r4
GalaGG7908;Q1w2e3r4
GalaGG7909;Q1w2e3r4
GalaGG7910;Q1w2e3r4
GalaGG7911;Q1w2e3r4
GalaGG7912;Q1w2e3r4
GalaGG7913;Q1w2e3r4
GalaGG7914;Q1w2e3r4
GalaGG7915;Q1w2e3r4
GalaGG7916;Q1w2e3r4
GalaGG7917;Q1w2e3r4
GalaGG7918;Q1w2e3r4
GalaGG7919;Q1w2e3r4
GalaGG7920;Q1w2e3r4
GalaGG7921;Q1w2e3r4
GalaGG7922;Q1w2e3r4
GalaGG7923;Q1w2e3r4
GalaGG7924;Q1w2e3r4
GalaGG7925;Q1w2e3r4
GalaGG7926;Q1w2e3r4
GalaGG7927;Q1w2e3r4
GalaGG7928;Q1w2e3r4
GalaGG7929;Q1w2e3r4
GalaGG7930;Q1w2e3r4
GalaGG7931;Q1w2e3r4
GalaGG7932;Q1w2e3r4
GalaGG7933;Q1w2e3r4
GalaGG7934;Q1w2e3r4
GalaGG7935;Q1w2e3r4
GalaGG7936;Q1w2e3r4
GalaGG7937;Q1w2e3r4
GalaGG7938;Q1w2e3r4
GalaGG7939;Q1w2e3r4
GalaGG7940;Q1w2e3r4
GalaGG7941;Q1w2e3r4
GalaGG7942;Q1w2e3r4
GalaGG7943;Q1w2e3r4
GalaGG7944;Q1w2e3r4
GalaGG7945;Q1w2e3r4
GalaGG7946;Q1w2e3r4
GalaGG7947;Q1w2e3r4
GalaGG7948;Q1w2e3r4
GalaGG7949;Q1w2e3r4
GalaGG7950;Q1w2e3r4
GalaGG7951;Q1w2e3r4
GalaGG7952;Q1w2e3r4
GalaGG7953;Q1w2e3r4
GalaGG7954;Q1w2e3r4
GalaGG7955;Q1w2e3r4
GalaGG7956;Q1w2e3r4
GalaGG7957;Q1w2e3r4
GalaGG7958;Q1w2e3r4
GalaGG7959;Q1w2e3r4
GalaGG7960;Q1w2e3r4
GalaGG7961;Q1w2e3r4
GalaGG7962;Q1w2e3r4
GalaGG7963;Q1w2e3r4
GalaGG7964;Q1w2e3r4
GalaGG7965;Q1w2e3r4
GalaGG7966;Q1w2e3r4
GalaGG7967;Q1w2e3r4
GalaGG7968;Q1w2e3r4
GalaGG7969;Q1w2e3r4
GalaGG7970;Q1w2e3r4
GalaGG7971;Q1w2e3r4
GalaGG7972;Q1w2e3r4
GalaGG7973;Q1w2e3r4
GalaGG7974;Q1w2e3r4
GalaGG7975;Q1w2e3r4
GalaGG7976;Q1w2e3r4
GalaGG7977;Q1w2e3r4
GalaGG7978;Q1w2e3r4
GalaGG7979;Q1w2e3r4
GalaGG7980;Q1w2e3r4
GalaGG7981;Q1w2e3r4
GalaGG7982;Q1w2e3r4
GalaGG7983;Q1w2e3r4
GalaGG7984;Q1w2e3r4
GalaGG7985;Q1w2e3r4
GalaGG7986;Q1w2e3r4
GalaGG7987;Q1w2e3r4
GalaGG7988;Q1w2e3r4
GalaGG7989;Q1w2e3r4
GalaGG7990;Q1w2e3r4
GalaGG7991;Q1w2e3r4
GalaGG7992;Q1w2e3r4
GalaGG7993;Q1w2e3r4
GalaGG7994;Q1w2e3r4
GalaGG7995;Q1w2e3r4
GalaGG7996;Q1w2e3r4
GalaGG7997;Q1w2e3r4
GalaGG7998;Q1w2e3r4
GalaGG7999;Q1w2e3r4
GalaGG8000;Q1w2e3r4
GalaGG8001;Q1w2e3r4
GalaGG8002;Q1w2e3r4
GalaGG8003;Q1w2e3r4
GalaGG8004;Q1w2e3r4
GalaGG8005;Q1w2e3r4
GalaGG8006;Q1w2e3r4
GalaGG8007;Q1w2e3r4
GalaGG8008;Q1w2e3r4
GalaGG8009;Q1w2e3r4
GalaGG8010;Q1w2e3r4
GalaGG8011;Q1w2e3r4
GalaGG8012;Q1w2e3r4
GalaGG8013;Q1w2e3r4
GalaGG8014;Q1w2e3r4
GalaGG8015;Q1w2e3r4
GalaGG8016;Q1w2e3r4
GalaGG8017;Q1w2e3r4
GalaGG8018;Q1w2e3r4
GalaGG8019;Q1w2e3r4
GalaGG8020;Q1w2e3r4
GalaGG8021;Q1w2e3r4
GalaGG8022;Q1w2e3r4
GalaGG8023;Q1w2e3r4
GalaGG8024;Q1w2e3r4
GalaGG8025;Q1w2e3r4
GalaGG8026;Q1w2e3r4
GalaGG8027;Q1w2e3r4
GalaGG8028;Q1w2e3r4
GalaGG8029;Q1w2e3r4
GalaGG8030;Q1w2e3r4
GalaGG8031;Q1w2e3r4
GalaGG8032;Q1w2e3r4
GalaGG8033;Q1w2e3r4
GalaGG8034;Q1w2e3r4
GalaGG8035;Q1w2e3r4
GalaGG8036;Q1w2e3r4
GalaGG8037;Q1w2e3r4
GalaGG8038;Q1w2e3r4
GalaGG8039;Q1w2e3r4
GalaGG8040;Q1w2e3r4
GalaGG8041;Q1w2e3r4
GalaGG8042;Q1w2e3r4
GalaGG8043;Q1w2e3r4
GalaGG8044;Q1w2e3r4
GalaGG8045;Q1w2e3r4
GalaGG8046;Q1w2e3r4
GalaGG8047;Q1w2e3r4
GalaGG8048;Q1w2e3r4
GalaGG8049;Q1w2e3r4
GalaGG8050;Q1w2e3r4
GalaGG8051;Q1w2e3r4
GalaGG8052;Q1w2e3r4
GalaGG8053;Q1w2e3r4
GalaGG8054;Q1w2e3r4
GalaGG8055;Q1w2e3r4
GalaGG8056;Q1w2e3r4
GalaGG8057;Q1w2e3r4
GalaGG8058;Q1w2e3r4
GalaGG8059;Q1w2e3r4
GalaGG8060;Q1w2e3r4
GalaGG8061;Q1w2e3r4
GalaGG8062;Q1w2e3r4
GalaGG8063;Q1w2e3r4
GalaGG8064;Q1w2e3r4
GalaGG8065;Q1w2e3r4
GalaGG8066;Q1w2e3r4
GalaGG8067;Q1w2e3r4
GalaGG8068;Q1w2e3r4
GalaGG8069;Q1w2e3r4
GalaGG8070;Q1w2e3r4
GalaGG8071;Q1w2e3r4
GalaGG8072;Q1w2e3r4
GalaGG8073;Q1w2e3r4
GalaGG8074;Q1w2e3r4
GalaGG8075;Q1w2e3r4
GalaGG8076;Q1w2e3r4
GalaGG8077;Q1w2e3r4
GalaGG8078;Q1w2e3r4
GalaGG8079;Q1w2e3r4
GalaGG8080;Q1w2e3r4
GalaGG8081;Q1w2e3r4
GalaGG8082;Q1w2e3r4
GalaGG8083;Q1w2e3r4
GalaGG8084;Q1w2e3r4
GalaGG8085;Q1w2e3r4
GalaGG8086;Q1w2e3r4
GalaGG8087;Q1w2e3r4
GalaGG8088;Q1w2e3r4
GalaGG8089;Q1w2e3r4
GalaGG8090;Q1w2e3r4
GalaGG8091;Q1w2e3r4
GalaGG8092;Q1w2e3r4
GalaGG8093;Q1w2e3r4
GalaGG8094;Q1w2e3r4
GalaGG8095;Q1w2e3r4
GalaGG8096;Q1w2e3r4
GalaGG8097;Q1w2e3r4
GalaGG8098;Q1w2e3r4
GalaGG8099;Q1w2e3r4
GalaGG8100;Q1w2e3r4
GalaGG8101;Q1w2e3r4
GalaGG8102;Q1w2e3r4
GalaGG8103;Q1w2e3r4
GalaGG8104;Q1w2e3r4
GalaGG8105;Q1w2e3r4
GalaGG8106;Q1w2e3r4
GalaGG8107;Q1w2e3r4
GalaGG8108;Q1w2e3r4
GalaGG8109;Q1w2e3r4
GalaGG8110;Q1w2e3r4
GalaGG8111;Q1w2e3r4
GalaGG8112;Q1w2e3r4
GalaGG8113;Q1w2e3r4
GalaGG8114;Q1w2e3r4
GalaGG8115;Q1w2e3r4
GalaGG8116;Q1w2e3r4
GalaGG8117;Q1w2e3r4
GalaGG8118;Q1w2e3r4
GalaGG8119;Q1w2e3r4
GalaGG8120;Q1w2e3r4
GalaGG8121;Q1w2e3r4
GalaGG8122;Q1w2e3r4
GalaGG8123;Q1w2e3r4
GalaGG8124;Q1w2e3r4
GalaGG8125;Q1w2e3r4
GalaGG8126;Q1w2e3r4
GalaGG8127;Q1w2e3r4
GalaGG8128;Q1w2e3r4
GalaGG8129;Q1w2e3r4
GalaGG8130;Q1w2e3r4
GalaGG8131;Q1w2e3r4
GalaGG8132;Q1w2e3r4
GalaGG8133;Q1w2e3r4
GalaGG8134;Q1w2e3r4
GalaGG8135;Q1w2e3r4
GalaGG8136;Q1w2e3r4
GalaGG8137;Q1w2e3r4
GalaGG8138;Q1w2e3r4
GalaGG8139;Q1w2e3r4
GalaGG8140;Q1w2e3r4
GalaGG8141;Q1w2e3r4
GalaGG8142;Q1w2e3r4
GalaGG8143;Q1w2e3r4
GalaGG8144;Q1w2e3r4
GalaGG8145;Q1w2e3r4
GalaGG8146;Q1w2e3r4
GalaGG8147;Q1w2e3r4
GalaGG8148;Q1w2e3r4
GalaGG8149;Q1w2e3r4
GalaGG8150;Q1w2e3r4
GalaGG8151;Q1w2e3r4
GalaGG8152;Q1w2e3r4
GalaGG8153;Q1w2e3r4
GalaGG8154;Q1w2e3r4
GalaGG8155;Q1w2e3r4
GalaGG8156;Q1w2e3r4
GalaGG8157;Q1w2e3r4
GalaGG8158;Q1w2e3r4
GalaGG8159;Q1w2e3r4
GalaGG8160;Q1w2e3r4
GalaGG8161;Q1w2e3r4
GalaGG8162;Q1w2e3r4
GalaGG8163;Q1w2e3r4
GalaGG8164;Q1w2e3r4
GalaGG8165;Q1w2e3r4
GalaGG8166;Q1w2e3r4
GalaGG8167;Q1w2e3r4
GalaGG8168;Q1w2e3r4
GalaGG8169;Q1w2e3r4
GalaGG8170;Q1w2e3r4
GalaGG8171;Q1w2e3r4
GalaGG8172;Q1w2e3r4
GalaGG8173;Q1w2e3r4
GalaGG8174;Q1w2e3r4
GalaGG8175;Q1w2e3r4
GalaGG8176;Q1w2e3r4
GalaGG8177;Q1w2e3r4
GalaGG8178;Q1w2e3r4
GalaGG8179;Q1w2e3r4
GalaGG8180;Q1w2e3r4
GalaGG8181;Q1w2e3r4
GalaGG8182;Q1w2e3r4
GalaGG8183;Q1w2e3r4
GalaGG8184;Q1w2e3r4
GalaGG8185;Q1w2e3r4
GalaGG8186;Q1w2e3r4
GalaGG8187;Q1w2e3r4
GalaGG8188;Q1w2e3r4
GalaGG8189;Q1w2e3r4
GalaGG8190;Q1w2e3r4
GalaGG8191;Q1w2e3r4
GalaGG8192;Q1w2e3r4
GalaGG8193;Q1w2e3r4
GalaGG8194;Q1w2e3r4
GalaGG8195;Q1w2e3r4
GalaGG8196;Q1w2e3r4
GalaGG8197;Q1w2e3r4
GalaGG8198;Q1w2e3r4
GalaGG8199;Q1w2e3r4
GalaGG8200;Q1w2e3r4
GalaGG8201;Q1w2e3r4
GalaGG8202;Q1w2e3r4
GalaGG8203;Q1w2e3r4
GalaGG8204;Q1w2e3r4
GalaGG8205;Q1w2e3r4
GalaGG8206;Q1w2e3r4
GalaGG8207;Q1w2e3r4
GalaGG8208;Q1w2e3r4
GalaGG8209;Q1w2e3r4
GalaGG8210;Q1w2e3r4
GalaGG8211;Q1w2e3r4
GalaGG8212;Q1w2e3r4
GalaGG8213;Q1w2e3r4
GalaGG8214;Q1w2e3r4
GalaGG8215;Q1w2e3r4
GalaGG8216;Q1w2e3r4
GalaGG8217;Q1w2e3r4
GalaGG8218;Q1w2e3r4
GalaGG8219;Q1w2e3r4
GalaGG8220;Q1w2e3r4
GalaGG8221;Q1w2e3r4
GalaGG8222;Q1w2e3r4
GalaGG8223;Q1w2e3r4
GalaGG8224;Q1w2e3r4
GalaGG8225;Q1w2e3r4
GalaGG8226;Q1w2e3r4
GalaGG8227;Q1w2e3r4
GalaGG8228;Q1w2e3r4
GalaGG8229;Q1w2e3r4
GalaGG8230;Q1w2e3r4
GalaGG8231;Q1w2e3r4
GalaGG8232;Q1w2e3r4
GalaGG8233;Q1w2e3r4
GalaGG8234;Q1w2e3r4
GalaGG8235;Q1w2e3r4
GalaGG8236;Q1w2e3r4
GalaGG8237;Q1w2e3r4
GalaGG8238;Q1w2e3r4
GalaGG8239;Q1w2e3r4
GalaGG8240;Q1w2e3r4
GalaGG8241;Q1w2e3r4
GalaGG8242;Q1w2e3r4
GalaGG8243;Q1w2e3r4
GalaGG8244;Q1w2e3r4
GalaGG8245;Q1w2e3r4
GalaGG8246;Q1w2e3r4
GalaGG8247;Q1w2e3r4
GalaGG8248;Q1w2e3r4
GalaGG8249;Q1w2e3r4
GalaGG8250;Q1w2e3r4
GalaGG8251;Q1w2e3r4
GalaGG8252;Q1w2e3r4
GalaGG8253;Q1w2e3r4
GalaGG8254;Q1w2e3r4
GalaGG8255;Q1w2e3r4
GalaGG8256;Q1w2e3r4
GalaGG8257;Q1w2e3r4
GalaGG8258;Q1w2e3r4
GalaGG8259;Q1w2e3r4
GalaGG8260;Q1w2e3r4
GalaGG8261;Q1w2e3r4
GalaGG8262;Q1w2e3r4
GalaGG8263;Q1w2e3r4
GalaGG8264;Q1w2e3r4
GalaGG8265;Q1w2e3r4
GalaGG8266;Q1w2e3r4
GalaGG8267;Q1w2e3r4
GalaGG8268;Q1w2e3r4
GalaGG8269;Q1w2e3r4
GalaGG8270;Q1w2e3r4
GalaGG8271;Q1w2e3r4
GalaGG8272;Q1w2e3r4
GalaGG8273;Q1w2e3r4
GalaGG8274;Q1w2e3r4
GalaGG8275;Q1w2e3r4
GalaGG8276;Q1w2e3r4
GalaGG8277;Q1w2e3r4
GalaGG8278;Q1w2e3r4
GalaGG8279;Q1w2e3r4
GalaGG8280;Q1w2e3r4
GalaGG8281;Q1w2e3r4
GalaGG8282;Q1w2e3r4
GalaGG8283;Q1w2e3r4
GalaGG8284;Q1w2e3r4
GalaGG8285;Q1w2e3r4
GalaGG8286;Q1w2e3r4
GalaGG8287;Q1w2e3r4
GalaGG8288;Q1w2e3r4
GalaGG8289;Q1w2e3r4
GalaGG8290;Q1w2e3r4
GalaGG8291;Q1w2e3r4
GalaGG8292;Q1w2e3r4
GalaGG8293;Q1w2e3r4
GalaGG8294;Q1w2e3r4
GalaGG8295;Q1w2e3r4
GalaGG8296;Q1w2e3r4
GalaGG8297;Q1w2e3r4
GalaGG8298;Q1w2e3r4
GalaGG8299;Q1w2e3r4
GalaGG8300;Q1w2e3r4
GalaGG8301;Q1w2e3r4
GalaGG8302;Q1w2e3r4
GalaGG8303;Q1w2e3r4
GalaGG8304;Q1w2e3r4
GalaGG8305;Q1w2e3r4
GalaGG8306;Q1w2e3r4
GalaGG8307;Q1w2e3r4
GalaGG8308;Q1w2e3r4
GalaGG8309;Q1w2e3r4
GalaGG8310;Q1w2e3r4
GalaGG8311;Q1w2e3r4
GalaGG8312;Q1w2e3r4
GalaGG8313;Q1w2e3r4
GalaGG8314;Q1w2e3r4
GalaGG8315;Q1w2e3r4
GalaGG8316;Q1w2e3r4
GalaGG8317;Q1w2e3r4
GalaGG8318;Q1w2e3r4
GalaGG8319;Q1w2e3r4
GalaGG8320;Q1w2e3r4
GalaGG8321;Q1w2e3r4
GalaGG8322;Q1w2e3r4
GalaGG8323;Q1w2e3r4
GalaGG8324;Q1w2e3r4
GalaGG8325;Q1w2e3r4
GalaGG8326;Q1w2e3r4
GalaGG8327;Q1w2e3r4
GalaGG8328;Q1w2e3r4
GalaGG8329;Q1w2e3r4
GalaGG8330;Q1w2e3r4
GalaGG8331;Q1w2e3r4
GalaGG8332;Q1w2e3r4
GalaGG8333;Q1w2e3r4
GalaGG8334;Q1w2e3r4
GalaGG8335;Q1w2e3r4
GalaGG8336;Q1w2e3r4
GalaGG8337;Q1w2e3r4
GalaGG8338;Q1w2e3r4
GalaGG8339;Q1w2e3r4
GalaGG8340;Q1w2e3r4
GalaGG8341;Q1w2e3r4
GalaGG8342;Q1w2e3r4
GalaGG8343;Q1w2e3r4
GalaGG8344;Q1w2e3r4
GalaGG8345;Q1w2e3r4
GalaGG8346;Q1w2e3r4
GalaGG8347;Q1w2e3r4
GalaGG8348;Q1w2e3r4
GalaGG8349;Q1w2e3r4
GalaGG8350;Q1w2e3r4
GalaGG8351;Q1w2e3r4
GalaGG8352;Q1w2e3r4
GalaGG8353;Q1w2e3r4
GalaGG8354;Q1w2e3r4
GalaGG8355;Q1w2e3r4
GalaGG8356;Q1w2e3r4
GalaGG8357;Q1w2e3r4
GalaGG8358;Q1w2e3r4
GalaGG8359;Q1w2e3r4
GalaGG8360;Q1w2e3r4
GalaGG8361;Q1w2e3r4
GalaGG8362;Q1w2e3r4
GalaGG8363;Q1w2e3r4
GalaGG8364;Q1w2e3r4
GalaGG8365;Q1w2e3r4
GalaGG8366;Q1w2e3r4
GalaGG8367;Q1w2e3r4
GalaGG8368;Q1w2e3r4
GalaGG8369;Q1w2e3r4
GalaGG8370;Q1w2e3r4
GalaGG8371;Q1w2e3r4
GalaGG8372;Q1w2e3r4
GalaGG8373;Q1w2e3r4
GalaGG8374;Q1w2e3r4
GalaGG8375;Q1w2e3r4
GalaGG8376;Q1w2e3r4
GalaGG8377;Q1w2e3r4
GalaGG8378;Q1w2e3r4
GalaGG8379;Q1w2e3r4
GalaGG8380;Q1w2e3r4
GalaGG8381;Q1w2e3r4
GalaGG8382;Q1w2e3r4
GalaGG8383;Q1w2e3r4
GalaGG8384;Q1w2e3r4
GalaGG8385;Q1w2e3r4
GalaGG8386;Q1w2e3r4
GalaGG8387;Q1w2e3r4
GalaGG8388;Q1w2e3r4
GalaGG8389;Q1w2e3r4
GalaGG8390;Q1w2e3r4
GalaGG8391;Q1w2e3r4
GalaGG8392;Q1w2e3r4
GalaGG8393;Q1w2e3r4
GalaGG8394;Q1w2e3r4
GalaGG8395;Q1w2e3r4
GalaGG8396;Q1w2e3r4
GalaGG8397;Q1w2e3r4
GalaGG8398;Q1w2e3r4
GalaGG8399;Q1w2e3r4
GalaGG8400;Q1w2e3r4
GalaGG8401;Q1w2e3r4
GalaGG8402;Q1w2e3r4
GalaGG8403;Q1w2e3r4
GalaGG8404;Q1w2e3r4
GalaGG8405;Q1w2e3r4
GalaGG8406;Q1w2e3r4
GalaGG8407;Q1w2e3r4
GalaGG8408;Q1w2e3r4
GalaGG8409;Q1w2e3r4
GalaGG8410;Q1w2e3r4
GalaGG8411;Q1w2e3r4
GalaGG8412;Q1w2e3r4
GalaGG8413;Q1w2e3r4
GalaGG8414;Q1w2e3r4
GalaGG8415;Q1w2e3r4
GalaGG8416;Q1w2e3r4
GalaGG8417;Q1w2e3r4
GalaGG8418;Q1w2e3r4
GalaGG8419;Q1w2e3r4
GalaGG8420;Q1w2e3r4
GalaGG8421;Q1w2e3r4
GalaGG8422;Q1w2e3r4
GalaGG8423;Q1w2e3r4
GalaGG8424;Q1w2e3r4
GalaGG8425;Q1w2e3r4
GalaGG8426;Q1w2e3r4
GalaGG8427;Q1w2e3r4
GalaGG8428;Q1w2e3r4
GalaGG8429;Q1w2e3r4
GalaGG8430;Q1w2e3r4
GalaGG8431;Q1w2e3r4
GalaGG8432;Q1w2e3r4
GalaGG8433;Q1w2e3r4
GalaGG8434;Q1w2e3r4
GalaGG8435;Q1w2e3r4
GalaGG8436;Q1w2e3r4
GalaGG8437;Q1w2e3r4
GalaGG8438;Q1w2e3r4
GalaGG8439;Q1w2e3r4
GalaGG8440;Q1w2e3r4
GalaGG8441;Q1w2e3r4
GalaGG8442;Q1w2e3r4
GalaGG8443;Q1w2e3r4
GalaGG8444;Q1w2e3r4
GalaGG8445;Q1w2e3r4
GalaGG8446;Q1w2e3r4
GalaGG8447;Q1w2e3r4
GalaGG8448;Q1w2e3r4
GalaGG8449;Q1w2e3r4
GalaGG8450;Q1w2e3r4
GalaGG8451;Q1w2e3r4
GalaGG8452;Q1w2e3r4
GalaGG8453;Q1w2e3r4
GalaGG8454;Q1w2e3r4
GalaGG8455;Q1w2e3r4
GalaGG8456;Q1w2e3r4
GalaGG8457;Q1w2e3r4
GalaGG8458;Q1w2e3r4
GalaGG8459;Q1w2e3r4
GalaGG8460;Q1w2e3r4
GalaGG8461;Q1w2e3r4
GalaGG8462;Q1w2e3r4
GalaGG8463;Q1w2e3r4
GalaGG8464;Q1w2e3r4
GalaGG8465;Q1w2e3r4
GalaGG8466;Q1w2e3r4
GalaGG8467;Q1w2e3r4
GalaGG8468;Q1w2e3r4
GalaGG8469;Q1w2e3r4
GalaGG8470;Q1w2e3r4
GalaGG8471;Q1w2e3r4
GalaGG8472;Q1w2e3r4
GalaGG8473;Q1w2e3r4
GalaGG8474;Q1w2e3r4
GalaGG8475;Q1w2e3r4
GalaGG8476;Q1w2e3r4
GalaGG8477;Q1w2e3r4
GalaGG8478;Q1w2e3r4
GalaGG8479;Q1w2e3r4
GalaGG8480;Q1w2e3r4
GalaGG8481;Q1w2e3r4
GalaGG8482;Q1w2e3r4
GalaGG8483;Q1w2e3r4
GalaGG8484;Q1w2e3r4
GalaGG8485;Q1w2e3r4
GalaGG8486;Q1w2e3r4
GalaGG8487;Q1w2e3r4
GalaGG8488;Q1w2e3r4
GalaGG8489;Q1w2e3r4
GalaGG8490;Q1w2e3r4
GalaGG8491;Q1w2e3r4
GalaGG8492;Q1w2e3r4
GalaGG8493;Q1w2e3r4
GalaGG8494;Q1w2e3r4
GalaGG8495;Q1w2e3r4
GalaGG8496;Q1w2e3r4
GalaGG8497;Q1w2e3r4
GalaGG8498;Q1w2e3r4
GalaGG8499;Q1w2e3r4
GalaGG8500;Q1w2e3r4
GalaGG8501;Q1w2e3r4
GalaGG8502;Q1w2e3r4
GalaGG8503;Q1w2e3r4
GalaGG8504;Q1w2e3r4
GalaGG8505;Q1w2e3r4
GalaGG8506;Q1w2e3r4
GalaGG8507;Q1w2e3r4
GalaGG8508;Q1w2e3r4
GalaGG8509;Q1w2e3r4
GalaGG8510;Q1w2e3r4
GalaGG8511;Q1w2e3r4
GalaGG8512;Q1w2e3r4
GalaGG8513;Q1w2e3r4
GalaGG8514;Q1w2e3r4
GalaGG8515;Q1w2e3r4
GalaGG8516;Q1w2e3r4
GalaGG8517;Q1w2e3r4
GalaGG8518;Q1w2e3r4
GalaGG8519;Q1w2e3r4
GalaGG8520;Q1w2e3r4
GalaGG8521;Q1w2e3r4
GalaGG8522;Q1w2e3r4
GalaGG8523;Q1w2e3r4
GalaGG8524;Q1w2e3r4
GalaGG8525;Q1w2e3r4
GalaGG8526;Q1w2e3r4
GalaGG8527;Q1w2e3r4
GalaGG8528;Q1w2e3r4
GalaGG8529;Q1w2e3r4
GalaGG8530;Q1w2e3r4
GalaGG8531;Q1w2e3r4
GalaGG8532;Q1w2e3r4
GalaGG8533;Q1w2e3r4
GalaGG8534;Q1w2e3r4
GalaGG8535;Q1w2e3r4
GalaGG8536;Q1w2e3r4
GalaGG8537;Q1w2e3r4
GalaGG8538;Q1w2e3r4
GalaGG8539;Q1w2e3r4
GalaGG8540;Q1w2e3r4
GalaGG8541;Q1w2e3r4
GalaGG8542;Q1w2e3r4
GalaGG8543;Q1w2e3r4
GalaGG8544;Q1w2e3r4
GalaGG8545;Q1w2e3r4
GalaGG8546;Q1w2e3r4
GalaGG8547;Q1w2e3r4
GalaGG8548;Q1w2e3r4
GalaGG8549;Q1w2e3r4
GalaGG8550;Q1w2e3r4
GalaGG8551;Q1w2e3r4
GalaGG8552;Q1w2e3r4
GalaGG8553;Q1w2e3r4
GalaGG8554;Q1w2e3r4
GalaGG8555;Q1w2e3r4
GalaGG8556;Q1w2e3r4
GalaGG8557;Q1w2e3r4
GalaGG8558;Q1w2e3r4
GalaGG8559;Q1w2e3r4
GalaGG8560;Q1w2e3r4
GalaGG8561;Q1w2e3r4
GalaGG8562;Q1w2e3r4
GalaGG8563;Q1w2e3r4
GalaGG8564;Q1w2e3r4
GalaGG8565;Q1w2e3r4
GalaGG8566;Q1w2e3r4
GalaGG8567;Q1w2e3r4
GalaGG8568;Q1w2e3r4
GalaGG8569;Q1w2e3r4
GalaGG8570;Q1w2e3r4
GalaGG8571;Q1w2e3r4
GalaGG8572;Q1w2e3r4
GalaGG8573;Q1w2e3r4
GalaGG8574;Q1w2e3r4
GalaGG8575;Q1w2e3r4
GalaGG8576;Q1w2e3r4
GalaGG8577;Q1w2e3r4
GalaGG8578;Q1w2e3r4
GalaGG8579;Q1w2e3r4
GalaGG8580;Q1w2e3r4
GalaGG8581;Q1w2e3r4
GalaGG8582;Q1w2e3r4
GalaGG8583;Q1w2e3r4
GalaGG8584;Q1w2e3r4
GalaGG8585;Q1w2e3r4
GalaGG8586;Q1w2e3r4
GalaGG8587;Q1w2e3r4
GalaGG8588;Q1w2e3r4
GalaGG8589;Q1w2e3r4
GalaGG8590;Q1w2e3r4
GalaGG8591;Q1w2e3r4
GalaGG8592;Q1w2e3r4
GalaGG8593;Q1w2e3r4
GalaGG8594;Q1w2e3r4
GalaGG8595;Q1w2e3r4
GalaGG8596;Q1w2e3r4
GalaGG8597;Q1w2e3r4
GalaGG8598;Q1w2e3r4
GalaGG8599;Q1w2e3r4
GalaGG8600;Q1w2e3r4
GalaGG8601;Q1w2e3r4
GalaGG8602;Q1w2e3r4
GalaGG8603;Q1w2e3r4
GalaGG8604;Q1w2e3r4
GalaGG8605;Q1w2e3r4
GalaGG8606;Q1w2e3r4
GalaGG8607;Q1w2e3r4
GalaGG8608;Q1w2e3r4
GalaGG8609;Q1w2e3r4
GalaGG8610;Q1w2e3r4
GalaGG8611;Q1w2e3r4
GalaGG8612;Q1w2e3r4
GalaGG8613;Q1w2e3r4
GalaGG8614;Q1w2e3r4
GalaGG8615;Q1w2e3r4
GalaGG8616;Q1w2e3r4
GalaGG8617;Q1w2e3r4
GalaGG8618;Q1w2e3r4
GalaGG8619;Q1w2e3r4
GalaGG8620;Q1w2e3r4
GalaGG8621;Q1w2e3r4
GalaGG8622;Q1w2e3r4
GalaGG8623;Q1w2e3r4
GalaGG8624;Q1w2e3r4
GalaGG8625;Q1w2e3r4
GalaGG8626;Q1w2e3r4
GalaGG8627;Q1w2e3r4
GalaGG8628;Q1w2e3r4
GalaGG8629;Q1w2e3r4
GalaGG8630;Q1w2e3r4
GalaGG8631;Q1w2e3r4
GalaGG8632;Q1w2e3r4
GalaGG8633;Q1w2e3r4
GalaGG8634;Q1w2e3r4
GalaGG8635;Q1w2e3r4
GalaGG8636;Q1w2e3r4
GalaGG8637;Q1w2e3r4
GalaGG8638;Q1w2e3r4
GalaGG8639;Q1w2e3r4
GalaGG8640;Q1w2e3r4
GalaGG8641;Q1w2e3r4
GalaGG8642;Q1w2e3r4
GalaGG8643;Q1w2e3r4
GalaGG8644;Q1w2e3r4
GalaGG8645;Q1w2e3r4
GalaGG8646;Q1w2e3r4
GalaGG8647;Q1w2e3r4
GalaGG8648;Q1w2e3r4
GalaGG8649;Q1w2e3r4
GalaGG8650;Q1w2e3r4
GalaGG8651;Q1w2e3r4
GalaGG8652;Q1w2e3r4
GalaGG8653;Q1w2e3r4
GalaGG8654;Q1w2e3r4
GalaGG8655;Q1w2e3r4
GalaGG8656;Q1w2e3r4
GalaGG8657;Q1w2e3r4
GalaGG8658;Q1w2e3r4
GalaGG8659;Q1w2e3r4
GalaGG8660;Q1w2e3r4
GalaGG8661;Q1w2e3r4
GalaGG8662;Q1w2e3r4
GalaGG8663;Q1w2e3r4
GalaGG8664;Q1w2e3r4
GalaGG8665;Q1w2e3r4
GalaGG8666;Q1w2e3r4
GalaGG8667;Q1w2e3r4
GalaGG8668;Q1w2e3r4
GalaGG8669;Q1w2e3r4
GalaGG8670;Q1w2e3r4
GalaGG8671;Q1w2e3r4
GalaGG8672;Q1w2e3r4
GalaGG8673;Q1w2e3r4
GalaGG8674;Q1w2e3r4
GalaGG8675;Q1w2e3r4
GalaGG8676;Q1w2e3r4
GalaGG8677;Q1w2e3r4
GalaGG8678;Q1w2e3r4
GalaGG8679;Q1w2e3r4
GalaGG8680;Q1w2e3r4
GalaGG8681;Q1w2e3r4
GalaGG8682;Q1w2e3r4
GalaGG8683;Q1w2e3r4
GalaGG8684;Q1w2e3r4
GalaGG8685;Q1w2e3r4
GalaGG8686;Q1w2e3r4
GalaGG8687;Q1w2e3r4
GalaGG8688;Q1w2e3r4
GalaGG8689;Q1w2e3r4
GalaGG8690;Q1w2e3r4
GalaGG8691;Q1w2e3r4
GalaGG8692;Q1w2e3r4
GalaGG8693;Q1w2e3r4
GalaGG8694;Q1w2e3r4
GalaGG8695;Q1w2e3r4
GalaGG8696;Q1w2e3r4
GalaGG8697;Q1w2e3r4
GalaGG8698;Q1w2e3r4
GalaGG8699;Q1w2e3r4
GalaGG8700;Q1w2e3r4
GalaGG8701;Q1w2e3r4
GalaGG8702;Q1w2e3r4
GalaGG8703;Q1w2e3r4
GalaGG8704;Q1w2e3r4
GalaGG8705;Q1w2e3r4
GalaGG8706;Q1w2e3r4
GalaGG8707;Q1w2e3r4
GalaGG8708;Q1w2e3r4
GalaGG8709;Q1w2e3r4
GalaGG8710;Q1w2e3r4
GalaGG8711;Q1w2e3r4
GalaGG8712;Q1w2e3r4
GalaGG8713;Q1w2e3r4
GalaGG8714;Q1w2e3r4
GalaGG8715;Q1w2e3r4
GalaGG8716;Q1w2e3r4
GalaGG8717;Q1w2e3r4
GalaGG8718;Q1w2e3r4
GalaGG8719;Q1w2e3r4
GalaGG8720;Q1w2e3r4
GalaGG8721;Q1w2e3r4
GalaGG8722;Q1w2e3r4
GalaGG8723;Q1w2e3r4
GalaGG8724;Q1w2e3r4
GalaGG8725;Q1w2e3r4
GalaGG8726;Q1w2e3r4
GalaGG8727;Q1w2e3r4
GalaGG8728;Q1w2e3r4
GalaGG8729;Q1w2e3r4
GalaGG8730;Q1w2e3r4
GalaGG8731;Q1w2e3r4
GalaGG8732;Q1w2e3r4
GalaGG8733;Q1w2e3r4
GalaGG8734;Q1w2e3r4
GalaGG8735;Q1w2e3r4
GalaGG8736;Q1w2e3r4
GalaGG8737;Q1w2e3r4
GalaGG8738;Q1w2e3r4
GalaGG8739;Q1w2e3r4
GalaGG8740;Q1w2e3r4
GalaGG8741;Q1w2e3r4
GalaGG8742;Q1w2e3r4
GalaGG8743;Q1w2e3r4
GalaGG8744;Q1w2e3r4
GalaGG8745;Q1w2e3r4
GalaGG8746;Q1w2e3r4
GalaGG8747;Q1w2e3r4
GalaGG8748;Q1w2e3r4
GalaGG8749;Q1w2e3r4
GalaGG8750;Q1w2e3r4
GalaGG8751;Q1w2e3r4
GalaGG8752;Q1w2e3r4
GalaGG8753;Q1w2e3r4
GalaGG8754;Q1w2e3r4
GalaGG8755;Q1w2e3r4
GalaGG8756;Q1w2e3r4
GalaGG8757;Q1w2e3r4
GalaGG8758;Q1w2e3r4
GalaGG8759;Q1w2e3r4
GalaGG8760;Q1w2e3r4
GalaGG8761;Q1w2e3r4
GalaGG8762;Q1w2e3r4
GalaGG8763;Q1w2e3r4
GalaGG8764;Q1w2e3r4
GalaGG8765;Q1w2e3r4
GalaGG8766;Q1w2e3r4
GalaGG8767;Q1w2e3r4
GalaGG8768;Q1w2e3r4
GalaGG8769;Q1w2e3r4
GalaGG8770;Q1w2e3r4
GalaGG8771;Q1w2e3r4
GalaGG8772;Q1w2e3r4
GalaGG8773;Q1w2e3r4
GalaGG8774;Q1w2e3r4
GalaGG8775;Q1w2e3r4
GalaGG8776;Q1w2e3r4
GalaGG8777;Q1w2e3r4
GalaGG8778;Q1w2e3r4
GalaGG8779;Q1w2e3r4
GalaGG8780;Q1w2e3r4
GalaGG8781;Q1w2e3r4
GalaGG8782;Q1w2e3r4
GalaGG8783;Q1w2e3r4
GalaGG8784;Q1w2e3r4
GalaGG8785;Q1w2e3r4
GalaGG8786;Q1w2e3r4
GalaGG8787;Q1w2e3r4
GalaGG8788;Q1w2e3r4
GalaGG8789;Q1w2e3r4
GalaGG8790;Q1w2e3r4
GalaGG8791;Q1w2e3r4
GalaGG8792;Q1w2e3r4
GalaGG8793;Q1w2e3r4
GalaGG8794;Q1w2e3r4
GalaGG8795;Q1w2e3r4
GalaGG8796;Q1w2e3r4
GalaGG8797;Q1w2e3r4
GalaGG8798;Q1w2e3r4
GalaGG8799;Q1w2e3r4
GalaGG8800;Q1w2e3r4
GalaGG8801;Q1w2e3r4
GalaGG8802;Q1w2e3r4
GalaGG8803;Q1w2e3r4
GalaGG8804;Q1w2e3r4
GalaGG8805;Q1w2e3r4
GalaGG8806;Q1w2e3r4
GalaGG8807;Q1w2e3r4
GalaGG8808;Q1w2e3r4
GalaGG8809;Q1w2e3r4
GalaGG8810;Q1w2e3r4
GalaGG8811;Q1w2e3r4
GalaGG8812;Q1w2e3r4
GalaGG8813;Q1w2e3r4
GalaGG8814;Q1w2e3r4
GalaGG8815;Q1w2e3r4
GalaGG8816;Q1w2e3r4
GalaGG8817;Q1w2e3r4
GalaGG8818;Q1w2e3r4
GalaGG8819;Q1w2e3r4
GalaGG8820;Q1w2e3r4
GalaGG8821;Q1w2e3r4
GalaGG8822;Q1w2e3r4
GalaGG8823;Q1w2e3r4
GalaGG8824;Q1w2e3r4
GalaGG8825;Q1w2e3r4
GalaGG8826;Q1w2e3r4
GalaGG8827;Q1w2e3r4
GalaGG8828;Q1w2e3r4
GalaGG8829;Q1w2e3r4
GalaGG8830;Q1w2e3r4
GalaGG8831;Q1w2e3r4
GalaGG8832;Q1w2e3r4
GalaGG8833;Q1w2e3r4
GalaGG8834;Q1w2e3r4
GalaGG8835;Q1w2e3r4
GalaGG8836;Q1w2e3r4
GalaGG8837;Q1w2e3r4
GalaGG8838;Q1w2e3r4
GalaGG8839;Q1w2e3r4
GalaGG8840;Q1w2e3r4
GalaGG8841;Q1w2e3r4
GalaGG8842;Q1w2e3r4
GalaGG8843;Q1w2e3r4
GalaGG8844;Q1w2e3r4
GalaGG8845;Q1w2e3r4
GalaGG8846;Q1w2e3r4
GalaGG8847;Q1w2e3r4
GalaGG8848;Q1w2e3r4
GalaGG8849;Q1w2e3r4
GalaGG8850;Q1w2e3r4
GalaGG8851;Q1w2e3r4
GalaGG8852;Q1w2e3r4
GalaGG8853;Q1w2e3r4
GalaGG8854;Q1w2e3r4
GalaGG8855;Q1w2e3r4
GalaGG8856;Q1w2e3r4
GalaGG8857;Q1w2e3r4
GalaGG8858;Q1w2e3r4
GalaGG8859;Q1w2e3r4
GalaGG8860;Q1w2e3r4
GalaGG8861;Q1w2e3r4
GalaGG8862;Q1w2e3r4
GalaGG8863;Q1w2e3r4
GalaGG8864;Q1w2e3r4
GalaGG8865;Q1w2e3r4
GalaGG8866;Q1w2e3r4
GalaGG8867;Q1w2e3r4
GalaGG8868;Q1w2e3r4
GalaGG8869;Q1w2e3r4
GalaGG8870;Q1w2e3r4
GalaGG8871;Q1w2e3r4
GalaGG8872;Q1w2e3r4
GalaGG8873;Q1w2e3r4
GalaGG8874;Q1w2e3r4
GalaGG8875;Q1w2e3r4
GalaGG8876;Q1w2e3r4
GalaGG8877;Q1w2e3r4
GalaGG8878;Q1w2e3r4
GalaGG8879;Q1w2e3r4
GalaGG8880;Q1w2e3r4
GalaGG8881;Q1w2e3r4
GalaGG8882;Q1w2e3r4
GalaGG8883;Q1w2e3r4
GalaGG8884;Q1w2e3r4
GalaGG8885;Q1w2e3r4
GalaGG8886;Q1w2e3r4
GalaGG8887;Q1w2e3r4
GalaGG8888;Q1w2e3r4
GalaGG8889;Q1w2e3r4
GalaGG8890;Q1w2e3r4
GalaGG8891;Q1w2e3r4
GalaGG8892;Q1w2e3r4
GalaGG8893;Q1w2e3r4
GalaGG8894;Q1w2e3r4
GalaGG8895;Q1w2e3r4
GalaGG8896;Q1w2e3r4
GalaGG8897;Q1w2e3r4
GalaGG8898;Q1w2e3r4
GalaGG8899;Q1w2e3r4
GalaGG8900;Q1w2e3r4
GalaGG8901;Q1w2e3r4
GalaGG8902;Q1w2e3r4
GalaGG8903;Q1w2e3r4
GalaGG8904;Q1w2e3r4
GalaGG8905;Q1w2e3r4
GalaGG8906;Q1w2e3r4
GalaGG8907;Q1w2e3r4
GalaGG8908;Q1w2e3r4
GalaGG8909;Q1w2e3r4
GalaGG8910;Q1w2e3r4
GalaGG8911;Q1w2e3r4
GalaGG8912;Q1w2e3r4
GalaGG8913;Q1w2e3r4
GalaGG8914;Q1w2e3r4
GalaGG8915;Q1w2e3r4
GalaGG8916;Q1w2e3r4
GalaGG8917;Q1w2e3r4
GalaGG8918;Q1w2e3r4
GalaGG8919;Q1w2e3r4
GalaGG8920;Q1w2e3r4
GalaGG8921;Q1w2e3r4
GalaGG8922;Q1w2e3r4
GalaGG8923;Q1w2e3r4
GalaGG8924;Q1w2e3r4
GalaGG8925;Q1w2e3r4
GalaGG8926;Q1w2e3r4
GalaGG8927;Q1w2e3r4
GalaGG8928;Q1w2e3r4
GalaGG8929;Q1w2e3r4
GalaGG8930;Q1w2e3r4
GalaGG8931;Q1w2e3r4
GalaGG8932;Q1w2e3r4
GalaGG8933;Q1w2e3r4
GalaGG8934;Q1w2e3r4
GalaGG8935;Q1w2e3r4
GalaGG8936;Q1w2e3r4
GalaGG8937;Q1w2e3r4
GalaGG8938;Q1w2e3r4
GalaGG8939;Q1w2e3r4
GalaGG8940;Q1w2e3r4
GalaGG8941;Q1w2e3r4
GalaGG8942;Q1w2e3r4
GalaGG8943;Q1w2e3r4
GalaGG8944;Q1w2e3r4
GalaGG8945;Q1w2e3r4
GalaGG8946;Q1w2e3r4
GalaGG8947;Q1w2e3r4
GalaGG8948;Q1w2e3r4
GalaGG8949;Q1w2e3r4
GalaGG8950;Q1w2e3r4
GalaGG8951;Q1w2e3r4
GalaGG8952;Q1w2e3r4
GalaGG8953;Q1w2e3r4
GalaGG8954;Q1w2e3r4
GalaGG8955;Q1w2e3r4
GalaGG8956;Q1w2e3r4
GalaGG8957;Q1w2e3r4
GalaGG8958;Q1w2e3r4
GalaGG8959;Q1w2e3r4
GalaGG8960;Q1w2e3r4
GalaGG8961;Q1w2e3r4
GalaGG8962;Q1w2e3r4
GalaGG8963;Q1w2e3r4
GalaGG8964;Q1w2e3r4
GalaGG8965;Q1w2e3r4
GalaGG8966;Q1w2e3r4
GalaGG8967;Q1w2e3r4
GalaGG8968;Q1w2e3r4
GalaGG8969;Q1w2e3r4
GalaGG8970;Q1w2e3r4
GalaGG8971;Q1w2e3r4
GalaGG8972;Q1w2e3r4
GalaGG8973;Q1w2e3r4
GalaGG8974;Q1w2e3r4
GalaGG8975;Q1w2e3r4
GalaGG8976;Q1w2e3r4
GalaGG8977;Q1w2e3r4
GalaGG8978;Q1w2e3r4
GalaGG8979;Q1w2e3r4
GalaGG8980;Q1w2e3r4
GalaGG8981;Q1w2e3r4
GalaGG8982;Q1w2e3r4
GalaGG8983;Q1w2e3r4
GalaGG8984;Q1w2e3r4
GalaGG8985;Q1w2e3r4
GalaGG8986;Q1w2e3r4
GalaGG8987;Q1w2e3r4
GalaGG8988;Q1w2e3r4
GalaGG8989;Q1w2e3r4
GalaGG8990;Q1w2e3r4
GalaGG8991;Q1w2e3r4
GalaGG8992;Q1w2e3r4
GalaGG8993;Q1w2e3r4
GalaGG8994;Q1w2e3r4
GalaGG8995;Q1w2e3r4
GalaGG8996;Q1w2e3r4
GalaGG8997;Q1w2e3r4
GalaGG8998;Q1w2e3r4
GalaGG8999;Q1w2e3r4
GalaGG9000;Q1w2e3r4
GalaGG9001;Q1w2e3r4
GalaGG9002;Q1w2e3r4
GalaGG9003;Q1w2e3r4
GalaGG9004;Q1w2e3r4
GalaGG9005;Q1w2e3r4
GalaGG9006;Q1w2e3r4
GalaGG9007;Q1w2e3r4
GalaGG9008;Q1w2e3r4
GalaGG9009;Q1w2e3r4
GalaGG9010;Q1w2e3r4
GalaGG9011;Q1w2e3r4
GalaGG9012;Q1w2e3r4
GalaGG9013;Q1w2e3r4
GalaGG9014;Q1w2e3r4
GalaGG9015;Q1w2e3r4
GalaGG9016;Q1w2e3r4
GalaGG9017;Q1w2e3r4
GalaGG9018;Q1w2e3r4
GalaGG9019;Q1w2e3r4
GalaGG9020;Q1w2e3r4
GalaGG9021;Q1w2e3r4
GalaGG9022;Q1w2e3r4
GalaGG9023;Q1w2e3r4
GalaGG9024;Q1w2e3r4
GalaGG9025;Q1w2e3r4
GalaGG9026;Q1w2e3r4
GalaGG9027;Q1w2e3r4
GalaGG9028;Q1w2e3r4
GalaGG9029;Q1w2e3r4
GalaGG9030;Q1w2e3r4
GalaGG9031;Q1w2e3r4
GalaGG9032;Q1w2e3r4
GalaGG9033;Q1w2e3r4
GalaGG9034;Q1w2e3r4
GalaGG9035;Q1w2e3r4
GalaGG9036;Q1w2e3r4
GalaGG9037;Q1w2e3r4
GalaGG9038;Q1w2e3r4
GalaGG9039;Q1w2e3r4
GalaGG9040;Q1w2e3r4
GalaGG9041;Q1w2e3r4
GalaGG9042;Q1w2e3r4
GalaGG9043;Q1w2e3r4
GalaGG9044;Q1w2e3r4
GalaGG9045;Q1w2e3r4
GalaGG9046;Q1w2e3r4
GalaGG9047;Q1w2e3r4
GalaGG9048;Q1w2e3r4
GalaGG9049;Q1w2e3r4
GalaGG9050;Q1w2e3r4
GalaGG9051;Q1w2e3r4
GalaGG9052;Q1w2e3r4
GalaGG9053;Q1w2e3r4
GalaGG9054;Q1w2e3r4
GalaGG9055;Q1w2e3r4
GalaGG9056;Q1w2e3r4
GalaGG9057;Q1w2e3r4
GalaGG9058;Q1w2e3r4
GalaGG9059;Q1w2e3r4
GalaGG9060;Q1w2e3r4
GalaGG9061;Q1w2e3r4
GalaGG9062;Q1w2e3r4
GalaGG9063;Q1w2e3r4
GalaGG9064;Q1w2e3r4
GalaGG9065;Q1w2e3r4
GalaGG9066;Q1w2e3r4
GalaGG9067;Q1w2e3r4
GalaGG9068;Q1w2e3r4
GalaGG9069;Q1w2e3r4
GalaGG9070;Q1w2e3r4
GalaGG9071;Q1w2e3r4
GalaGG9072;Q1w2e3r4
GalaGG9073;Q1w2e3r4
GalaGG9074;Q1w2e3r4
GalaGG9075;Q1w2e3r4
GalaGG9076;Q1w2e3r4
GalaGG9077;Q1w2e3r4
GalaGG9078;Q1w2e3r4
GalaGG9079;Q1w2e3r4
GalaGG9080;Q1w2e3r4
GalaGG9081;Q1w2e3r4
GalaGG9082;Q1w2e3r4
GalaGG9083;Q1w2e3r4
GalaGG9084;Q1w2e3r4
GalaGG9085;Q1w2e3r4
GalaGG9086;Q1w2e3r4
GalaGG9087;Q1w2e3r4
GalaGG9088;Q1w2e3r4
GalaGG9089;Q1w2e3r4
GalaGG9090;Q1w2e3r4
GalaGG9091;Q1w2e3r4
GalaGG9092;Q1w2e3r4
GalaGG9093;Q1w2e3r4
GalaGG9094;Q1w2e3r4
GalaGG9095;Q1w2e3r4
GalaGG9096;Q1w2e3r4
GalaGG9097;Q1w2e3r4
GalaGG9098;Q1w2e3r4
GalaGG9099;Q1w2e3r4
GalaGG9100;Q1w2e3r4
GalaGG9101;Q1w2e3r4
GalaGG9102;Q1w2e3r4
GalaGG9103;Q1w2e3r4
GalaGG9104;Q1w2e3r4
GalaGG9105;Q1w2e3r4
GalaGG9106;Q1w2e3r4
GalaGG9107;Q1w2e3r4
GalaGG9108;Q1w2e3r4
GalaGG9109;Q1w2e3r4
GalaGG9110;Q1w2e3r4
GalaGG9111;Q1w2e3r4
GalaGG9112;Q1w2e3r4
GalaGG9113;Q1w2e3r4
GalaGG9114;Q1w2e3r4
GalaGG9115;Q1w2e3r4
GalaGG9116;Q1w2e3r4
GalaGG9117;Q1w2e3r4
GalaGG9118;Q1w2e3r4
GalaGG9119;Q1w2e3r4
GalaGG9120;Q1w2e3r4
GalaGG9121;Q1w2e3r4
GalaGG9122;Q1w2e3r4
GalaGG9123;Q1w2e3r4
GalaGG9124;Q1w2e3r4
GalaGG9125;Q1w2e3r4
GalaGG9126;Q1w2e3r4
GalaGG9127;Q1w2e3r4
GalaGG9128;Q1w2e3r4
GalaGG9129;Q1w2e3r4
GalaGG9130;Q1w2e3r4
GalaGG9131;Q1w2e3r4
GalaGG9132;Q1w2e3r4
GalaGG9133;Q1w2e3r4
GalaGG9134;Q1w2e3r4
GalaGG9135;Q1w2e3r4
GalaGG9136;Q1w2e3r4
GalaGG9137;Q1w2e3r4
GalaGG9138;Q1w2e3r4
GalaGG9139;Q1w2e3r4
GalaGG9140;Q1w2e3r4
GalaGG9141;Q1w2e3r4
GalaGG9142;Q1w2e3r4
GalaGG9143;Q1w2e3r4
GalaGG9144;Q1w2e3r4
GalaGG9145;Q1w2e3r4
GalaGG9146;Q1w2e3r4
GalaGG9147;Q1w2e3r4
GalaGG9148;Q1w2e3r4
GalaGG9149;Q1w2e3r4
GalaGG9150;Q1w2e3r4
GalaGG9151;Q1w2e3r4
GalaGG9152;Q1w2e3r4
GalaGG9153;Q1w2e3r4
GalaGG9154;Q1w2e3r4
GalaGG9155;Q1w2e3r4
GalaGG9156;Q1w2e3r4
GalaGG9157;Q1w2e3r4
GalaGG9158;Q1w2e3r4
GalaGG9159;Q1w2e3r4
GalaGG9160;Q1w2e3r4
GalaGG9161;Q1w2e3r4
GalaGG9162;Q1w2e3r4
GalaGG9163;Q1w2e3r4
GalaGG9164;Q1w2e3r4
GalaGG9165;Q1w2e3r4
GalaGG9166;Q1w2e3r4
GalaGG9167;Q1w2e3r4
GalaGG9168;Q1w2e3r4
GalaGG9169;Q1w2e3r4
GalaGG9170;Q1w2e3r4
GalaGG9171;Q1w2e3r4
GalaGG9172;Q1w2e3r4
GalaGG9173;Q1w2e3r4
GalaGG9174;Q1w2e3r4
GalaGG9175;Q1w2e3r4
GalaGG9176;Q1w2e3r4
GalaGG9177;Q1w2e3r4
GalaGG9178;Q1w2e3r4
GalaGG9179;Q1w2e3r4
GalaGG9180;Q1w2e3r4
GalaGG9181;Q1w2e3r4
GalaGG9182;Q1w2e3r4
GalaGG9183;Q1w2e3r4
GalaGG9184;Q1w2e3r4
GalaGG9185;Q1w2e3r4
GalaGG9186;Q1w2e3r4
GalaGG9187;Q1w2e3r4
GalaGG9188;Q1w2e3r4
GalaGG9189;Q1w2e3r4
GalaGG9190;Q1w2e3r4
GalaGG9191;Q1w2e3r4
GalaGG9192;Q1w2e3r4
GalaGG9193;Q1w2e3r4
GalaGG9194;Q1w2e3r4
GalaGG9195;Q1w2e3r4
GalaGG9196;Q1w2e3r4
GalaGG9197;Q1w2e3r4
GalaGG9198;Q1w2e3r4
GalaGG9199;Q1w2e3r4
GalaGG9200;Q1w2e3r4
GalaGG9201;Q1w2e3r4
GalaGG9202;Q1w2e3r4
GalaGG9203;Q1w2e3r4
GalaGG9204;Q1w2e3r4
GalaGG9205;Q1w2e3r4
GalaGG9206;Q1w2e3r4
GalaGG9207;Q1w2e3r4
GalaGG9208;Q1w2e3r4
GalaGG9209;Q1w2e3r4
GalaGG9210;Q1w2e3r4
GalaGG9211;Q1w2e3r4
GalaGG9212;Q1w2e3r4
GalaGG9213;Q1w2e3r4
GalaGG9214;Q1w2e3r4
GalaGG9215;Q1w2e3r4
GalaGG9216;Q1w2e3r4
GalaGG9217;Q1w2e3r4
GalaGG9218;Q1w2e3r4
GalaGG9219;Q1w2e3r4
GalaGG9220;Q1w2e3r4
GalaGG9221;Q1w2e3r4
GalaGG9222;Q1w2e3r4
GalaGG9223;Q1w2e3r4
GalaGG9224;Q1w2e3r4
GalaGG9225;Q1w2e3r4
GalaGG9226;Q1w2e3r4
GalaGG9227;Q1w2e3r4
GalaGG9228;Q1w2e3r4
GalaGG9229;Q1w2e3r4
GalaGG9230;Q1w2e3r4
GalaGG9231;Q1w2e3r4
GalaGG9232;Q1w2e3r4
GalaGG9233;Q1w2e3r4
GalaGG9234;Q1w2e3r4
GalaGG9235;Q1w2e3r4
GalaGG9236;Q1w2e3r4
GalaGG9237;Q1w2e3r4
GalaGG9238;Q1w2e3r4
GalaGG9239;Q1w2e3r4
GalaGG9240;Q1w2e3r4
GalaGG9241;Q1w2e3r4
GalaGG9242;Q1w2e3r4
GalaGG9243;Q1w2e3r4
GalaGG9244;Q1w2e3r4
GalaGG9245;Q1w2e3r4
GalaGG9246;Q1w2e3r4
GalaGG9247;Q1w2e3r4
GalaGG9248;Q1w2e3r4
GalaGG9249;Q1w2e3r4
GalaGG9250;Q1w2e3r4
GalaGG9251;Q1w2e3r4
GalaGG9252;Q1w2e3r4
GalaGG9253;Q1w2e3r4
GalaGG9254;Q1w2e3r4
GalaGG9255;Q1w2e3r4
GalaGG9256;Q1w2e3r4
GalaGG9257;Q1w2e3r4
GalaGG9258;Q1w2e3r4
GalaGG9259;Q1w2e3r4
GalaGG9260;Q1w2e3r4
GalaGG9261;Q1w2e3r4
GalaGG9262;Q1w2e3r4
GalaGG9263;Q1w2e3r4
GalaGG9264;Q1w2e3r4
GalaGG9265;Q1w2e3r4
GalaGG9266;Q1w2e3r4
GalaGG9267;Q1w2e3r4
GalaGG9268;Q1w2e3r4
GalaGG9269;Q1w2e3r4
GalaGG9270;Q1w2e3r4
GalaGG9271;Q1w2e3r4
GalaGG9272;Q1w2e3r4
GalaGG9273;Q1w2e3r4
GalaGG9274;Q1w2e3r4
GalaGG9275;Q1w2e3r4
GalaGG9276;Q1w2e3r4
GalaGG9277;Q1w2e3r4
GalaGG9278;Q1w2e3r4
GalaGG9279;Q1w2e3r4
GalaGG9280;Q1w2e3r4
GalaGG9281;Q1w2e3r4
GalaGG9282;Q1w2e3r4
GalaGG9283;Q1w2e3r4
GalaGG9284;Q1w2e3r4
GalaGG9285;Q1w2e3r4
GalaGG9286;Q1w2e3r4
GalaGG9287;Q1w2e3r4
GalaGG9288;Q1w2e3r4
GalaGG9289;Q1w2e3r4
GalaGG9290;Q1w2e3r4
GalaGG9291;Q1w2e3r4
GalaGG9292;Q1w2e3r4
GalaGG9293;Q1w2e3r4
GalaGG9294;Q1w2e3r4
GalaGG9295;Q1w2e3r4
GalaGG9296;Q1w2e3r4
GalaGG9297;Q1w2e3r4
GalaGG9298;Q1w2e3r4
GalaGG9299;Q1w2e3r4
GalaGG9300;Q1w2e3r4
GalaGG9301;Q1w2e3r4
GalaGG9302;Q1w2e3r4
GalaGG9303;Q1w2e3r4
GalaGG9304;Q1w2e3r4
GalaGG9305;Q1w2e3r4
GalaGG9306;Q1w2e3r4
GalaGG9307;Q1w2e3r4
GalaGG9308;Q1w2e3r4
GalaGG9309;Q1w2e3r4
GalaGG9310;Q1w2e3r4
GalaGG9311;Q1w2e3r4
GalaGG9312;Q1w2e3r4
GalaGG9313;Q1w2e3r4
GalaGG9314;Q1w2e3r4
GalaGG9315;Q1w2e3r4
GalaGG9316;Q1w2e3r4
GalaGG9317;Q1w2e3r4
GalaGG9318;Q1w2e3r4
GalaGG9319;Q1w2e3r4
GalaGG9320;Q1w2e3r4
GalaGG9321;Q1w2e3r4
GalaGG9322;Q1w2e3r4
GalaGG9323;Q1w2e3r4
GalaGG9324;Q1w2e3r4
GalaGG9325;Q1w2e3r4
GalaGG9326;Q1w2e3r4
GalaGG9327;Q1w2e3r4
GalaGG9328;Q1w2e3r4
GalaGG9329;Q1w2e3r4
GalaGG9330;Q1w2e3r4
GalaGG9331;Q1w2e3r4
GalaGG9332;Q1w2e3r4
GalaGG9333;Q1w2e3r4
GalaGG9334;Q1w2e3r4
GalaGG9335;Q1w2e3r4
GalaGG9336;Q1w2e3r4
GalaGG9337;Q1w2e3r4
GalaGG9338;Q1w2e3r4
GalaGG9339;Q1w2e3r4
GalaGG9340;Q1w2e3r4
GalaGG9341;Q1w2e3r4
GalaGG9342;Q1w2e3r4
GalaGG9343;Q1w2e3r4
GalaGG9344;Q1w2e3r4
GalaGG9345;Q1w2e3r4
GalaGG9346;Q1w2e3r4
GalaGG9347;Q1w2e3r4
GalaGG9348;Q1w2e3r4
GalaGG9349;Q1w2e3r4
GalaGG9350;Q1w2e3r4
GalaGG9351;Q1w2e3r4
GalaGG9352;Q1w2e3r4
GalaGG9353;Q1w2e3r4
GalaGG9354;Q1w2e3r4
GalaGG9355;Q1w2e3r4
GalaGG9356;Q1w2e3r4
GalaGG9357;Q1w2e3r4
GalaGG9358;Q1w2e3r4
GalaGG9359;Q1w2e3r4
GalaGG9360;Q1w2e3r4
GalaGG9361;Q1w2e3r4
GalaGG9362;Q1w2e3r4
GalaGG9363;Q1w2e3r4
GalaGG9364;Q1w2e3r4
GalaGG9365;Q1w2e3r4
GalaGG9366;Q1w2e3r4
GalaGG9367;Q1w2e3r4
GalaGG9368;Q1w2e3r4
GalaGG9369;Q1w2e3r4
GalaGG9370;Q1w2e3r4
GalaGG9371;Q1w2e3r4
GalaGG9372;Q1w2e3r4
GalaGG9373;Q1w2e3r4
GalaGG9374;Q1w2e3r4
GalaGG9375;Q1w2e3r4
GalaGG9376;Q1w2e3r4
GalaGG9377;Q1w2e3r4
GalaGG9378;Q1w2e3r4
GalaGG9379;Q1w2e3r4
GalaGG9380;Q1w2e3r4
GalaGG9381;Q1w2e3r4
GalaGG9382;Q1w2e3r4
GalaGG9383;Q1w2e3r4
GalaGG9384;Q1w2e3r4
GalaGG9385;Q1w2e3r4
GalaGG9386;Q1w2e3r4
GalaGG9387;Q1w2e3r4
GalaGG9388;Q1w2e3r4
GalaGG9389;Q1w2e3r4
GalaGG9390;Q1w2e3r4
GalaGG9391;Q1w2e3r4
GalaGG9392;Q1w2e3r4
GalaGG9393;Q1w2e3r4
GalaGG9394;Q1w2e3r4
GalaGG9395;Q1w2e3r4
GalaGG9396;Q1w2e3r4
GalaGG9397;Q1w2e3r4
GalaGG9398;Q1w2e3r4
GalaGG9399;Q1w2e3r4
GalaGG9400;Q1w2e3r4
GalaGG9401;Q1w2e3r4
GalaGG9402;Q1w2e3r4
GalaGG9403;Q1w2e3r4
GalaGG9404;Q1w2e3r4
GalaGG9405;Q1w2e3r4
GalaGG9406;Q1w2e3r4
GalaGG9407;Q1w2e3r4
GalaGG9408;Q1w2e3r4
GalaGG9409;Q1w2e3r4
GalaGG9410;Q1w2e3r4
GalaGG9411;Q1w2e3r4
GalaGG9412;Q1w2e3r4
GalaGG9413;Q1w2e3r4
GalaGG9414;Q1w2e3r4
GalaGG9415;Q1w2e3r4
GalaGG9416;Q1w2e3r4
GalaGG9417;Q1w2e3r4
GalaGG9418;Q1w2e3r4
GalaGG9419;Q1w2e3r4
GalaGG9420;Q1w2e3r4
GalaGG9421;Q1w2e3r4
GalaGG9422;Q1w2e3r4
GalaGG9423;Q1w2e3r4
GalaGG9424;Q1w2e3r4
GalaGG9425;Q1w2e3r4
GalaGG9426;Q1w2e3r4
GalaGG9427;Q1w2e3r4
GalaGG9428;Q1w2e3r4
GalaGG9429;Q1w2e3r4
GalaGG9430;Q1w2e3r4
GalaGG9431;Q1w2e3r4
GalaGG9432;Q1w2e3r4
GalaGG9433;Q1w2e3r4
GalaGG9434;Q1w2e3r4
GalaGG9435;Q1w2e3r4
GalaGG9436;Q1w2e3r4
GalaGG9437;Q1w2e3r4
GalaGG9438;Q1w2e3r4
GalaGG9439;Q1w2e3r4
GalaGG9440;Q1w2e3r4
GalaGG9441;Q1w2e3r4
GalaGG9442;Q1w2e3r4
GalaGG9443;Q1w2e3r4
GalaGG9444;Q1w2e3r4
GalaGG9445;Q1w2e3r4
GalaGG9446;Q1w2e3r4
GalaGG9447;Q1w2e3r4
GalaGG9448;Q1w2e3r4
GalaGG9449;Q1w2e3r4
GalaGG9450;Q1w2e3r4
GalaGG9451;Q1w2e3r4
GalaGG9452;Q1w2e3r4
GalaGG9453;Q1w2e3r4
GalaGG9454;Q1w2e3r4
GalaGG9455;Q1w2e3r4
GalaGG9456;Q1w2e3r4
GalaGG9457;Q1w2e3r4
GalaGG9458;Q1w2e3r4
GalaGG9459;Q1w2e3r4
GalaGG9460;Q1w2e3r4
GalaGG9461;Q1w2e3r4
GalaGG9462;Q1w2e3r4
GalaGG9463;Q1w2e3r4
GalaGG9464;Q1w2e3r4
GalaGG9465;Q1w2e3r4
GalaGG9466;Q1w2e3r4
GalaGG9467;Q1w2e3r4
GalaGG9468;Q1w2e3r4
GalaGG9469;Q1w2e3r4
GalaGG9470;Q1w2e3r4
GalaGG9471;Q1w2e3r4
GalaGG9472;Q1w2e3r4
GalaGG9473;Q1w2e3r4
GalaGG9474;Q1w2e3r4
GalaGG9475;Q1w2e3r4
GalaGG9476;Q1w2e3r4
GalaGG9477;Q1w2e3r4
GalaGG9478;Q1w2e3r4
GalaGG9479;Q1w2e3r4
GalaGG9480;Q1w2e3r4
GalaGG9481;Q1w2e3r4
GalaGG9482;Q1w2e3r4
GalaGG9483;Q1w2e3r4
GalaGG9484;Q1w2e3r4
GalaGG9485;Q1w2e3r4
GalaGG9486;Q1w2e3r4
GalaGG9487;Q1w2e3r4
GalaGG9488;Q1w2e3r4
GalaGG9489;Q1w2e3r4
GalaGG9490;Q1w2e3r4
GalaGG9491;Q1w2e3r4
GalaGG9492;Q1w2e3r4
GalaGG9493;Q1w2e3r4
GalaGG9494;Q1w2e3r4
GalaGG9495;Q1w2e3r4
GalaGG9496;Q1w2e3r4
GalaGG9497;Q1w2e3r4
GalaGG9498;Q1w2e3r4
GalaGG9499;Q1w2e3r4
GalaGG9500;Q1w2e3r4
GalaGG9501;Q1w2e3r4
GalaGG9502;Q1w2e3r4
GalaGG9503;Q1w2e3r4
GalaGG9504;Q1w2e3r4
GalaGG9505;Q1w2e3r4
GalaGG9506;Q1w2e3r4
GalaGG9507;Q1w2e3r4
GalaGG9508;Q1w2e3r4
GalaGG9509;Q1w2e3r4
GalaGG9510;Q1w2e3r4
GalaGG9511;Q1w2e3r4
GalaGG9512;Q1w2e3r4
GalaGG9513;Q1w2e3r4
GalaGG9514;Q1w2e3r4
GalaGG9515;Q1w2e3r4
GalaGG9516;Q1w2e3r4
GalaGG9517;Q1w2e3r4
GalaGG9518;Q1w2e3r4
GalaGG9519;Q1w2e3r4
GalaGG9520;Q1w2e3r4
GalaGG9521;Q1w2e3r4
GalaGG9522;Q1w2e3r4
GalaGG9523;Q1w2e3r4
GalaGG9524;Q1w2e3r4
GalaGG9525;Q1w2e3r4
GalaGG9526;Q1w2e3r4
GalaGG9527;Q1w2e3r4
GalaGG9528;Q1w2e3r4
GalaGG9529;Q1w2e3r4
GalaGG9530;Q1w2e3r4
GalaGG9531;Q1w2e3r4
GalaGG9532;Q1w2e3r4
GalaGG9533;Q1w2e3r4
GalaGG9534;Q1w2e3r4
GalaGG9535;Q1w2e3r4
GalaGG9536;Q1w2e3r4
GalaGG9537;Q1w2e3r4
GalaGG9538;Q1w2e3r4
GalaGG9539;Q1w2e3r4
GalaGG9540;Q1w2e3r4
GalaGG9541;Q1w2e3r4
GalaGG9542;Q1w2e3r4
GalaGG9543;Q1w2e3r4
GalaGG9544;Q1w2e3r4
GalaGG9545;Q1w2e3r4
GalaGG9546;Q1w2e3r4
GalaGG9547;Q1w2e3r4
GalaGG9548;Q1w2e3r4
GalaGG9549;Q1w2e3r4
GalaGG9550;Q1w2e3r4
GalaGG9551;Q1w2e3r4
GalaGG9552;Q1w2e3r4
GalaGG9553;Q1w2e3r4
GalaGG9554;Q1w2e3r4
GalaGG9555;Q1w2e3r4
GalaGG9556;Q1w2e3r4
GalaGG9557;Q1w2e3r4
GalaGG9558;Q1w2e3r4
GalaGG9559;Q1w2e3r4
GalaGG9560;Q1w2e3r4
GalaGG9561;Q1w2e3r4
GalaGG9562;Q1w2e3r4
GalaGG9563;Q1w2e3r4
GalaGG9564;Q1w2e3r4
GalaGG9565;Q1w2e3r4
GalaGG9566;Q1w2e3r4
GalaGG9567;Q1w2e3r4
GalaGG9568;Q1w2e3r4
GalaGG9569;Q1w2e3r4
GalaGG9570;Q1w2e3r4
GalaGG9571;Q1w2e3r4
GalaGG9572;Q1w2e3r4
GalaGG9573;Q1w2e3r4
GalaGG9574;Q1w2e3r4
GalaGG9575;Q1w2e3r4
GalaGG9576;Q1w2e3r4
GalaGG9577;Q1w2e3r4
GalaGG9578;Q1w2e3r4
GalaGG9579;Q1w2e3r4
GalaGG9580;Q1w2e3r4
GalaGG9581;Q1w2e3r4
GalaGG9582;Q1w2e3r4
GalaGG9583;Q1w2e3r4
GalaGG9584;Q1w2e3r4
GalaGG9585;Q1w2e3r4
GalaGG9586;Q1w2e3r4
GalaGG9587;Q1w2e3r4
GalaGG9588;Q1w2e3r4
GalaGG9589;Q1w2e3r4
GalaGG9590;Q1w2e3r4
GalaGG9591;Q1w2e3r4
GalaGG9592;Q1w2e3r4
GalaGG9593;Q1w2e3r4
GalaGG9594;Q1w2e3r4
GalaGG9595;Q1w2e3r4
GalaGG9596;Q1w2e3r4
GalaGG9597;Q1w2e3r4
GalaGG9598;Q1w2e3r4
GalaGG9599;Q1w2e3r4
GalaGG9600;Q1w2e3r4
GalaGG9601;Q1w2e3r4
GalaGG9602;Q1w2e3r4
GalaGG9603;Q1w2e3r4
GalaGG9604;Q1w2e3r4
GalaGG9605;Q1w2e3r4
GalaGG9606;Q1w2e3r4
GalaGG9607;Q1w2e3r4
GalaGG9608;Q1w2e3r4
GalaGG9609;Q1w2e3r4
GalaGG9610;Q1w2e3r4
GalaGG9611;Q1w2e3r4
GalaGG9612;Q1w2e3r4
GalaGG9613;Q1w2e3r4
GalaGG9614;Q1w2e3r4
GalaGG9615;Q1w2e3r4
GalaGG9616;Q1w2e3r4
GalaGG9617;Q1w2e3r4
GalaGG9618;Q1w2e3r4
GalaGG9619;Q1w2e3r4
GalaGG9620;Q1w2e3r4
GalaGG9621;Q1w2e3r4
GalaGG9622;Q1w2e3r4
GalaGG9623;Q1w2e3r4
GalaGG9624;Q1w2e3r4
GalaGG9625;Q1w2e3r4
GalaGG9626;Q1w2e3r4
GalaGG9627;Q1w2e3r4
GalaGG9628;Q1w2e3r4
GalaGG9629;Q1w2e3r4
GalaGG9630;Q1w2e3r4
GalaGG9631;Q1w2e3r4
GalaGG9632;Q1w2e3r4
GalaGG9633;Q1w2e3r4
GalaGG9634;Q1w2e3r4
GalaGG9635;Q1w2e3r4
GalaGG9636;Q1w2e3r4
GalaGG9637;Q1w2e3r4
GalaGG9638;Q1w2e3r4
GalaGG9639;Q1w2e3r4
GalaGG9640;Q1w2e3r4
GalaGG9641;Q1w2e3r4
GalaGG9642;Q1w2e3r4
GalaGG9643;Q1w2e3r4
GalaGG9644;Q1w2e3r4
GalaGG9645;Q1w2e3r4
GalaGG9646;Q1w2e3r4
GalaGG9647;Q1w2e3r4
GalaGG9648;Q1w2e3r4
GalaGG9649;Q1w2e3r4
GalaGG9650;Q1w2e3r4
GalaGG9651;Q1w2e3r4
GalaGG9652;Q1w2e3r4
GalaGG9653;Q1w2e3r4
GalaGG9654;Q1w2e3r4
GalaGG9655;Q1w2e3r4
GalaGG9656;Q1w2e3r4
GalaGG9657;Q1w2e3r4
GalaGG9658;Q1w2e3r4
GalaGG9659;Q1w2e3r4
GalaGG9660;Q1w2e3r4
GalaGG9661;Q1w2e3r4
GalaGG9662;Q1w2e3r4
GalaGG9663;Q1w2e3r4
GalaGG9664;Q1w2e3r4
GalaGG9665;Q1w2e3r4
GalaGG9666;Q1w2e3r4
GalaGG9667;Q1w2e3r4
GalaGG9668;Q1w2e3r4
GalaGG9669;Q1w2e3r4
GalaGG9670;Q1w2e3r4
GalaGG9671;Q1w2e3r4
GalaGG9672;Q1w2e3r4
GalaGG9673;Q1w2e3r4
GalaGG9674;Q1w2e3r4
GalaGG9675;Q1w2e3r4
GalaGG9676;Q1w2e3r4
GalaGG9677;Q1w2e3r4
GalaGG9678;Q1w2e3r4
GalaGG9679;Q1w2e3r4
GalaGG9680;Q1w2e3r4
GalaGG9681;Q1w2e3r4
GalaGG9682;Q1w2e3r4
GalaGG9683;Q1w2e3r4
GalaGG9684;Q1w2e3r4
GalaGG9685;Q1w2e3r4
GalaGG9686;Q1w2e3r4
GalaGG9687;Q1w2e3r4
GalaGG9688;Q1w2e3r4
GalaGG9689;Q1w2e3r4
GalaGG9690;Q1w2e3r4
GalaGG9691;Q1w2e3r4
GalaGG9692;Q1w2e3r4
GalaGG9693;Q1w2e3r4
GalaGG9694;Q1w2e3r4
GalaGG9695;Q1w2e3r4
GalaGG9696;Q1w2e3r4
GalaGG9697;Q1w2e3r4
GalaGG9698;Q1w2e3r4
GalaGG9699;Q1w2e3r4
GalaGG9700;Q1w2e3r4
GalaGG9701;Q1w2e3r4
GalaGG9702;Q1w2e3r4
GalaGG9703;Q1w2e3r4
GalaGG9704;Q1w2e3r4
GalaGG9705;Q1w2e3r4
GalaGG9706;Q1w2e3r4
GalaGG9707;Q1w2e3r4
GalaGG9708;Q1w2e3r4
GalaGG9709;Q1w2e3r4
GalaGG9710;Q1w2e3r4
GalaGG9711;Q1w2e3r4
GalaGG9712;Q1w2e3r4
GalaGG9713;Q1w2e3r4
GalaGG9714;Q1w2e3r4
GalaGG9715;Q1w2e3r4
GalaGG9716;Q1w2e3r4
GalaGG9717;Q1w2e3r4
GalaGG9718;Q1w2e3r4
GalaGG9719;Q1w2e3r4
GalaGG9720;Q1w2e3r4
GalaGG9721;Q1w2e3r4
GalaGG9722;Q1w2e3r4
GalaGG9723;Q1w2e3r4
GalaGG9724;Q1w2e3r4
GalaGG9725;Q1w2e3r4
GalaGG9726;Q1w2e3r4
GalaGG9727;Q1w2e3r4
GalaGG9728;Q1w2e3r4
GalaGG9729;Q1w2e3r4
GalaGG9730;Q1w2e3r4
GalaGG9731;Q1w2e3r4
GalaGG9732;Q1w2e3r4
GalaGG9733;Q1w2e3r4
GalaGG9734;Q1w2e3r4
GalaGG9735;Q1w2e3r4
GalaGG9736;Q1w2e3r4
GalaGG9737;Q1w2e3r4
GalaGG9738;Q1w2e3r4
GalaGG9739;Q1w2e3r4
GalaGG9740;Q1w2e3r4
GalaGG9741;Q1w2e3r4
GalaGG9742;Q1w2e3r4
GalaGG9743;Q1w2e3r4
GalaGG9744;Q1w2e3r4
GalaGG9745;Q1w2e3r4
GalaGG9746;Q1w2e3r4
GalaGG9747;Q1w2e3r4
GalaGG9748;Q1w2e3r4
GalaGG9749;Q1w2e3r4
GalaGG9750;Q1w2e3r4
GalaGG9751;Q1w2e3r4
GalaGG9752;Q1w2e3r4
GalaGG9753;Q1w2e3r4
GalaGG9754;Q1w2e3r4
GalaGG9755;Q1w2e3r4
GalaGG9756;Q1w2e3r4
GalaGG9757;Q1w2e3r4
GalaGG9758;Q1w2e3r4
GalaGG9759;Q1w2e3r4
GalaGG9760;Q1w2e3r4
GalaGG9761;Q1w2e3r4
GalaGG9762;Q1w2e3r4
GalaGG9763;Q1w2e3r4
GalaGG9764;Q1w2e3r4
GalaGG9765;Q1w2e3r4
GalaGG9766;Q1w2e3r4
GalaGG9767;Q1w2e3r4
GalaGG9768;Q1w2e3r4
GalaGG9769;Q1w2e3r4
GalaGG9770;Q1w2e3r4
GalaGG9771;Q1w2e3r4
GalaGG9772;Q1w2e3r4
GalaGG9773;Q1w2e3r4
GalaGG9774;Q1w2e3r4
GalaGG9775;Q1w2e3r4
GalaGG9776;Q1w2e3r4
GalaGG9777;Q1w2e3r4
GalaGG9778;Q1w2e3r4
GalaGG9779;Q1w2e3r4
GalaGG9780;Q1w2e3r4
GalaGG9781;Q1w2e3r4
GalaGG9782;Q1w2e3r4
GalaGG9783;Q1w2e3r4
GalaGG9784;Q1w2e3r4
GalaGG9785;Q1w2e3r4
GalaGG9786;Q1w2e3r4
GalaGG9787;Q1w2e3r4
GalaGG9788;Q1w2e3r4
GalaGG9789;Q1w2e3r4
GalaGG9790;Q1w2e3r4
GalaGG9791;Q1w2e3r4
GalaGG9792;Q1w2e3r4
GalaGG9793;Q1w2e3r4
GalaGG9794;Q1w2e3r4
GalaGG9795;Q1w2e3r4
GalaGG9796;Q1w2e3r4
GalaGG9797;Q1w2e3r4
GalaGG9798;Q1w2e3r4
GalaGG9799;Q1w2e3r4
GalaGG9800;Q1w2e3r4
GalaGG9801;Q1w2e3r4
GalaGG9802;Q1w2e3r4
GalaGG9803;Q1w2e3r4
GalaGG9804;Q1w2e3r4
GalaGG9805;Q1w2e3r4
GalaGG9806;Q1w2e3r4
GalaGG9807;Q1w2e3r4
GalaGG9808;Q1w2e3r4
GalaGG9809;Q1w2e3r4
GalaGG9810;Q1w2e3r4
GalaGG9811;Q1w2e3r4
GalaGG9812;Q1w2e3r4
GalaGG9813;Q1w2e3r4
GalaGG9814;Q1w2e3r4
GalaGG9815;Q1w2e3r4
GalaGG9816;Q1w2e3r4
GalaGG9817;Q1w2e3r4
GalaGG9818;Q1w2e3r4
GalaGG9819;Q1w2e3r4
GalaGG9820;Q1w2e3r4
GalaGG9821;Q1w2e3r4
GalaGG9822;Q1w2e3r4
GalaGG9823;Q1w2e3r4
GalaGG9824;Q1w2e3r4
GalaGG9825;Q1w2e3r4
GalaGG9826;Q1w2e3r4
GalaGG9827;Q1w2e3r4
GalaGG9828;Q1w2e3r4
GalaGG9829;Q1w2e3r4
GalaGG9830;Q1w2e3r4
GalaGG9831;Q1w2e3r4
GalaGG9832;Q1w2e3r4
GalaGG9833;Q1w2e3r4
GalaGG9834;Q1w2e3r4
GalaGG9835;Q1w2e3r4
GalaGG9836;Q1w2e3r4
GalaGG9837;Q1w2e3r4
GalaGG9838;Q1w2e3r4
GalaGG9839;Q1w2e3r4
GalaGG9840;Q1w2e3r4
GalaGG9841;Q1w2e3r4
GalaGG9842;Q1w2e3r4
GalaGG9843;Q1w2e3r4
GalaGG9844;Q1w2e3r4
GalaGG9845;Q1w2e3r4
GalaGG9846;Q1w2e3r4
GalaGG9847;Q1w2e3r4
GalaGG9848;Q1w2e3r4
GalaGG9849;Q1w2e3r4
GalaGG9850;Q1w2e3r4
GalaGG9851;Q1w2e3r4
GalaGG9852;Q1w2e3r4
GalaGG9853;Q1w2e3r4
GalaGG9854;Q1w2e3r4
GalaGG9855;Q1w2e3r4
GalaGG9856;Q1w2e3r4
GalaGG9857;Q1w2e3r4
GalaGG9858;Q1w2e3r4
GalaGG9859;Q1w2e3r4
GalaGG9860;Q1w2e3r4
GalaGG9861;Q1w2e3r4
GalaGG9862;Q1w2e3r4
GalaGG9863;Q1w2e3r4
GalaGG9864;Q1w2e3r4
GalaGG9865;Q1w2e3r4
GalaGG9866;Q1w2e3r4
GalaGG9867;Q1w2e3r4
GalaGG9868;Q1w2e3r4
GalaGG9869;Q1w2e3r4
GalaGG9870;Q1w2e3r4
GalaGG9871;Q1w2e3r4
GalaGG9872;Q1w2e3r4
GalaGG9873;Q1w2e3r4
GalaGG9874;Q1w2e3r4
GalaGG9875;Q1w2e3r4
GalaGG9876;Q1w2e3r4
GalaGG9877;Q1w2e3r4
GalaGG9878;Q1w2e3r4
GalaGG9879;Q1w2e3r4
GalaGG9880;Q1w2e3r4
GalaGG9881;Q1w2e3r4
GalaGG9882;Q1w2e3r4
GalaGG9883;Q1w2e3r4
GalaGG9884;Q1w2e3r4
GalaGG9885;Q1w2e3r4
GalaGG9886;Q1w2e3r4
GalaGG9887;Q1w2e3r4
GalaGG9888;Q1w2e3r4
GalaGG9889;Q1w2e3r4
GalaGG9890;Q1w2e3r4
GalaGG9891;Q1w2e3r4
GalaGG9892;Q1w2e3r4
GalaGG9893;Q1w2e3r4
GalaGG9894;Q1w2e3r4
GalaGG9895;Q1w2e3r4
GalaGG9896;Q1w2e3r4
GalaGG9897;Q1w2e3r4
GalaGG9898;Q1w2e3r4
GalaGG9899;Q1w2e3r4
GalaGG9900;Q1w2e3r4
GalaGG9901;Q1w2e3r4
GalaGG9902;Q1w2e3r4
GalaGG9903;Q1w2e3r4
GalaGG9904;Q1w2e3r4
GalaGG9905;Q1w2e3r4
GalaGG9906;Q1w2e3r4
GalaGG9907;Q1w2e3r4
GalaGG9908;Q1w2e3r4
GalaGG9909;Q1w2e3r4
GalaGG9910;Q1w2e3r4
GalaGG9911;Q1w2e3r4
GalaGG9912;Q1w2e3r4
GalaGG9913;Q1w2e3r4
GalaGG9914;Q1w2e3r4
GalaGG9915;Q1w2e3r4
GalaGG9916;Q1w2e3r4
GalaGG9917;Q1w2e3r4
GalaGG9918;Q1w2e3r4
GalaGG9919;Q1w2e3r4
GalaGG9920;Q1w2e3r4
GalaGG9921;Q1w2e3r4
GalaGG9922;Q1w2e3r4
GalaGG9923;Q1w2e3r4
GalaGG9924;Q1w2e3r4
GalaGG9925;Q1w2e3r4
GalaGG9926;Q1w2e3r4
GalaGG9927;Q1w2e3r4
GalaGG9928;Q1w2e3r4
GalaGG9929;Q1w2e3r4
GalaGG9930;Q1w2e3r4
GalaGG9931;Q1w2e3r4
GalaGG9932;Q1w2e3r4
GalaGG9933;Q1w2e3r4
GalaGG9934;Q1w2e3r4
GalaGG9935;Q1w2e3r4
GalaGG9936;Q1w2e3r4
GalaGG9937;Q1w2e3r4
GalaGG9938;Q1w2e3r4
GalaGG9939;Q1w2e3r4
GalaGG9940;Q1w2e3r4
GalaGG9941;Q1w2e3r4
GalaGG9942;Q1w2e3r4
GalaGG9943;Q1w2e3r4
GalaGG9944;Q1w2e3r4
GalaGG9945;Q1w2e3r4
GalaGG9946;Q1w2e3r4
GalaGG9947;Q1w2e3r4
GalaGG9948;Q1w2e3r4
GalaGG9949;Q1w2e3r4
GalaGG9950;Q1w2e3r4
GalaGG9951;Q1w2e3r4
GalaGG9952;Q1w2e3r4
GalaGG9953;Q1w2e3r4
GalaGG9954;Q1w2e3r4
GalaGG9955;Q1w2e3r4
GalaGG9956;Q1w2e3r4
GalaGG9957;Q1w2e3r4
GalaGG9958;Q1w2e3r4
GalaGG9959;Q1w2e3r4
GalaGG9960;Q1w2e3r4
GalaGG9961;Q1w2e3r4
GalaGG9962;Q1w2e3r4
GalaGG9963;Q1w2e3r4
GalaGG9964;Q1w2e3r4
GalaGG9965;Q1w2e3r4
GalaGG9966;Q1w2e3r4
GalaGG9967;Q1w2e3r4
GalaGG9968;Q1w2e3r4
GalaGG9969;Q1w2e3r4
GalaGG9970;Q1w2e3r4
GalaGG9971;Q1w2e3r4
GalaGG9972;Q1w2e3r4
GalaGG9973;Q1w2e3r4
GalaGG9974;Q1w2e3r4
GalaGG9975;Q1w2e3r4
GalaGG9976;Q1w2e3r4
GalaGG9977;Q1w2e3r4
GalaGG9978;Q1w2e3r4
GalaGG9979;Q1w2e3r4
GalaGG9980;Q1w2e3r4
GalaGG9981;Q1w2e3r4
GalaGG9982;Q1w2e3r4
GalaGG9983;Q1w2e3r4
GalaGG9984;Q1w2e3r4
GalaGG9985;Q1w2e3r4
GalaGG9986;Q1w2e3r4
GalaGG9987;Q1w2e3r4
GalaGG9988;Q1w2e3r4
GalaGG9989;Q1w2e3r4
GalaGG9990;Q1w2e3r4
GalaGG9991;Q1w2e3r4
GalaGG9992;Q1w2e3r4
GalaGG9993;Q1w2e3r4
GalaGG9994;Q1w2e3r4
GalaGG9995;Q1w2e3r4
GalaGG9996;Q1w2e3r4
GalaGG9997;Q1w2e3r4
GalaGG9998;Q1w2e3r4
GalaGG9999;Q1w2e3r4