<?xml version="1.0"?>
<!DOCTYPE tsung SYSTEM "/usr/share/tsung/tsung-1.0.dtd">
<tsung loglevel="info" version="1.0" dumptraffic="protocol">

  <clients>
    <client host="localhost" use_controller_vm="true" maxusers="25000"/>
  </clients>

<servers>
  <server host="www-stg2.galabingo.com" port="80" type="tcp"/>
</servers>

<load>
  <arrivalphase phase="2" duration="10" unit="minute">
    <users maxnumber="100000" interarrival="0.2" unit="second"/>
  </arrivalphase>
</load>

<options>
  <option name="file_server" id="registered_users" value="/home/ubuntu/bingo/registered_users_all.csv"/>
</options>

<sessions>
<session name="Responsible_Gaming_Favourites" probability="100" type="ts_http">
<setdynvars sourcetype="file" fileid="registered_users" delimiter=";" order="iter">
<var name="uname"/>
<var name="passsword"/>
</setdynvars>

<transaction name="Open_Home_page">
<request><http url="http://www-stg2.galabingo.com/" version="1.1" method="GET">
		<http_header name="Accept" value="text/html,application/xhtml+xml,application/xml;q=0.9,*/*;q=0.8"/>
		<http_header name="Accept-Encoding" value="gzip,deflate,sdch"/>
		<http_header name="Accept-Charset" value="ISO-8859-1,utf-8;q=0.7,*;q=0.3"/>
		<http_header name="Accept-Language" value="en-US,en;q=0.8"/>
	</http>
</request>

</transaction>

<thinktime random="true" value="23"/>

<transaction name="Login">
<request subst="true"><http url='http://www-stg2.galabingo.com/?p_p_lifecycle=1&amp;p_p_state=exclusive&amp;p_p_id=login_WAR_commonportlet&amp;t=1334158250712' version='1.1'  contents='action=login&amp;login=%%_uname%%&amp;password=Q1w2e3r4&amp;remember-me=false&amp;playtech_login_real_mode=true&amp;playtech_login_requested=true' content_type='application/x-www-form-urlencoded;charset=UTF-8' method='POST'>
		<http_header name="Accept" value="text/html,application/xhtml+xml,application/xml;q=0.9,*/*;q=0.8"/>
		<http_header name="Accept-Encoding" value="gzip,deflate,sdch"/>
		<http_header name="Accept-Charset" value="ISO-8859-1,utf-8;q=0.7,*;q=0.3"/>
		<http_header name="Accept-Language" value="en-US,en;q=0.8"/>
	</http>
</request>

<request><http url='http://www-stg2.galabingo.com/' version='1.1' method='GET'>
		<http_header name="Accept" value="text/html,application/xhtml+xml,application/xml;q=0.9,*/*;q=0.8"/>
		<http_header name="Accept-Encoding" value="gzip,deflate,sdch"/>
		<http_header name="Accept-Charset" value="ISO-8859-1,utf-8;q=0.7,*;q=0.3"/>
		<http_header name="Accept-Language" value="en-US,en;q=0.8"/>
	</http>
</request>

<request><http url='http://www-stg2.galabingo.com/?p_p_lifecycle=0&amp;p_p_state=exclusive&amp;p_p_id=loginmessages_WAR_commonportlet&amp;t=1334158257974' version='1.1' content_type='application/x-www-form-urlencoded' method='GET'>
		<http_header name="Accept" value="text/html,application/xhtml+xml,application/xml;q=0.9,*/*;q=0.8"/>
		<http_header name="Accept-Encoding" value="gzip,deflate,sdch"/>
		<http_header name="Accept-Charset" value="ISO-8859-1,utf-8;q=0.7,*;q=0.3"/>
		<http_header name="Accept-Language" value="en-US,en;q=0.8"/>
	</http>
</request>

<request><http url='http://www-stg2.galabingo.com/?p_p_lifecycle=0&amp;p_p_state=exclusive&amp;p_p_id=login_WAR_commonportlet&amp;t=1334154397538' version='1.1'  contents='remote=false&amp;action=updateBalance&amp;playtech_poll_user_balance=false&amp;playtech_refresh_with_cache=false' content_type='application/x-www-form-urlencoded;charset=UTF-8' method='POST'>
		<http_header name="Accept" value="text/html,application/xhtml+xml,application/xml;q=0.9,*/*;q=0.8"/>
		<http_header name="Accept-Encoding" value="gzip,deflate,sdch"/>
		<http_header name="Accept-Charset" value="ISO-8859-1,utf-8;q=0.7,*;q=0.3"/>
		<http_header name="Accept-Language" value="en-US,en;q=0.8"/>
	</http>
</request>
</transaction>

<thinktime random="true" value="23"/>

<transaction name="Bingo_Tab">
<request><http url="http://www-stg2.galabingo.com/bingo" version="1.1" method="GET">
		<http_header name="Accept" value="text/html,application/xhtml+xml,application/xml;q=0.9,*/*;q=0.8"/>
		<http_header name="Accept-Encoding" value="gzip,deflate,sdch"/>
		<http_header name="Accept-Charset" value="ISO-8859-1,utf-8;q=0.7,*;q=0.3"/>
		<http_header name="Accept-Language" value="en-US,en;q=0.8"/>
	</http>
</request>
</transaction>

<thinktime random="true" value="23"/>

<transaction name="My_Account">
<request><http url="http://www-stg2.galabingo.com/my-account" version="1.1" method="GET">
		<http_header name="Accept" value="text/html,application/xhtml+xml,application/xml;q=0.9,*/*;q=0.8"/>
		<http_header name="Accept-Encoding" value="gzip,deflate,sdch"/>
		<http_header name="Accept-Charset" value="ISO-8859-1,utf-8;q=0.7,*;q=0.3"/>
		<http_header name="Accept-Language" value="en-US,en;q=0.8"/>
	</http>
</request>
</transaction>

<thinktime random="true" value="23"/>

<transaction name="My_Account">
<request><http url="http://www-stg2.galabingo.com/my-account" version="1.1" method="GET">
		<http_header name="Accept" value="text/html,application/xhtml+xml,application/xml;q=0.9,*/*;q=0.8"/>
		<http_header name="Accept-Encoding" value="gzip,deflate,sdch"/>
		<http_header name="Accept-Charset" value="ISO-8859-1,utf-8;q=0.7,*;q=0.3"/>
		<http_header name="Accept-Language" value="en-US,en;q=0.8"/>
	</http>
</request>
</transaction>

<thinktime random="true" value="23"/>

<transaction name="Responsible_Gaming">
<request><http url='http://www-stg2.galabingo.com/my-account/responsible-gaming' version='1.1' method='GET'>
		<http_header name="Accept" value="text/html,application/xhtml+xml,application/xml;q=0.9,*/*;q=0.8"/>
		<http_header name="Accept-Encoding" value="gzip,deflate,sdch"/>
		<http_header name="Accept-Charset" value="ISO-8859-1,utf-8;q=0.7,*;q=0.3"/>
		<http_header name="Accept-Language" value="en-US,en;q=0.8"/>
	</http>
</request>
</transaction>

<thinktime random="true" value="23"/>

<transaction name="Home">
<request><http url="http://www-stg2.galabingo.com/" version="1.1" method="GET">
		<http_header name="Accept" value="text/html,application/xhtml+xml,application/xml;q=0.9,*/*;q=0.8"/>
		<http_header name="Accept-Encoding" value="gzip,deflate,sdch"/>
		<http_header name="Accept-Charset" value="ISO-8859-1,utf-8;q=0.7,*;q=0.3"/>
		<http_header name="Accept-Language" value="en-US,en;q=0.8"/>
	</http>
</request>
</transaction>

<thinktime random="true" value="23"/>

<transaction name="My_Account">
<request><http url="http://www-stg2.galabingo.com/my-account" version="1.1" method="GET">
		<http_header name="Accept" value="text/html,application/xhtml+xml,application/xml;q=0.9,*/*;q=0.8"/>
		<http_header name="Accept-Encoding" value="gzip,deflate,sdch"/>
		<http_header name="Accept-Charset" value="ISO-8859-1,utf-8;q=0.7,*;q=0.3"/>
		<http_header name="Accept-Language" value="en-US,en;q=0.8"/>
	</http>
</request>
</transaction>

<thinktime random="true" value="23"/>

<transaction name="Bonus_Codes">
<request><http url='http://www-stg2.galabingo.com/my-account/bonus' version='1.1' method='GET'>
		<http_header name="Accept" value="text/html,application/xhtml+xml,application/xml;q=0.9,*/*;q=0.8"/>
		<http_header name="Accept-Encoding" value="gzip,deflate,sdch"/>
		<http_header name="Accept-Charset" value="ISO-8859-1,utf-8;q=0.7,*;q=0.3"/>
		<http_header name="Accept-Language" value="en-US,en;q=0.8"/>
	</http>
</request>
</transaction>

<thinktime random="true" value="23"/>

<transaction name="Games">
<request><http url='http://www-stg2.galabingo.com/games' version='1.1' method='GET'>
		<http_header name="Accept" value="text/html,application/xhtml+xml,application/xml;q=0.9,*/*;q=0.8"/>
		<http_header name="Accept-Encoding" value="gzip,deflate,sdch"/>
		<http_header name="Accept-Charset" value="ISO-8859-1,utf-8;q=0.7,*;q=0.3"/>
		<http_header name="Accept-Language" value="en-US,en;q=0.8"/>
	</http>
</request>
</transaction>

<thinktime random="true" value="23"/>

<transaction name="Select_Add_To_Favourites">
<request><http url='http://www-stg2.galabingo.com/games?p_p_lifecycle=2&amp;p_p_state=exclusive&amp;p_p_id=gamesinfo_WAR_gamesportlet_INSTANCE_0AFz&amp;_gamesinfo_WAR_gamesportlet_INSTANCE_0AFz_resource=addtofavourites&amp;_gamesinfo_WAR_gamesportlet_INSTANCE_0AFz_gcode=splsc&amp;_gamesinfo_WAR_gamesportlet_INSTANCE_0AFz_gtype=pt&amp;p_p_resource_id=addtofavourites&amp;t=1334167349634' version='1.1' content_type='application/x-www-form-urlencoded' method='POST'>
		<http_header name="Accept" value="text/html,application/xhtml+xml,application/xml;q=0.9,*/*;q=0.8"/>
		<http_header name="Accept-Encoding" value="gzip,deflate,sdch"/>
		<http_header name="Accept-Charset" value="ISO-8859-1,utf-8;q=0.7,*;q=0.3"/>
		<http_header name="Accept-Language" value="en-US,en;q=0.8"/>
	</http>
</request>
</transaction>

<thinktime random="true" value="23"/>

<transaction name="Deselect_Favourites">
<request><http url='http://www-stg2.galabingo.com/games?p_p_lifecycle=2&amp;p_p_state=exclusive&amp;p_p_id=gamesinfo_WAR_gamesportlet_INSTANCE_0AFz&amp;_gamesinfo_WAR_gamesportlet_INSTANCE_0AFz_resource=removefromfavourites&amp;_gamesinfo_WAR_gamesportlet_INSTANCE_0AFz_gcode=splsc&amp;_gamesinfo_WAR_gamesportlet_INSTANCE_0AFz_gtype=pt&amp;p_p_resource_id=removefromfavourites&amp;t=1334167354634' version='1.1' content_type='application/x-www-form-urlencoded' method='POST'>
		<http_header name="Accept" value="text/html,application/xhtml+xml,application/xml;q=0.9,*/*;q=0.8"/>
		<http_header name="Accept-Encoding" value="gzip,deflate,sdch"/>
		<http_header name="Accept-Charset" value="ISO-8859-1,utf-8;q=0.7,*;q=0.3"/>
		<http_header name="Accept-Language" value="en-US,en;q=0.8"/>
	</http>
</request>
</transaction>

<thinktime random="true" value="23"/>

<transaction name="Logoff">
<request><http url='http://www-stg2.galabingo.com/my-account/deposit?p_p_lifecycle=1&amp;p_p_state=exclusive&amp;p_p_id=login_WAR_commonportlet&amp;_login_WAR_commonportlet_action=logout&amp;t=1334154704140&amp;_=1334154704141' version='1.1' content_type='application/x-www-form-urlencoded' method='GET'>
		<http_header name="Accept" value="text/html,application/xhtml+xml,application/xml;q=0.9,*/*;q=0.8"/>
		<http_header name="Accept-Encoding" value="gzip,deflate,sdch"/>
		<http_header name="Accept-Charset" value="ISO-8859-1,utf-8;q=0.7,*;q=0.3"/>
		<http_header name="Accept-Language" value="en-US,en;q=0.8"/>
	</http>
</request>
<request><http url='http://www-stg2.galabingo.com/c/portal/logout?ieparam=1336729735308' version='1.1' content_type='application/x-www-form-urlencoded' method='GET'>
		<http_header name="Accept" value="text/html,application/xhtml+xml,application/xml;q=0.9,*/*;q=0.8"/>
		<http_header name="Accept-Encoding" value="gzip,deflate,sdch"/>
		<http_header name="Accept-Charset" value="ISO-8859-1,utf-8;q=0.7,*;q=0.3"/>
		<http_header name="Accept-Language" value="en-US,en;q=0.8"/>
	</http>
</request>
<request><http url='http://www-stg2.galabingo.com/home' version='1.1' method='GET'>
		<http_header name="Accept" value="text/html,application/xhtml+xml,application/xml;q=0.9,*/*;q=0.8"/>
		<http_header name="Accept-Encoding" value="gzip,deflate,sdch"/>
		<http_header name="Accept-Charset" value="ISO-8859-1,utf-8;q=0.7,*;q=0.3"/>
		<http_header name="Accept-Language" value="en-US,en;q=0.8"/>
	</http>
</request>
</transaction>

</session>
</sessions>
</tsung>
