<?xml version="1.0"?>
<!DOCTYPE tsung SYSTEM "/usr/share/tsung/tsung-1.0.dtd">
<tsung loglevel="info" version="1.0" dumptraffic="protocol">

  <clients>
    <client host="localhost" use_controller_vm="true" maxusers="25000"/>
  </clients>

<servers>
  <server host="www-stg2.galabingo.com" port="80" type="tcp"/>
</servers>

<load>
  <arrivalphase phase="2" duration="10" unit="minute">
    <users maxnumber="100000" interarrival="0.2" unit="second"/>
  </arrivalphase>
</load>

<options>
  <option name="file_server" id="registered_users" value="/home/ubuntu/bingo/registered_users_all.csv"/>
</options>

<sessions>
<session name="View_Payment_Methods" probability="100" type="ts_http">
<setdynvars sourcetype="file" fileid="registered_users" delimiter=";" order="iter">
<var name="uname"/>
<var name="passsword"/>
</setdynvars>

<transaction name="Open_Home_page">
<request><http url="http://www-stg2.galabingo.com/" version="1.1" method="GET">
		<http_header name="Accept" value="text/html,application/xhtml+xml,application/xml;q=0.9,*/*;q=0.8"/>
		<http_header name="Accept-Encoding" value="gzip,deflate,sdch"/>
		<http_header name="Accept-Charset" value="ISO-8859-1,utf-8;q=0.7,*;q=0.3"/>
		<http_header name="Accept-Language" value="en-US,en;q=0.8"/>
	</http>
</request>
</transaction>

<thinktime random="true" value="23"/>

<transaction name="Login">
<request subst="true"><http url='http://www-stg2.galabingo.com/?p_p_lifecycle=1&amp;p_p_state=exclusive&amp;p_p_id=login_WAR_commonportlet&amp;t=1334158250712' version='1.1'  contents='action=login&amp;login=%%_uname%%&amp;password=Q1w2e3r4&amp;remember-me=false&amp;playtech_login_real_mode=true&amp;playtech_login_requested=true' content_type='application/x-www-form-urlencoded;charset=UTF-8' method='POST'>
		<http_header name="Accept" value="text/html,application/xhtml+xml,application/xml;q=0.9,*/*;q=0.8"/>
		<http_header name="Accept-Encoding" value="gzip,deflate,sdch"/>
		<http_header name="Accept-Charset" value="ISO-8859-1,utf-8;q=0.7,*;q=0.3"/>
		<http_header name="Accept-Language" value="en-US,en;q=0.8"/>
	</http>
</request>
<request><http url='http://www-stg2.galabingo.com/' version='1.1' method='GET'>
		<http_header name="Accept" value="text/html,application/xhtml+xml,application/xml;q=0.9,*/*;q=0.8"/>
		<http_header name="Accept-Encoding" value="gzip,deflate,sdch"/>
		<http_header name="Accept-Charset" value="ISO-8859-1,utf-8;q=0.7,*;q=0.3"/>
		<http_header name="Accept-Language" value="en-US,en;q=0.8"/>
	</http>
</request>
<request><http url='http://www-stg2.galabingo.com/?p_p_lifecycle=0&amp;p_p_state=exclusive&amp;p_p_id=loginmessages_WAR_commonportlet&amp;t=1334158257974' version='1.1' content_type='application/x-www-form-urlencoded' method='GET'>
		<http_header name="Accept" value="text/html,application/xhtml+xml,application/xml;q=0.9,*/*;q=0.8"/>
		<http_header name="Accept-Encoding" value="gzip,deflate,sdch"/>
		<http_header name="Accept-Charset" value="ISO-8859-1,utf-8;q=0.7,*;q=0.3"/>
		<http_header name="Accept-Language" value="en-US,en;q=0.8"/>
	</http>
</request>
<request><http url='http://www-stg2.galabingo.com/?p_p_lifecycle=0&amp;p_p_state=exclusive&amp;p_p_id=login_WAR_commonportlet&amp;t=1334154397538' version='1.1'  contents='remote=false&amp;action=updateBalance&amp;playtech_poll_user_balance=false&amp;playtech_refresh_with_cache=false' content_type='application/x-www-form-urlencoded;charset=UTF-8' method='POST'>
		<http_header name="Accept" value="text/html,application/xhtml+xml,application/xml;q=0.9,*/*;q=0.8"/>
		<http_header name="Accept-Encoding" value="gzip,deflate,sdch"/>
		<http_header name="Accept-Charset" value="ISO-8859-1,utf-8;q=0.7,*;q=0.3"/>
		<http_header name="Accept-Language" value="en-US,en;q=0.8"/>
	</http>
</request>
</transaction>

<thinktime random="true" value="23"/>

<transaction name="Bingo_Tab">
<request><http url="http://www-stg2.galabingo.com/bingo" version="1.1" method="GET">
		<http_header name="Accept" value="text/html,application/xhtml+xml,application/xml;q=0.9,*/*;q=0.8"/>
		<http_header name="Accept-Encoding" value="gzip,deflate,sdch"/>
		<http_header name="Accept-Charset" value="ISO-8859-1,utf-8;q=0.7,*;q=0.3"/>
		<http_header name="Accept-Language" value="en-US,en;q=0.8"/>
	</http>
</request>
</transaction>

<thinktime random="true" value="23"/>

<transaction name="Slots_Tab">
<request><http url="http://www-stg2.galabingo.com/slots" version="1.1" method="GET">
		<http_header name="Accept" value="text/html,application/xhtml+xml,application/xml;q=0.9,*/*;q=0.8"/>
		<http_header name="Accept-Encoding" value="gzip,deflate,sdch"/>
		<http_header name="Accept-Charset" value="ISO-8859-1,utf-8;q=0.7,*;q=0.3"/>
		<http_header name="Accept-Language" value="en-US,en;q=0.8"/>
	</http>
</request>
</transaction>

<thinktime random="true" value="23"/>

<transaction name="Games_Tab">
<request><http url="http://www-stg2.galabingo.com/games" version="1.1" method="GET">
		<http_header name="Accept" value="text/html,application/xhtml+xml,application/xml;q=0.9,*/*;q=0.8"/>
		<http_header name="Accept-Encoding" value="gzip,deflate,sdch"/>
		<http_header name="Accept-Charset" value="ISO-8859-1,utf-8;q=0.7,*;q=0.3"/>
		<http_header name="Accept-Language" value="en-US,en;q=0.8"/>
	</http>
</request>
</transaction>

<thinktime random="true" value="23"/>

<transaction name="Vegas_Tab">
<request><http url="http://www-stg2.galabingo.com/casino" version="1.1" method="GET">
		<http_header name="Accept" value="text/html,application/xhtml+xml,application/xml;q=0.9,*/*;q=0.8"/>
		<http_header name="Accept-Encoding" value="gzip,deflate,sdch"/>
		<http_header name="Accept-Charset" value="ISO-8859-1,utf-8;q=0.7,*;q=0.3"/>
		<http_header name="Accept-Language" value="en-US,en;q=0.8"/>
	</http>
</request>
</transaction>

<thinktime random="true" value="23"/>

<transaction name="Mobile_Tab">
<request><http url="http://www-stg2.galabingo.com/mobile" version="1.1" method="GET">
		<http_header name="Accept" value="text/html,application/xhtml+xml,application/xml;q=0.9,*/*;q=0.8"/>
		<http_header name="Accept-Encoding" value="gzip,deflate,sdch"/>
		<http_header name="Accept-Charset" value="ISO-8859-1,utf-8;q=0.7,*;q=0.3"/>
		<http_header name="Accept-Language" value="en-US,en;q=0.8"/>
	</http>
</request>
</transaction>

<thinktime random="true" value="23"/>

<transaction name="Promotions_Tab">
<request><http url="http://www-stg2.galabingo.com/promotions" version="1.1" method="GET">
		<http_header name="Accept" value="text/html,application/xhtml+xml,application/xml;q=0.9,*/*;q=0.8"/>
		<http_header name="Accept-Encoding" value="gzip,deflate,sdch"/>
		<http_header name="Accept-Charset" value="ISO-8859-1,utf-8;q=0.7,*;q=0.3"/>
		<http_header name="Accept-Language" value="en-US,en;q=0.8"/>
	</http>
</request>
</transaction>

<thinktime random="true" value="23"/>

<transaction name="Wellcome_Offers">
<request><http url="http://www-stg2.galabingo.com/promotions/welcome" version="1.1" method="GET">
		<http_header name="Accept" value="text/html,application/xhtml+xml,application/xml;q=0.9,*/*;q=0.8"/>
		<http_header name="Accept-Encoding" value="gzip,deflate,sdch"/>
		<http_header name="Accept-Charset" value="ISO-8859-1,utf-8;q=0.7,*;q=0.3"/>
		<http_header name="Accept-Language" value="en-US,en;q=0.8"/>
	</http>
</request>
</transaction>

<thinktime random="true" value="23"/>

<transaction name="Current">
<request><http url="http://www-stg2.galabingo.com/promotions/current" version="1.1" method="GET">
		<http_header name="Accept" value="text/html,application/xhtml+xml,application/xml;q=0.9,*/*;q=0.8"/>
		<http_header name="Accept-Encoding" value="gzip,deflate,sdch"/>
		<http_header name="Accept-Charset" value="ISO-8859-1,utf-8;q=0.7,*;q=0.3"/>
		<http_header name="Accept-Language" value="en-US,en;q=0.8"/>
	</http>
</request>
</transaction>

<thinktime random="true" value="23"/>

<transaction name="Community">
<request><http url="http://www-stg2.galabingo.com/community" version="1.1" method="GET">
		<http_header name="Accept" value="text/html,application/xhtml+xml,application/xml;q=0.9,*/*;q=0.8"/>
		<http_header name="Accept-Encoding" value="gzip,deflate,sdch"/>
		<http_header name="Accept-Charset" value="ISO-8859-1,utf-8;q=0.7,*;q=0.3"/>
		<http_header name="Accept-Language" value="en-US,en;q=0.8"/>
	</http>
</request>
</transaction>

<thinktime random="true" value="23"/>

<transaction name="Clubs">
<request><http url="http://www-stg2.galabingo.com/clubs" version="1.1" method="GET">
		<http_header name="Accept" value="text/html,application/xhtml+xml,application/xml;q=0.9,*/*;q=0.8"/>
		<http_header name="Accept-Encoding" value="gzip,deflate,sdch"/>
		<http_header name="Accept-Charset" value="ISO-8859-1,utf-8;q=0.7,*;q=0.3"/>
		<http_header name="Accept-Language" value="en-US,en;q=0.8"/>
	</http>
</request>
</transaction>

<thinktime random="true" value="23"/>

<transaction name="Find_Club">
<request><http url="http://www-stg2.galabingo.com/clubs/find-clubs?find-casino=page&amp;postCode=W11%202BQ" version="1.1" method="GET">
		<http_header name="Accept" value="text/html,application/xhtml+xml,application/xml;q=0.9,*/*;q=0.8"/>
		<http_header name="Accept-Encoding" value="gzip,deflate,sdch"/>
		<http_header name="Accept-Charset" value="ISO-8859-1,utf-8;q=0.7,*;q=0.3"/>
		<http_header name="Accept-Language" value="en-US,en;q=0.8"/>
	</http>
</request>
</transaction>

<thinktime random="true" value="23"/>

<transaction name="Home">
<request><http url="http://www-stg2.galabingo.com/home" version="1.1" method="GET">
		<http_header name="Accept" value="text/html,application/xhtml+xml,application/xml;q=0.9,*/*;q=0.8"/>
		<http_header name="Accept-Encoding" value="gzip,deflate,sdch"/>
		<http_header name="Accept-Charset" value="ISO-8859-1,utf-8;q=0.7,*;q=0.3"/>
		<http_header name="Accept-Language" value="en-US,en;q=0.8"/>
	</http>
</request>
</transaction>

<thinktime random="true" value="23"/>

<transaction name="Load_Forgotten_Password_overlay">
<request><http url="http://www-stg2.galabingo.com/home?p_p_lifecycle=0&amp;p_p_state=exclusive&amp;p_p_id=forgotpassword_WAR_commonportlet&amp;t=1336719648932" version="1.1" method="GET">
		<http_header name="Accept" value="text/html,application/xhtml+xml,application/xml;q=0.9,*/*;q=0.8"/>
		<http_header name="Accept-Encoding" value="gzip,deflate,sdch"/>
		<http_header name="Accept-Charset" value="ISO-8859-1,utf-8;q=0.7,*;q=0.3"/>
		<http_header name="Accept-Language" value="en-US,en;q=0.8"/>
	</http>
</request>
</transaction>

<thinktime random="true" value="23"/>

<transaction name="Logoff">
<request><http url='http://www-stg2.galabingo.com/my-account/deposit?p_p_lifecycle=1&amp;p_p_state=exclusive&amp;p_p_id=login_WAR_commonportlet&amp;_login_WAR_commonportlet_action=logout&amp;t=1334154704140&amp;_=1334154704141' version='1.1' content_type='application/x-www-form-urlencoded' method='GET'>
		<http_header name="Accept" value="text/html,application/xhtml+xml,application/xml;q=0.9,*/*;q=0.8"/>
		<http_header name="Accept-Encoding" value="gzip,deflate,sdch"/>
		<http_header name="Accept-Charset" value="ISO-8859-1,utf-8;q=0.7,*;q=0.3"/>
		<http_header name="Accept-Language" value="en-US,en;q=0.8"/>
	</http>
</request>
<request><http url='http://www-stg2.galabingo.com/c/portal/logout?ieparam=1336729735308' version='1.1' content_type='application/x-www-form-urlencoded' method='GET'>
		<http_header name="Accept" value="text/html,application/xhtml+xml,application/xml;q=0.9,*/*;q=0.8"/>
		<http_header name="Accept-Encoding" value="gzip,deflate,sdch"/>
		<http_header name="Accept-Charset" value="ISO-8859-1,utf-8;q=0.7,*;q=0.3"/>
		<http_header name="Accept-Language" value="en-US,en;q=0.8"/>
	</http>
</request>
<request><http url='http://www-stg2.galabingo.com/home' version='1.1' method='GET'>
		<http_header name="Accept" value="text/html,application/xhtml+xml,application/xml;q=0.9,*/*;q=0.8"/>
		<http_header name="Accept-Encoding" value="gzip,deflate,sdch"/>
		<http_header name="Accept-Charset" value="ISO-8859-1,utf-8;q=0.7,*;q=0.3"/>
		<http_header name="Accept-Language" value="en-US,en;q=0.8"/>
	</http>
</request>
</transaction>

</session>
</sessions>
</tsung>
