<?xml version="1.0"?>
<!DOCTYPE tsung SYSTEM "/usr/share/tsung/tsung-1.0.dtd">
<tsung loglevel="info" version="1.0" dumptraffic="protocol">

  <clients>
    <client host="localhost" use_controller_vm="true" maxusers="25000"/>
  </clients>

<servers>
  <server host="www-stg2.galabingo.com" port="80" type="tcp"/>
</servers>
<load>
  <arrivalphase phase="2" duration="10" unit="minute">
    <users maxnumber="100000" interarrival="0.07" unit="second"/>
  </arrivalphase>
</load>

<options>
	<option type="ts_http" name="user_agent">
		<user_agent probability="80">Mozilla/5.0 (Windows NT 6.1; WOW64) AppleWebKit/537.1 (KHTML, like Gecko) Chrome/21.0.1139.3 Safari/537.1</user_agent>
		<user_agent probability="20">Mozilla/5.0 (Windows; U; Windows NT 5.2; fr-FR; rv:1.7.8) Gecko/20050511 Firefox/1.0.4</user_agent>
	</option>
</options>


<sessions>
<session name="General_Site_Navigation" probability="100" type="ts_http">

<transaction name="Open_Home_page">
<request subst="true">
	<http url="http://www-stg2.galabingo.com/" version="1.1" method="GET">
		<http_header name="Accept" value="text/html,application/xhtml+xml,application/xml;q=0.9,*/*;q=0.8"/>
		<http_header name="Accept-Encoding" value="gzip,deflate,sdch"/>
		<http_header name="Accept-Charset" value="ISO-8859-1,utf-8;q=0.7,*;q=0.3"/>
		<http_header name="Accept-Language" value="en-US,en;q=0.8"/>
	</http>
</request>
</transaction>

<thinktime random="true" value="23"/>

<transaction name="Bingo_Tab">
<request subst="true">
	<http url="http://www-stg2.galabingo.com/bingo" version="1.1" method="GET">
		<http_header name="Accept" value="text/html,application/xhtml+xml,application/xml;q=0.9,*/*;q=0.8"/>
		<http_header name="Accept-Encoding" value="gzip,deflate,sdch"/>
		<http_header name="Accept-Charset" value="ISO-8859-1,utf-8;q=0.7,*;q=0.3"/>
		<http_header name="Accept-Language" value="en-US,en;q=0.8"/>	
	</http>
</request>
</transaction>

<thinktime random="true" value="23"/>

<transaction name="Slots_Tab">
<request subst="true">
	<http url="http://www-stg2.galabingo.com/slots" version="1.1" method="GET">
		<http_header name="Accept" value="text/html,application/xhtml+xml,application/xml;q=0.9,*/*;q=0.8"/>
		<http_header name="Accept-Encoding" value="gzip,deflate,sdch"/>
		<http_header name="Accept-Charset" value="ISO-8859-1,utf-8;q=0.7,*;q=0.3"/>
		<http_header name="Accept-Language" value="en-US,en;q=0.8"/>	
	</http>
</request>
</transaction>

<thinktime random="true" value="23"/>

<transaction name="Games_Tab">
<request subst="true">
	<http url="http://www-stg2.galabingo.com/games" version="1.1" method="GET">
		<http_header name="Accept" value="text/html,application/xhtml+xml,application/xml;q=0.9,*/*;q=0.8"/>
		<http_header name="Accept-Encoding" value="gzip,deflate,sdch"/>
		<http_header name="Accept-Charset" value="ISO-8859-1,utf-8;q=0.7,*;q=0.3"/>
		<http_header name="Accept-Language" value="en-US,en;q=0.8"/>	
	</http>
</request>
</transaction>

<thinktime random="true" value="23"/>

<transaction name="Vegas_Tab">
<request subst="true">
	<http url="http://www-stg2.galabingo.com/casino" version="1.1" method="GET">
		<http_header name="Accept" value="text/html,application/xhtml+xml,application/xml;q=0.9,*/*;q=0.8"/>
		<http_header name="Accept-Encoding" value="gzip,deflate,sdch"/>
		<http_header name="Accept-Charset" value="ISO-8859-1,utf-8;q=0.7,*;q=0.3"/>
		<http_header name="Accept-Language" value="en-US,en;q=0.8"/>	
	</http>
</request>
</transaction>

<thinktime random="true" value="23"/>

<transaction name="Mobile_Tab">
<request subst="true">
	<http url="http://www-stg2.galabingo.com/mobile" version="1.1" method="GET">
		<http_header name="Accept" value="text/html,application/xhtml+xml,application/xml;q=0.9,*/*;q=0.8"/>
		<http_header name="Accept-Encoding" value="gzip,deflate,sdch"/>
		<http_header name="Accept-Charset" value="ISO-8859-1,utf-8;q=0.7,*;q=0.3"/>
		<http_header name="Accept-Language" value="en-US,en;q=0.8"/>
	</http>
</request>
</transaction>

<thinktime random="true" value="23"/>

<transaction name="Promotions_Tab">
<request subst="true">
	<http url="http://www-stg2.galabingo.com/promotions" version="1.1" method="GET">
		<http_header name="Accept" value="text/html,application/xhtml+xml,application/xml;q=0.9,*/*;q=0.8"/>
		<http_header name="Accept-Encoding" value="gzip,deflate,sdch"/>
		<http_header name="Accept-Charset" value="ISO-8859-1,utf-8;q=0.7,*;q=0.3"/>
		<http_header name="Accept-Language" value="en-US,en;q=0.8"/>
	</http>
</request>
</transaction>

<thinktime random="true" value="23"/>

<transaction name="Wellcome_Offers">
<request subst="true">
	<http url="http://www-stg2.galabingo.com/promotions/welcome" version="1.1" method="GET">
		<http_header name="Accept" value="text/html,application/xhtml+xml,application/xml;q=0.9,*/*;q=0.8"/>
		<http_header name="Accept-Encoding" value="gzip,deflate,sdch"/>
		<http_header name="Accept-Charset" value="ISO-8859-1,utf-8;q=0.7,*;q=0.3"/>
		<http_header name="Accept-Language" value="en-US,en;q=0.8"/>
	</http>
</request>
</transaction>

<thinktime random="true" value="23"/>

<transaction name="Current">
<request subst="true">
	<http url="http://www-stg2.galabingo.com/promotions/current" version="1.1" method="GET">
		<http_header name="Accept" value="text/html,application/xhtml+xml,application/xml;q=0.9,*/*;q=0.8"/>
		<http_header name="Accept-Encoding" value="gzip,deflate,sdch"/>
		<http_header name="Accept-Charset" value="ISO-8859-1,utf-8;q=0.7,*;q=0.3"/>
		<http_header name="Accept-Language" value="en-US,en;q=0.8"/>
	</http>
</request>
</transaction>

<thinktime random="true" value="23"/>

<transaction name="Community">
<request subst="true">
	<http url="http://www-stg2.galabingo.com/community" version="1.1" method="GET">
		<http_header name="Accept" value="text/html,application/xhtml+xml,application/xml;q=0.9,*/*;q=0.8"/>
		<http_header name="Accept-Encoding" value="gzip,deflate,sdch"/>
		<http_header name="Accept-Charset" value="ISO-8859-1,utf-8;q=0.7,*;q=0.3"/>
		<http_header name="Accept-Language" value="en-US,en;q=0.8"/>
	</http>
</request>
</transaction>

<thinktime random="true" value="23"/>

<transaction name="Clubs">
<request subst="true">
	<http url="http://www-stg2.galabingo.com/clubs" version="1.1" method="GET">
		<http_header name="Accept" value="text/html,application/xhtml+xml,application/xml;q=0.9,*/*;q=0.8"/>
		<http_header name="Accept-Encoding" value="gzip,deflate,sdch"/>
		<http_header name="Accept-Charset" value="ISO-8859-1,utf-8;q=0.7,*;q=0.3"/>
		<http_header name="Accept-Language" value="en-US,en;q=0.8"/>	
	</http>
</request>
</transaction>

<thinktime random="true" value="23"/>

<transaction name="Find_Club">
<request subst="true">
	<http url="http://www-stg2.galabingo.com/clubs/find-clubs?find-casino=page&amp;postCode=W11%202BQ" version="1.1" method="GET">
		<http_header name="Accept" value="text/html,application/xhtml+xml,application/xml;q=0.9,*/*;q=0.8"/>
		<http_header name="Accept-Encoding" value="gzip,deflate,sdch"/>
		<http_header name="Accept-Charset" value="ISO-8859-1,utf-8;q=0.7,*;q=0.3"/>
		<http_header name="Accept-Language" value="en-US,en;q=0.8"/>
	</http>
</request>
</transaction>

<thinktime random="true" value="23"/>

<transaction name="Home">
<request subst="true">
	<http url="http://www-stg2.galabingo.com/home" version="1.1" method="GET">
		<http_header name="Accept" value="text/html,application/xhtml+xml,application/xml;q=0.9,*/*;q=0.8"/>
		<http_header name="Accept-Encoding" value="gzip,deflate,sdch"/>
		<http_header name="Accept-Charset" value="ISO-8859-1,utf-8;q=0.7,*;q=0.3"/>
		<http_header name="Accept-Language" value="en-US,en;q=0.8"/>	
	</http>
</request>
</transaction>

<thinktime random="true" value="23"/>

<transaction name="Load_Forgotten_Password_overlay">
<request subst="true">
	<http url="http://www-stg2.galabingo.com/home?p_p_lifecycle=0&amp;p_p_state=exclusive&amp;p_p_id=forgotpassword_WAR_commonportlet&amp;t=1336719648932" version="1.1" method="GET">
		<http_header name="Accept" value="text/html,application/xhtml+xml,application/xml;q=0.9,*/*;q=0.8"/>
		<http_header name="Accept-Encoding" value="gzip,deflate,sdch"/>
		<http_header name="Accept-Charset" value="ISO-8859-1,utf-8;q=0.7,*;q=0.3"/>
		<http_header name="Accept-Language" value="en-US,en;q=0.8"/>
	</http>
</request>
</transaction>

</session>
</sessions>
</tsung>
