<?xml version="1.0"?>
<!DOCTYPE tsung SYSTEM "/usr/share/tsung/tsung-1.0.dtd">
<tsung loglevel="info" version="1.0" dumptraffic="protocol">

  <clients>
    <client host="localhost" use_controller_vm="true" maxusers="25000"/>
  </clients>

<servers>
  <server host="www-stg2.galabingo.com" port="80" type="tcp"/>
</servers>

<load>
  <arrivalphase phase="2" duration="50" unit="minute">
    <users maxnumber="100000" interarrival="0.03" unit="second"/>
  </arrivalphase>
</load>

<options>
  <option name="file_server" id="new_users" value="/home/ubuntu/bingo/new_users.csv"/>
</options>

<sessions>
<session name="Open_Account" probability="100" type="ts_http">
<setdynvars sourcetype="file" fileid="new_users" delimiter=";" order="iter">
<var name="uname"/>
<var name="passsword"/>
</setdynvars>


<thinktime random="true" value="2"/>

<transaction name="Click_Register_Link">
<request><http url="http://ww2.galabingo.com/register" version="1.1" method="GET">
		<http_header name="Accept" value="text/html,application/xhtml+xml,application/xml;q=0.9,*/*;q=0.8"/>
		<http_header name="Accept-Encoding" value="gzip,deflate,sdch"/>
		<http_header name="Accept-Charset" value="ISO-8859-1,utf-8;q=0.7,*;q=0.3"/>
		<http_header name="Accept-Language" value="en-US,en;q=0.8"/>
	</http>
</request>
</transaction>

<thinktime random="true" value="2"/>

<transaction name="Register_Account">
<request subst="true"><http url='http://ww2.galabingo.com/register?p_p_lifecycle=1&amp;p_p_state=exclusive&amp;p_p_id=registration2_WAR_commonportlet&amp;_registration2_WAR_commonportlet_action=registerEvent&amp;t=1334154188885' version='1.1'  contents='lic=gala&amp;fieldCode=country&amp;fieldValue=GB' content_type='application/x-www-form-urlencoded' method='POST'>
		<http_header name="Accept" value="text/html,application/xhtml+xml,application/xml;q=0.9,*/*;q=0.8"/>
		<http_header name="Accept-Encoding" value="gzip,deflate,sdch"/>
		<http_header name="Accept-Charset" value="ISO-8859-1,utf-8;q=0.7,*;q=0.3"/>
		<http_header name="Accept-Language" value="en-US,en;q=0.8"/>
	</http>
</request>

<request subst="true"><http url='http://ww2.galabingo.com/register?p_p_lifecycle=1&amp;p_p_state=exclusive&amp;p_p_id=registration2_WAR_commonportlet&amp;t=1334154391188' version='1.1'  contents='action=confirmregistration&amp;userName=%%_uname%%&amp;trackingData=&amp;referrer=http%3A%2F%2Fadmin-portal-stg2.galabingo.com%2F&amp;lic=gala&amp;clienttype=&amp;serial=&amp;language=&amp;skin=&amp;advertiser=&amp;profileid=&amp;bannerid=&amp;creferer=&amp;title=mrs&amp;firstName=sdfsfrrr&amp;lastName=sdfsf&amp;birthDay=05&amp;birthMonth=08&amp;birthYear=1971&amp;country=GB&amp;ukpostcode=W11+2BQ&amp;house=Flat+1%2C+14&amp;address=Colville+Square&amp;address2=&amp;city=London&amp;postcode=W11+2BQ&amp;phoneAreaCode=%2B44&amp;phone=3434535353&amp;mobileAreaCode=%2B44&amp;mobile=3453453453&amp;email=test%40playtech.com&amp;emailVerification=test%40playtech.com&amp;requestPromotionalNotificationEmailAndSms=true&amp;_requestPromotionalNotificationEmailAndSms=on&amp;userPassword=Q1w2e3r4&amp;passwordVerify=Q1w2e3r4&amp;verificationQuestion=Where+did+you+meet+your+partner%3F&amp;verificationAnswer=cccccccc&amp;currency=GBP&amp;coupon=&amp;termsAndConditions=true&amp;_termsAndConditions=on' content_type='application/x-www-form-urlencoded;charset=UTF-8' method='POST'>
		<http_header name="Accept" value="text/html,application/xhtml+xml,application/xml;q=0.9,*/*;q=0.8"/>
		<http_header name="Accept-Encoding" value="gzip,deflate,sdch"/>
		<http_header name="Accept-Charset" value="ISO-8859-1,utf-8;q=0.7,*;q=0.3"/>
		<http_header name="Accept-Language" value="en-US,en;q=0.8"/>
	</http>
</request>

<request><http url='http://ww2.galabingo.com/my-account/deposit' version='1.1' method='GET'>
		<http_header name="Accept" value="text/html,application/xhtml+xml,application/xml;q=0.9,*/*;q=0.8"/>
		<http_header name="Accept-Encoding" value="gzip,deflate,sdch"/>
		<http_header name="Accept-Charset" value="ISO-8859-1,utf-8;q=0.7,*;q=0.3"/>
		<http_header name="Accept-Language" value="en-US,en;q=0.8"/>
	</http>
</request>

<request><http url='http://ww2.galabingo.com/my-account/deposit?p_p_lifecycle=0&amp;p_p_state=exclusive&amp;p_p_id=loginmessages_WAR_commonportlet&amp;t=1334154397210' version='1.1' content_type='application/x-www-form-urlencoded' method='GET'>
		<http_header name="Accept" value="text/html,application/xhtml+xml,application/xml;q=0.9,*/*;q=0.8"/>
		<http_header name="Accept-Encoding" value="gzip,deflate,sdch"/>
		<http_header name="Accept-Charset" value="ISO-8859-1,utf-8;q=0.7,*;q=0.3"/>
		<http_header name="Accept-Language" value="en-US,en;q=0.8"/>
	</http>
</request>

<request><http url='http://ww2.galabingo.com/my-account/deposit?p_p_lifecycle=0&amp;p_p_state=exclusive&amp;p_p_id=login_WAR_commonportlet&amp;t=1334154397538' version='1.1'  contents='remote=false&amp;action=updateBalance&amp;playtech_poll_user_balance=false&amp;playtech_refresh_with_cache=false' content_type='application/x-www-form-urlencoded;charset=UTF-8' method='POST'>
		<http_header name="Accept" value="text/html,application/xhtml+xml,application/xml;q=0.9,*/*;q=0.8"/>
		<http_header name="Accept-Encoding" value="gzip,deflate,sdch"/>
		<http_header name="Accept-Charset" value="ISO-8859-1,utf-8;q=0.7,*;q=0.3"/>
		<http_header name="Accept-Language" value="en-US,en;q=0.8"/>
	</http>
</request>

</transaction>

<thinktime random="true" value="2"/>

<transaction name="Logoff">
<request><http url='http://ww2.galabingo.com/my-account/deposit?p_p_lifecycle=1&amp;p_p_state=exclusive&amp;p_p_id=login_WAR_commonportlet&amp;_login_WAR_commonportlet_action=logout&amp;t=1334154704140&amp;_=1334154704141' version='1.1' content_type='application/x-www-form-urlencoded' method='GET'>
		<http_header name="Accept" value="text/html,application/xhtml+xml,application/xml;q=0.9,*/*;q=0.8"/>
		<http_header name="Accept-Encoding" value="gzip,deflate,sdch"/>
		<http_header name="Accept-Charset" value="ISO-8859-1,utf-8;q=0.7,*;q=0.3"/>
		<http_header name="Accept-Language" value="en-US,en;q=0.8"/>
	</http>
</request>

<request><http url='http://ww2.galabingo.com/c/portal/logout?ieparam=1336729735308' version='1.1' content_type='application/x-www-form-urlencoded' method='GET'>
		<http_header name="Accept" value="text/html,application/xhtml+xml,application/xml;q=0.9,*/*;q=0.8"/>
		<http_header name="Accept-Encoding" value="gzip,deflate,sdch"/>
		<http_header name="Accept-Charset" value="ISO-8859-1,utf-8;q=0.7,*;q=0.3"/>
		<http_header name="Accept-Language" value="en-US,en;q=0.8"/>
	</http>
</request>

<request><http url='http://ww2.galabingo.com/home' version='1.1' method='GET'>
		<http_header name="Accept" value="text/html,application/xhtml+xml,application/xml;q=0.9,*/*;q=0.8"/>
		<http_header name="Accept-Encoding" value="gzip,deflate,sdch"/>
		<http_header name="Accept-Charset" value="ISO-8859-1,utf-8;q=0.7,*;q=0.3"/>
		<http_header name="Accept-Language" value="en-US,en;q=0.8"/>
	</http>
</request>

</transaction>

</session>
</sessions>
</tsung>
