<?xml version="1.0"?>
<!DOCTYPE tsung SYSTEM "/usr/share/tsung/tsung-1.0.dtd">
<tsung loglevel="info" version="1.0" dumptraffic="protocol">

  <clients>
    <client host="localhost" use_controller_vm="true" maxusers="2500"/>
  </clients>

<servers>
  <server host="www-stg2.galabingo.com" port="80" type="tcp"/>
</servers>
<load>
  <arrivalphase phase="2" duration="24" unit="hour">
    <users maxnumber="1000000" interarrival="0.36" unit="second"/>
  </arrivalphase>
</load>

<options>
	<option type="ts_http" name="user_agent">
		<user_agent probability="80">Mozilla/5.0 (Windows NT 6.1; WOW64) AppleWebKit/537.1 (KHTML, like Gecko) Chrome/21.0.1139.3 Safari/537.1</user_agent>
		<user_agent probability="20">Mozilla/5.0 (Windows; U; Windows NT 5.2; fr-FR; rv:1.7.8) Gecko/20050511 Firefox/1.0.4</user_agent>
	</option>
</options>


<sessions>
<session name="General_Site_Navigation" probability="100" type="ts_http">

<transaction name="Open_Home_page">
	
	<request><http url='http://www-stg2.galabingo.com/home' version='1.1' method='GET'></http></request>

	<request><http url='http://cachewww-stg2.galabingo.com/html/portlet/journal_content/css/main.css' version='1.1' method='GET'></http></request>

	<request><http url='http://cachewww-stg2.galabingo.com/html/js/barebone.js' version='1.1' method='GET'></http></request>

	<request><http url='http://cachewww-stg2.galabingo.com/bingo-portlet/js/bingo/playtech.bingoSchedule.js?browserId=firefox&amp;minifierType=js&amp;languageId=en_US&amp;t=1348735247000' version='1.1' method='GET'></http></request>

	<request><http url='http://cachewww-stg2.galabingo.com/games-portlet/js/playtech.ticker.js?browserId=firefox&amp;minifierType=js&amp;languageId=en_US&amp;t=1348735247000' version='1.1' method='GET'></http></request>

	<request><http url='http://cachewww-stg2.galabingo.com/gala-bingo-2-theme/css/main.css?minifierType=css' version='1.1' method='GET'></http></request>

	<request><http url='http://cachewww-stg2.galabingo.com/common-portlet/getcss/home.css?minifierType=css' version='1.1' method='GET'></http></request>

	<request><http url='http://cachewww-stg2.galabingo.com/documents/styles/gala-base-ben.css' version='1.1' method='GET'></http></request>

	<request><http url='http://cachewww-stg2.galabingo.com/documents/styles/gala-base-dunc.css' version='1.1' method='GET'></http></request>

	<request><http url='http://cachewww-stg2.galabingo.com/documents/styles/gala-base-adam.css' version='1.1' method='GET'></http></request>

	<request><http url='http://cachewww-stg2.galabingo.com/games-portlet/js/playtech.banner.js?browserId=firefox&amp;minifierType=js&amp;languageId=en_US&amp;t=1' version='1.1' method='GET'></http></request>

	<request><http url='http://cachewww-stg2.galabingo.com/games-portlet/js/playtech.games.js?browserId=firefox&amp;minifierType=js&amp;languageId=en_US&amp;t=1' version='1.1' method='GET'></http></request>

	<request><http url='http://cachewww-stg2.galabingo.com/articles-portlet/js/playtech.multiview.js?browserId=firefox&amp;minifierType=js&amp;languageId=en_US&amp;t=1' version='1.1' method='GET'></http></request>

	<request><http url='http://cachewww-stg2.galabingo.com/gala-bingo-2-theme/js/main.js?browserId=firefox&amp;minifierType=js&amp;languageId=en_US&amp;t=1' version='1.1' method='GET'></http></request>

	<request><http url='http://www-stg2.galabingo.com/doclib/home/welcome_bonus_700x350.jpg' version='1.1' method='GET'></http></request>

	<request><http url='http://cachewww-stg2.galabingo.com/gala-bingo-2-theme/css/fonts/coheadline-regular-webfont.woff' version='1.1' method='GET'></http></request>

	<request><http url='http://cachewww-stg2.galabingo.com/gala-bingo-2-theme/css/fonts/coheadline-regular-webfont.ttf' version='1.1' method='GET'></http></request>

	<request><http url='http://cachewww-stg2.galabingo.com/gala-bingo-2-theme/css/layout/bg-btn6.png' version='1.1' method='GET'></http></request>

	<request><http url='https://www-stg2.galabingo.com/html/js/easyXDM/cors/index.min.html?xdm_e=http%3A%2F%2Fwww-stg2.galabingo.com&amp;xdm_c=default1252&amp;xdm_p=1' version='1.1' method='GET'></http></request>

	<request><http url='https://www-stg2.galabingo.com/html/js/easyXDM/easyXDM.min.js' version='1.1' method='GET'></http></request>

	<request><http url='http://cachewww-stg2.galabingo.com/gala-bingo-2-theme/css/layout/bg-super-menu.jpg' version='1.1' method='GET'></http></request>

	<request><http url='http://www-stg2.galabingo.com/doclib/home/peter_party_700x350.jpg' version='1.1' method='GET'></http></request>

	<request><http url='http://www-stg2.galabingo.com/doclib/home/summer_scratch_700x350.jpg' version='1.1' method='GET'></http></request>
</transaction>

<thinktime random="true" value="23"/>

<transaction name="Bingo_Tab">
	<request><http url='http://www-stg2.galabingo.com/bingo' version='1.1' method='GET'></http></request>

	<request><http url='http://cachewww-stg2.galabingo.com/html/js/barebone.js' version='1.1' method='GET'></http></request>

	<request><http url='http://cachewww-stg2.galabingo.com/games-portlet/js/playtech.ticker.js?browserId=firefox&amp;minifierType=js&amp;languageId=en_US&amp;t=1348735247000' version='1.1' method='GET'></http></request>

	<request><http url='http://cachewww-stg2.galabingo.com/gala-bingo-2-theme/css/main.css?minifierType=css' version='1.1' method='GET'></http></request>

	<request><http url='http://cachewww-stg2.galabingo.com/common-portlet/getcss/bingo.css?minifierType=css' version='1.1' method='GET'></http></request>

	<request><http url='http://cachewww-stg2.galabingo.com/articles-portlet/js/playtech.quickmenu.js?browserId=firefox&amp;minifierType=js&amp;languageId=en_US&amp;t=1' version='1.1' method='GET'></http></request>

	<request><http url='http://cachewww-stg2.galabingo.com/games-portlet/js/playtech.banner.js?browserId=firefox&amp;minifierType=js&amp;languageId=en_US&amp;t=1' version='1.1' method='GET'></http></request>

	<request><http url='http://cachewww-stg2.galabingo.com/games-portlet/js/playtech.games.js?browserId=firefox&amp;minifierType=js&amp;languageId=en_US&amp;t=1' version='1.1' method='GET'></http></request>

	<request><http url='http://cachewww-stg2.galabingo.com/gala-bingo-2-theme/js/main.js?browserId=firefox&amp;minifierType=js&amp;languageId=en_US&amp;t=1' version='1.1' method='GET'></http></request>

	<request><http url='http://cachewww-stg2.galabingo.com/documents/styles/gala-base-ben.css' version='1.1' method='GET'></http></request>

	<request><http url='http://cachewww-stg2.galabingo.com/documents/styles/gala-base-dunc.css' version='1.1' method='GET'></http></request>

	<request><http url='http://cachewww-stg2.galabingo.com/documents/styles/gala-base-adam.css' version='1.1' method='GET'></http></request>

	<request><http url='http://cachewww-stg2.galabingo.com/gala-bingo-2-theme/css/layout/bg-nav-active.png' version='1.1' method='GET'></http></request>

	<request><http url='http://cachewww-stg2.galabingo.com/gala-bingo-2-theme/css/banner/ico-toggle.png' version='1.1' method='GET'></http></request>

	<request><http url='http://cachewww-stg2.galabingo.com/gala-bingo-2-theme/css/layout/ico-select.png' version='1.1' method='GET'></http></request>

	<request><http url='http://cachewww-stg2.galabingo.com/gala-bingo-2-theme/css/layout/ico-toggle-3.png' version='1.1' method='GET'></http></request>

	<request><http url='http://cachewww-stg2.galabingo.com/gala-bingo-2-theme/css/fonts/coheadline-regular-webfont.woff' version='1.1' method='GET'></http></request>

	<request><http url='http://cachewww-stg2.galabingo.com/gala-bingo-2-theme/css/fonts/coheadline-regular-webfont.ttf' version='1.1' method='GET'></http></request>

	<request><http url='http://cachewww-stg2.galabingo.com/gala-bingo-2-theme/css/layout/bg-nav-states.jpg' version='1.1' method='GET'></http></request>

	<request><http url='http://cachewww-stg2.galabingo.com/gala-bingo-2-theme/css/layout/bg-btn6.png' version='1.1' method='GET'></http></request>

	<request><http url='https://www-stg2.galabingo.com/html/js/easyXDM/cors/index.min.html?xdm_e=http%3A%2F%2Fwww-stg2.galabingo.com&amp;xdm_c=default2439&amp;xdm_p=1' version='1.1' method='GET'></http></request>

	<request><http url='https://www-stg2.galabingo.com/html/js/easyXDM/easyXDM.min.js' version='1.1' method='GET'></http></request>

	<request><http url='http://cachewww-stg2.galabingo.com/gala-bingo-2-theme/css/layout/bg-super-menu.jpg' version='1.1' method='GET'></http></request>

</transaction>

<thinktime random="true" value="23"/>

<transaction name="Slots_Tab">
	<request><http url='http://www-stg2.galabingo.com/slots/top-slots' version='1.1' method='GET'></http></request>

	<request><http url='http://cachewww-stg2.galabingo.com/html/js/barebone.js' version='1.1' method='GET'></http></request>

	<request><http url='http://cachewww-stg2.galabingo.com/games-portlet/js/playtech.ticker.js?browserId=firefox&amp;minifierType=js&amp;languageId=en_US&amp;t=1348735247000' version='1.1' method='GET'></http></request>

	<request><http url='http://cachewww-stg2.galabingo.com/gala-bingo-2-theme/css/main.css?minifierType=css' version='1.1' method='GET'></http></request>

	<request><http url='http://cachewww-stg2.galabingo.com/common-portlet/getcss/slots/top-slots.css?minifierType=css' version='1.1' method='GET'></http></request>

	<request><http url='http://cachewww-stg2.galabingo.com/articles-portlet/js/playtech.quickmenu.js?browserId=firefox&amp;minifierType=js&amp;languageId=en_US&amp;t=1' version='1.1' method='GET'></http></request>

	<request><http url='http://cachewww-stg2.galabingo.com/games-portlet/js/playtech.banner.js?browserId=firefox&amp;minifierType=js&amp;languageId=en_US&amp;t=1' version='1.1' method='GET'></http></request>

	<request><http url='http://cachewww-stg2.galabingo.com/games-portlet/js/playtech.games.js?browserId=firefox&amp;minifierType=js&amp;languageId=en_US&amp;t=1' version='1.1' method='GET'></http></request>

	<request><http url='http://cachewww-stg2.galabingo.com/gala-bingo-2-theme/js/main.js?browserId=firefox&amp;minifierType=js&amp;languageId=en_US&amp;t=1' version='1.1' method='GET'></http></request>

	<request><http url='http://cachewww-stg2.galabingo.com/documents/styles/gala-base-ben.css' version='1.1' method='GET'></http></request>

	<request><http url='http://cachewww-stg2.galabingo.com/documents/styles/gala-base-dunc.css' version='1.1' method='GET'></http></request>

	<request><http url='http://cachewww-stg2.galabingo.com/documents/styles/gala-base-adam.css' version='1.1' method='GET'></http></request>

	<request><http url='http://cachewww-stg2.galabingo.com/gala-bingo-2-theme/css/layout/bg-nav-active.png' version='1.1' method='GET'></http></request>

	<request><http url='http://cachewww-stg2.galabingo.com/gala-bingo-2-theme/css/banner/ico-toggle.png' version='1.1' method='GET'></http></request>

	<request><http url='http://cachewww-stg2.galabingo.com/gala-bingo-2-theme/css/fonts/coheadline-regular-webfont.woff' version='1.1' method='GET'></http></request>

	<request><http url='http://cachewww-stg2.galabingo.com/gala-bingo-2-theme/css/layout/ico-select.png' version='1.1' method='GET'></http></request>

	<request><http url='http://cachewww-stg2.galabingo.com/gala-bingo-2-theme/css/layout/ico-toggle-3.png' version='1.1' method='GET'></http></request>

	<request><http url='http://cachewww-stg2.galabingo.com/gala-bingo-2-theme/css/layout/bg-btn6.png' version='1.1' method='GET'></http></request>

	<request><http url='http://cachewww-stg2.galabingo.com/gala-bingo-2-theme/css/fonts/coheadline-regular-webfont.woff' version='1.1' method='GET'></http></request>

	<request><http url='http://cachewww-stg2.galabingo.com/gala-bingo-2-theme/css/fonts/coheadline-regular-webfont.ttf' version='1.1' method='GET'></http></request>

	<request><http url='http://cachewww-stg2.galabingo.com/gala-bingo-2-theme/css/quickmenu/qm_active.png' version='1.1' method='GET'></http></request>

	<request><http url='https://www-stg2.galabingo.com/html/js/easyXDM/cors/index.min.html?xdm_e=http%3A%2F%2Fwww-stg2.galabingo.com&amp;xdm_c=default4401&amp;xdm_p=1' version='1.1' method='GET'></http></request>

	<request><http url='https://www-stg2.galabingo.com/html/js/easyXDM/easyXDM.min.js' version='1.1' method='GET'></http></request>

	<request><http url='http://cachewww-stg2.galabingo.com/image/game-pics/FOUNTAIN_OF_YOUTH_196x140.jpg' version='1.1' method='GET'></http></request>

	<request><http url='http://cachewww-stg2.galabingo.com/gala-bingo-2-theme/css/layout/bg-super-menu.jpg' version='1.1' method='GET'></http></request>
</transaction>

<thinktime random="true" value="23"/>

<transaction name="Games_Tab">
	<request><http url='http://www-stg2.galabingo.com/games' version='1.1' method='GET'></http></request>

	<request><http url='http://cachewww-stg2.galabingo.com/html/js/barebone.js' version='1.1' method='GET'></http></request>

	<request><http url='http://cachewww-stg2.galabingo.com/games-portlet/js/playtech.ticker.js?browserId=firefox&amp;minifierType=js&amp;languageId=en_US&amp;t=1348735247000' version='1.1' method='GET'></http></request>

	<request><http url='http://cachewww-stg2.galabingo.com/gala-bingo-2-theme/css/main.css?minifierType=css' version='1.1' method='GET'></http></request>

	<request><http url='http://cachewww-stg2.galabingo.com/common-portlet/getcss/games.css?minifierType=css' version='1.1' method='GET'></http></request>

	<request><http url='http://cachewww-stg2.galabingo.com/articles-portlet/js/playtech.quickmenu.js?browserId=firefox&amp;minifierType=js&amp;languageId=en_US&amp;t=1' version='1.1' method='GET'></http></request>

	<request><http url='http://cachewww-stg2.galabingo.com/games-portlet/js/playtech.banner.js?browserId=firefox&amp;minifierType=js&amp;languageId=en_US&amp;t=1' version='1.1' method='GET'></http></request>

	<request><http url='http://cachewww-stg2.galabingo.com/games-portlet/js/playtech.games.js?browserId=firefox&amp;minifierType=js&amp;languageId=en_US&amp;t=1' version='1.1' method='GET'></http></request>

	<request><http url='http://cachewww-stg2.galabingo.com/gala-bingo-2-theme/js/main.js?browserId=firefox&amp;minifierType=js&amp;languageId=en_US&amp;t=1' version='1.1' method='GET'></http></request>

	<request><http url='http://cachewww-stg2.galabingo.com/documents/styles/gala-base-ben.css' version='1.1' method='GET'></http></request>

	<request><http url='http://cachewww-stg2.galabingo.com/documents/styles/gala-base-dunc.css' version='1.1' method='GET'></http></request>

	<request><http url='http://cachewww-stg2.galabingo.com/documents/styles/gala-base-adam.css' version='1.1' method='GET'></http></request>

	<request><http url='http://cachewww-stg2.galabingo.com/gala-bingo-2-theme/css/layout/bg-nav-active.png' version='1.1' method='GET'></http></request>

	<request><http url='http://cachewww-stg2.galabingo.com/gala-bingo-2-theme/css/banner/ico-toggle.png' version='1.1' method='GET'></http></request>

	<request><http url='http://cachewww-stg2.galabingo.com/gala-bingo-2-theme/css/layout/ico-select.png' version='1.1' method='GET'></http></request>

	<request><http url='http://cachewww-stg2.galabingo.com/gala-bingo-2-theme/css/layout/ico-toggle-3.png' version='1.1' method='GET'></http></request>

	<request><http url='http://cachewww-stg2.galabingo.com/gala-bingo-2-theme/css/layout/bg-btn6.png' version='1.1' method='GET'></http></request>

	<request><http url='http://cachewww-stg2.galabingo.com/gala-bingo-2-theme/css/fonts/coheadline-regular-webfont.woff' version='1.1' method='GET'></http></request>

	<request><http url='http://cachewww-stg2.galabingo.com/gala-bingo-2-theme/css/fonts/coheadline-regular-webfont.ttf' version='1.1' method='GET'></http></request>

	<request><http url='https://www-stg2.galabingo.com/html/js/easyXDM/cors/index.min.html?xdm_e=http%3A%2F%2Fwww-stg2.galabingo.com&amp;xdm_c=default9711&amp;xdm_p=1' version='1.1' method='GET'></http></request>

	<request><http url='https://www-stg2.galabingo.com/html/js/easyXDM/easyXDM.min.js' version='1.1' method='GET'></http></request>

	<request><http url='http://cachewww-stg2.galabingo.com/image/game-pics/Spamalot.jpg' version='1.1' method='GET'></http></request>

	<request><http url='http://cachewww-stg2.galabingo.com/gala-bingo-2-theme/css/layout/bg-super-menu.jpg' version='1.1' method='GET'></http></request>
</transaction>

<thinktime random="true" value="23"/>

<transaction name="Vegas_Tab">
	<request><http url='http://www-stg2.galabingo.com/casino/top-games' version='1.1' method='GET'></http></request>

	<request><http url='http://cachewww-stg2.galabingo.com/html/js/barebone.js' version='1.1' method='GET'></http></request>

	<request><http url='http://cachewww-stg2.galabingo.com/games-portlet/js/playtech.ticker.js?browserId=firefox&amp;minifierType=js&amp;languageId=en_US&amp;t=1348735247000' version='1.1' method='GET'></http></request>

	<request><http url='http://cachewww-stg2.galabingo.com/gala-bingo-2-theme/css/main.css?minifierType=css' version='1.1' method='GET'></http></request>

	<request><http url='http://cachewww-stg2.galabingo.com/common-portlet/getcss/casino/top-games.css?minifierType=css' version='1.1' method='GET'></http></request>

	<request><http url='http://cachewww-stg2.galabingo.com/articles-portlet/js/playtech.quickmenu.js?browserId=firefox&amp;minifierType=js&amp;languageId=en_US&amp;t=1' version='1.1' method='GET'></http></request>

	<request><http url='http://cachewww-stg2.galabingo.com/games-portlet/js/playtech.banner.js?browserId=firefox&amp;minifierType=js&amp;languageId=en_US&amp;t=1' version='1.1' method='GET'></http></request>

	<request><http url='http://cachewww-stg2.galabingo.com/games-portlet/js/playtech.games.js?browserId=firefox&amp;minifierType=js&amp;languageId=en_US&amp;t=1' version='1.1' method='GET'></http></request>

	<request><http url='http://cachewww-stg2.galabingo.com/gala-bingo-2-theme/js/main.js?browserId=firefox&amp;minifierType=js&amp;languageId=en_US&amp;t=1' version='1.1' method='GET'></http></request>

	<request><http url='http://cachewww-stg2.galabingo.com/documents/styles/gala-base-ben.css' version='1.1' method='GET'></http></request>

	<request><http url='http://cachewww-stg2.galabingo.com/documents/styles/gala-base-dunc.css' version='1.1' method='GET'></http></request>

	<request><http url='http://cachewww-stg2.galabingo.com/documents/styles/gala-base-adam.css' version='1.1' method='GET'></http></request>

	<request><http url='http://cachewww-stg2.galabingo.com/gala-bingo-2-theme/css/layout/bg-nav-active.png' version='1.1' method='GET'></http></request>

	<request><http url='http://cachewww-stg2.galabingo.com/gala-bingo-2-theme/css/banner/ico-toggle.png' version='1.1' method='GET'></http></request>

	<request><http url='http://cachewww-stg2.galabingo.com/gala-bingo-2-theme/css/layout/ico-select.png' version='1.1' method='GET'></http></request>

	<request><http url='http://cachewww-stg2.galabingo.com/gala-bingo-2-theme/css/layout/ico-toggle-3.png' version='1.1' method='GET'></http></request>

	<request><http url='http://cachewww-stg2.galabingo.com/gala-bingo-2-theme/css/fonts/coheadline-regular-webfont.woff' version='1.1' method='GET'></http></request>

	<request><http url='http://cachewww-stg2.galabingo.com/gala-bingo-2-theme/css/fonts/coheadline-regular-webfont.ttf' version='1.1' method='GET'></http></request>

	<request><http url='http://cachewww-stg2.galabingo.com/gala-bingo-2-theme/css/quickmenu/qm_active.png' version='1.1' method='GET'></http></request>

	<request><http url='http://cachewww-stg2.galabingo.com/gala-bingo-2-theme/css/layout/bg-btn6.png' version='1.1' method='GET'></http></request>

	<request><http url='https://www-stg2.galabingo.com/html/js/easyXDM/cors/index.min.html?xdm_e=http%3A%2F%2Fwww-stg2.galabingo.com&amp;xdm_c=default5359&amp;xdm_p=1' version='1.1' method='GET'></http></request>

	<request><http url='https://www-stg2.galabingo.com/html/js/easyXDM/easyXDM.min.js' version='1.1' method='GET'></http></request>

	<request><http url='http://cachewww-stg2.galabingo.com/image/game-pics/Monty_pythons_spamalot_slot_196x140.jpg' version='1.1' method='GET'></http></request>

	<request><http url='http://cachewww-stg2.galabingo.com/gala-bingo-2-theme/css/layout/bg-super-menu.jpg' version='1.1' method='GET'></http></request>
</transaction>

<thinktime random="true" value="23"/>

<transaction name="Mobile_Tab">
	<request><http url='http://www-stg2.galabingo.com/mobile' version='1.1' method='GET'></http></request>

	<request><http url='http://cachewww-stg2.galabingo.com/html/portlet/journal_content/css/main.css' version='1.1' method='GET'></http></request>

	<request><http url='http://cachewww-stg2.galabingo.com/html/js/barebone.js' version='1.1' method='GET'></http></request>

	<request><http url='http://cachewww-stg2.galabingo.com/gala-bingo-2-theme/css/main.css?minifierType=css' version='1.1' method='GET'></http></request>

	<request><http url='http://cachewww-stg2.galabingo.com/common-portlet/getcss/mobile.css?minifierType=css' version='1.1' method='GET'></http></request>

	<request><http url='http://cachewww-stg2.galabingo.com/image/mobile/mobile_bingo_181x160.png' version='1.1' method='GET'></http></request>

	<request><http url='http://cachewww-stg2.galabingo.com/image/mobile/casino_games_181x160.png' version='1.1' method='GET'></http></request>

	<request><http url='http://cachewww-stg2.galabingo.com/articles-portlet/js/playtech.quickmenu.js?browserId=firefox&amp;minifierType=js&amp;languageId=en_US&amp;t=1' version='1.1' method='GET'></http></request>

	<request><http url='http://cachewww-stg2.galabingo.com/games-portlet/js/playtech.banner.js?browserId=firefox&amp;minifierType=js&amp;languageId=en_US&amp;t=1' version='1.1' method='GET'></http></request>

	<request><http url='http://cachewww-stg2.galabingo.com/games-portlet/js/playtech.games.js?browserId=firefox&amp;minifierType=js&amp;languageId=en_US&amp;t=1' version='1.1' method='GET'></http></request>

	<request><http url='http://cachewww-stg2.galabingo.com/gala-bingo-2-theme/js/main.js?browserId=firefox&amp;minifierType=js&amp;languageId=en_US&amp;t=1' version='1.1' method='GET'></http></request>

	<request><http url='http://cachewww-stg2.galabingo.com/documents/styles/gala-base-ben.css' version='1.1' method='GET'></http></request>

	<request><http url='http://cachewww-stg2.galabingo.com/documents/styles/gala-base-dunc.css' version='1.1' method='GET'></http></request>

	<request><http url='http://cachewww-stg2.galabingo.com/documents/styles/gala-base-adam.css' version='1.1' method='GET'></http></request>

	<request><http url='http://cachewww-stg2.galabingo.com/gala-bingo-2-theme/css/layout/bg-nav-active.png' version='1.1' method='GET'></http></request>

	<request><http url='http://cachewww-stg2.galabingo.com/gala-bingo-2-theme/css/banner/ico-toggle.png' version='1.1' method='GET'></http></request>

	<request><http url='http://cachewww-stg2.galabingo.com/gala-bingo-2-theme/css/fonts/coheadline-regular-webfont.woff' version='1.1' method='GET'></http></request>

	<request><http url='http://cachewww-stg2.galabingo.com/gala-bingo-2-theme/css/fonts/coheadline-regular-webfont.ttf' version='1.1' method='GET'></http></request>

	<request><http url='http://cachewww-stg2.galabingo.com/gala-bingo-2-theme/css/layout/bg-btn6.png' version='1.1' method='GET'></http></request>

	<request><http url='https://www-stg2.galabingo.com/html/js/easyXDM/cors/index.min.html?xdm_e=http%3A%2F%2Fwww-stg2.galabingo.com&amp;xdm_c=default7019&amp;xdm_p=1' version='1.1' method='GET'></http></request>

	<request><http url='https://www-stg2.galabingo.com/html/js/easyXDM/easyXDM.min.js' version='1.1' method='GET'></http></request>
</transaction>

<transaction name="Mobile_Bingo">
	<request><http url='http://www-stg2.galabingo.com/mobile/bingo/' version='1.1' method='GET'></http></request>

	<request><http url='http://cachewww-stg2.galabingo.com/html/portlet/journal_content/css/main.css' version='1.1' method='GET'></http></request>

	<request><http url='http://cachewww-stg2.galabingo.com/html/js/barebone.js' version='1.1' method='GET'></http></request>

	<request><http url='http://cachewww-stg2.galabingo.com/gala-bingo-2-theme/css/main.css?minifierType=css' version='1.1' method='GET'></http></request>

	<request><http url='http://cachewww-stg2.galabingo.com/common-portlet/getcss/mobile/bingo.css?minifierType=css' version='1.1' method='GET'></http></request>

	<request><http url='http://cachewww-stg2.galabingo.com/image/bingo/mobile/bingo_android.png' version='1.1' method='GET'></http></request>

	<request><http url='http://cachewww-stg2.galabingo.com/image/bingo/mobile/coming_soon.png' version='1.1' method='GET'></http></request>

	<request><http url='http://cachewww-stg2.galabingo.com/image/bingo/mobile/bingo_iphone.png' version='1.1' method='GET'></http></request>

	<request><http url='http://cachewww-stg2.galabingo.com/articles-portlet/js/playtech.quickmenu.js?browserId=firefox&amp;minifierType=js&amp;languageId=en_US&amp;t=1' version='1.1' method='GET'></http></request>

	<request><http url='http://cachewww-stg2.galabingo.com/gala-bingo-2-theme/js/main.js?browserId=firefox&amp;minifierType=js&amp;languageId=en_US&amp;t=1' version='1.1' method='GET'></http></request>

	<request><http url='http://cachewww-stg2.galabingo.com/documents/styles/gala-base-ben.css' version='1.1' method='GET'></http></request>

	<request><http url='http://cachewww-stg2.galabingo.com/documents/styles/gala-base-dunc.css' version='1.1' method='GET'></http></request>

	<request><http url='http://cachewww-stg2.galabingo.com/documents/styles/gala-base-adam.css' version='1.1' method='GET'></http></request>

	<request><http url='http://cachewww-stg2.galabingo.com/gala-bingo-2-theme/css/layout/bg-nav-active.png' version='1.1' method='GET'></http></request>

	<request><http url='http://cachewww-stg2.galabingo.com/gala-bingo-2-theme/css/fonts/coheadline-regular-webfont.woff' version='1.1' method='GET'></http></request>

	<request><http url='http://cachewww-stg2.galabingo.com/gala-bingo-2-theme/css/fonts/coheadline-regular-webfont.ttf' version='1.1' method='GET'></http></request>

	<request><http url='http://cachewww-stg2.galabingo.com/gala-bingo-2-theme/css/quickmenu/qm_active.png' version='1.1' method='GET'></http></request>

	<request><http url='https://www-stg2.galabingo.com/html/js/easyXDM/cors/index.min.html?xdm_e=http%3A%2F%2Fwww-stg2.galabingo.com&amp;xdm_c=default580&amp;xdm_p=1' version='1.1' method='GET'></http></request>

	<request><http url='https://www-stg2.galabingo.com/html/js/easyXDM/easyXDM.min.js' version='1.1' method='GET'></http></request>

</transaction>

<transaction name="Mobile_Bingo">
	<request><http url='http://www-stg2.galabingo.com/mobile/casino/' version='1.1' method='GET'></http></request>

	<request><http url='http://cachewww-stg2.galabingo.com/html/portlet/journal_content/css/main.css' version='1.1' method='GET'></http></request>

	<request><http url='http://cachewww-stg2.galabingo.com/html/js/barebone.js' version='1.1' method='GET'></http></request>

	<request><http url='http://cachewww-stg2.galabingo.com/gala-bingo-2-theme/css/main.css?minifierType=css' version='1.1' method='GET'></http></request>

	<request><http url='http://cachewww-stg2.galabingo.com/common-portlet/getcss/mobile/casino.css?minifierType=css' version='1.1' method='GET'></http></request>

	<request><http url='http://cachewww-stg2.galabingo.com/image/bingo/mobile/text_us.png' version='1.1' method='GET'></http></request>

	<request><http url='http://cachewww-stg2.galabingo.com/image/bingo/mobile/casino_qr.png' version='1.1' method='GET'></http></request>

	<request><http url='http://cachewww-stg2.galabingo.com/image/bingo/mobile/text_you.png' version='1.1' method='GET'></http></request>

	<request><http url='http://cachewww-stg2.galabingo.com/articles-portlet/js/playtech.quickmenu.js?browserId=firefox&amp;minifierType=js&amp;languageId=en_US&amp;t=1' version='1.1' method='GET'></http></request>

	<request><http url='http://cachewww-stg2.galabingo.com/games-portlet/js/playtech.banner.js?browserId=firefox&amp;minifierType=js&amp;languageId=en_US&amp;t=1' version='1.1' method='GET'></http></request>

	<request><http url='http://cachewww-stg2.galabingo.com/games-portlet/js/playtech.games.js?browserId=firefox&amp;minifierType=js&amp;languageId=en_US&amp;t=1' version='1.1' method='GET'></http></request>

	<request><http url='http://cachewww-stg2.galabingo.com/gala-bingo-2-theme/js/main.js?browserId=firefox&amp;minifierType=js&amp;languageId=en_US&amp;t=1' version='1.1' method='GET'></http></request>

	<request><http url='http://cachewww-stg2.galabingo.com/documents/styles/gala-base-ben.css' version='1.1' method='GET'></http></request>

	<request><http url='http://cachewww-stg2.galabingo.com/documents/styles/gala-base-dunc.css' version='1.1' method='GET'></http></request>

	<request><http url='http://cachewww-stg2.galabingo.com/documents/styles/gala-base-adam.css' version='1.1' method='GET'></http></request>

	<request><http url='http://cachewww-stg2.galabingo.com/gala-bingo-2-theme/css/layout/bg-nav-active.png' version='1.1' method='GET'></http></request>

	<request><http url='http://cachewww-stg2.galabingo.com/gala-bingo-2-theme/css/banner/ico-toggle.png' version='1.1' method='GET'></http></request>

	<request><http url='http://cachewww-stg2.galabingo.com/gala-bingo-2-theme/css/fonts/coheadline-regular-webfont.woff' version='1.1' method='GET'></http></request>

	<request><http url='http://cachewww-stg2.galabingo.com/gala-bingo-2-theme/css/fonts/coheadline-regular-webfont.ttf' version='1.1' method='GET'></http></request>

	<request><http url='http://cachewww-stg2.galabingo.com/gala-bingo-2-theme/css/quickmenu/qm_active.png' version='1.1' method='GET'></http></request>

	<request><http url='https://www-stg2.galabingo.com/html/js/easyXDM/cors/index.min.html?xdm_e=http%3A%2F%2Fwww-stg2.galabingo.com&amp;xdm_c=default572&amp;xdm_p=1' version='1.1' method='GET'></http></request>

	<request><http url='https://www-stg2.galabingo.com/html/js/easyXDM/easyXDM.min.js' version='1.1' method='GET'></http></request>

	<request><http url='http://cachewww-stg2.galabingo.com/gala-bingo-2-theme/css/layout/bg-super-menu.jpg' version='1.1' method='GET'></http></request>
</transaction>

<thinktime random="true" value="23"/>

<transaction name="Promotions_Tab">
	<request><http url='http://www-stg2.galabingo.com/promotions' version='1.1' method='GET'></http></request>

	<request><http url='http://www-stg2.galabingo.com/promotions/bingo-promotions' version='1.1' method='GET'></http></request>

	<request><http url='http://cachewww-stg2.galabingo.com/html/js/barebone.js' version='1.1' method='GET'></http></request>

	<request><http url='http://cachewww-stg2.galabingo.com/gala-bingo-2-theme/css/main.css?minifierType=css' version='1.1' method='GET'></http></request>

	<request><http url='http://cachewww-stg2.galabingo.com/common-portlet/getcss/promotions/bingo-promotions.css?minifierType=css' version='1.1' method='GET'></http></request>

	<request><http url='http://cachewww-stg2.galabingo.com/articles-portlet/js/playtech.quickmenu.js?browserId=firefox&amp;minifierType=js&amp;languageId=en_US&amp;t=1' version='1.1' method='GET'></http></request>

	<request><http url='http://cachewww-stg2.galabingo.com/games-portlet/js/playtech.banner.js?browserId=firefox&amp;minifierType=js&amp;languageId=en_US&amp;t=1' version='1.1' method='GET'></http></request>

	<request><http url='http://cachewww-stg2.galabingo.com/games-portlet/js/playtech.games.js?browserId=firefox&amp;minifierType=js&amp;languageId=en_US&amp;t=1' version='1.1' method='GET'></http></request>

	<request><http url='http://cachewww-stg2.galabingo.com/articles-portlet/js/playtech.multiview.js?browserId=firefox&amp;minifierType=js&amp;languageId=en_US&amp;t=1' version='1.1' method='GET'></http></request>

	<request><http url='http://cachewww-stg2.galabingo.com/gala-bingo-2-theme/js/main.js?browserId=firefox&amp;minifierType=js&amp;languageId=en_US&amp;t=1' version='1.1' method='GET'></http></request>

	<request><http url='http://cachewww-stg2.galabingo.com/documents/styles/gala-base-ben.css' version='1.1' method='GET'></http></request>

	<request><http url='http://cachewww-stg2.galabingo.com/documents/styles/gala-base-dunc.css' version='1.1' method='GET'></http></request>

	<request><http url='http://cachewww-stg2.galabingo.com/documents/styles/gala-base-adam.css' version='1.1' method='GET'></http></request>

	<request><http url='http://www-stg2.galabingo.com/doclib/bingo/banner/fullhouse/fullhouse_730x291.swf' version='1.1' method='GET'></http></request>

	<request><http url='http://cachewww-stg2.galabingo.com/gala-bingo-2-theme/css/layout/bg-nav-active.png' version='1.1' method='GET'></http></request>

	<request><http url='http://cachewww-stg2.galabingo.com/gala-bingo-2-theme/css/banner/ico-toggle.png' version='1.1' method='GET'></http></request>

	<request><http url='http://cachewww-stg2.galabingo.com/gala-bingo-2-theme/css/fonts/coheadline-regular-webfont.woff' version='1.1' method='GET'></http></request>

	<request><http url='http://cachewww-stg2.galabingo.com/gala-bingo-2-theme/css/fonts/coheadline-regular-webfont.ttf' version='1.1' method='GET'></http></request>

	<request><http url='http://cachewww-stg2.galabingo.com/gala-bingo-2-theme/css/quickmenu/qm_active.png' version='1.1' method='GET'></http></request>

	<request><http url='http://cachewww-stg2.galabingo.com/gala-bingo-2-theme/css/layout/bg-btn6.png' version='1.1' method='GET'></http></request>

	<request><http url='https://www-stg2.galabingo.com/html/js/easyXDM/cors/index.min.html?xdm_e=http%3A%2F%2Fwww-stg2.galabingo.com&amp;xdm_c=default5258&amp;xdm_p=1' version='1.1' method='GET'></http></request>

	<request><http url='https://www-stg2.galabingo.com/html/js/easyXDM/easyXDM.min.js' version='1.1' method='GET'></http></request>
</transaction>

<thinktime random="true" value="23"/>

<transaction name="slots_games_promotions">
	<request><http url='http://www-stg2.galabingo.com/promotions/slots-games-promotions' version='1.1' method='GET'></http></request>

	<request><http url='http://cachewww-stg2.galabingo.com/html/js/barebone.js' version='1.1' method='GET'></http></request>

	<request><http url='http://cachewww-stg2.galabingo.com/gala-bingo-2-theme/css/main.css?minifierType=css' version='1.1' method='GET'></http></request>

	<request><http url='http://cachewww-stg2.galabingo.com/common-portlet/getcss/promotions/slots-games-promotions.css?minifierType=css' version='1.1' method='GET'></http></request>

	<request><http url='http://cachewww-stg2.galabingo.com/articles-portlet/js/playtech.quickmenu.js?browserId=firefox&amp;minifierType=js&amp;languageId=en_US&amp;t=1' version='1.1' method='GET'></http></request>

	<request><http url='http://cachewww-stg2.galabingo.com/games-portlet/js/playtech.banner.js?browserId=firefox&amp;minifierType=js&amp;languageId=en_US&amp;t=1' version='1.1' method='GET'></http></request>

	<request><http url='http://cachewww-stg2.galabingo.com/games-portlet/js/playtech.games.js?browserId=firefox&amp;minifierType=js&amp;languageId=en_US&amp;t=1' version='1.1' method='GET'></http></request>

	<request><http url='http://cachewww-stg2.galabingo.com/articles-portlet/js/playtech.multiview.js?browserId=firefox&amp;minifierType=js&amp;languageId=en_US&amp;t=1' version='1.1' method='GET'></http></request>

	<request><http url='http://cachewww-stg2.galabingo.com/gala-bingo-2-theme/js/main.js?browserId=firefox&amp;minifierType=js&amp;languageId=en_US&amp;t=1' version='1.1' method='GET'></http></request>

	<request><http url='http://cachewww-stg2.galabingo.com/documents/styles/gala-base-ben.css' version='1.1' method='GET'></http></request>

	<request><http url='http://cachewww-stg2.galabingo.com/documents/styles/gala-base-dunc.css' version='1.1' method='GET'></http></request>

	<request><http url='http://cachewww-stg2.galabingo.com/documents/styles/gala-base-adam.css' version='1.1' method='GET'></http></request>

	<request><http url='http://cachewww-stg2.galabingo.com/gala-bingo-2-theme/css/layout/bg-nav-active.png' version='1.1' method='GET'></http></request>

	<request><http url='http://cachewww-stg2.galabingo.com/gala-bingo-2-theme/css/layout/bg-portlet-03-01.png' version='1.1' method='GET'></http></request>

	<request><http url='http://cachewww-stg2.galabingo.com/gala-bingo-2-theme/css/quickmenu/qm_arrow.png' version='1.1' method='GET'></http></request>

	<request><http url='http://cachewww-stg2.galabingo.com/gala-bingo-2-theme/css/banner/ico-toggle.png' version='1.1' method='GET'></http></request>

	<request><http url='http://cachewww-stg2.galabingo.com/gala-bingo-2-theme/css/fonts/coheadline-regular-webfont.woff' version='1.1' method='GET'></http></request>

	<request><http url='http://cachewww-stg2.galabingo.com/gala-bingo-2-theme/css/fonts/coheadline-regular-webfont.ttf' version='1.1' method='GET'></http></request>

	<request><http url='http://cachewww-stg2.galabingo.com/gala-bingo-2-theme/css/quickmenu/qm_active.png' version='1.1' method='GET'></http></request>

	<request><http url='http://cachewww-stg2.galabingo.com/gala-bingo-2-theme/css/layout/bg-btn6.png' version='1.1' method='GET'></http></request>

	<request><http url='https://www-stg2.galabingo.com/html/js/easyXDM/cors/index.min.html?xdm_e=http%3A%2F%2Fwww-stg2.galabingo.com&amp;xdm_c=default4465&amp;xdm_p=1' version='1.1' method='GET'></http></request>

	<request><http url='https://www-stg2.galabingo.com/html/js/easyXDM/easyXDM.min.js' version='1.1' method='GET'></http></request>

</transaction>

<thinktime random="true" value="23"/>

<transaction name="Loyalty">
	<request><http url='http://www-stg2.galabingo.com/loyalty' version='1.1' method='GET'></http></request>

	<request><http url='http://cachewww-stg2.galabingo.com/html/portlet/journal_content/css/main.css' version='1.1' method='GET'></http></request>

	<request><http url='http://cachewww-stg2.galabingo.com/html/js/barebone.js' version='1.1' method='GET'></http></request>

	<request><http url='http://cachewww-stg2.galabingo.com/gala-bingo-2-theme/css/main.css?minifierType=css' version='1.1' method='GET'></http></request>

	<request><http url='http://cachewww-stg2.galabingo.com/common-portlet/getcss/loyalty.css?minifierType=css' version='1.1' method='GET'></http></request>

	<request><http url='http://cachewww-stg2.galabingo.com/image/loyalty-level/LITE.png' version='1.1' method='GET'></http></request>

	<request><http url='http://cachewww-stg2.galabingo.com/image/loyalty-level/MAIN.png' version='1.1' method='GET'></http></request>

	<request><http url='http://cachewww-stg2.galabingo.com/image/loyalty-level/SUPER.png' version='1.1' method='GET'></http></request>

	<request><http url='http://cachewww-stg2.galabingo.com/image/loyalty-level/SUPEREME.png' version='1.1' method='GET'></http></request>

	<request><http url='http://cachewww-stg2.galabingo.com/image/loyalty-level/ELITE.png' version='1.1' method='GET'></http></request>

	<request><http url='http://cachewww-stg2.galabingo.com/image/loyalty/icons-checked-loyalty.png' version='1.1' method='GET'></http></request>

	<request><http url='http://cachewww-stg2.galabingo.com/articles-portlet/js/playtech.quickmenu.js?browserId=firefox&amp;minifierType=js&amp;languageId=en_US&amp;t=1' version='1.1' method='GET'></http></request>

	<request><http url='http://cachewww-stg2.galabingo.com/games-portlet/js/playtech.banner.js?browserId=firefox&amp;minifierType=js&amp;languageId=en_US&amp;t=1' version='1.1' method='GET'></http></request>

	<request><http url='http://cachewww-stg2.galabingo.com/games-portlet/js/playtech.games.js?browserId=firefox&amp;minifierType=js&amp;languageId=en_US&amp;t=1' version='1.1' method='GET'></http></request>

	<request><http url='http://cachewww-stg2.galabingo.com/gala-bingo-2-theme/js/main.js?browserId=firefox&amp;minifierType=js&amp;languageId=en_US&amp;t=1' version='1.1' method='GET'></http></request>

	<request><http url='http://cachewww-stg2.galabingo.com/documents/styles/gala-base-ben.css' version='1.1' method='GET'></http></request>

	<request><http url='http://cachewww-stg2.galabingo.com/documents/styles/gala-base-dunc.css' version='1.1' method='GET'></http></request>

	<request><http url='http://cachewww-stg2.galabingo.com/documents/styles/gala-base-adam.css' version='1.1' method='GET'></http></request>

	<request><http url='http://cachewww-stg2.galabingo.com/image/Gala%20BINGO/My_account_buzz/buzz_lite_little.png' version='1.1' method='GET'></http></request>

	<request><http url='http://cachewww-stg2.galabingo.com/gala-bingo-2-theme/css/layout/bg-nav-active.png' version='1.1' method='GET'></http></request>

	<request><http url='http://cachewww-stg2.galabingo.com/gala-bingo-2-theme/css/layout/bg-portlet-03-01.png' version='1.1' method='GET'></http></request>

	<request><http url='http://cachewww-stg2.galabingo.com/gala-bingo-2-theme/css/quickmenu/qm_arrow.png' version='1.1' method='GET'></http></request>

	<request><http url='http://cachewww-stg2.galabingo.com/gala-bingo-2-theme/css/layout/bg-btn2.png' version='1.1' method='GET'></http></request>

	<request><http url='http://cachewww-stg2.galabingo.com/image/Gala%20BINGO/My_account_buzz/loyalty-bg.png' version='1.1' method='GET'></http></request>

	<request><http url='http://cachewww-stg2.galabingo.com/gala-bingo-2-theme/css/fonts/coheadline-regular-webfont.woff' version='1.1' method='GET'></http></request>

	<request><http url='http://cachewww-stg2.galabingo.com/gala-bingo-2-theme/css/fonts/coheadlt-webfont.woff' version='1.1' method='GET'></http></request>

	<request><http url='http://cachewww-stg2.galabingo.com/gala-bingo-2-theme/css/fonts/coheadline-regular-webfont.ttf' version='1.1' method='GET'></http></request>

	<request><http url='http://cachewww-stg2.galabingo.com/gala-bingo-2-theme/css/fonts/coheadlt-webfont.ttf' version='1.1' method='GET'></http></request>

	<request><http url='http://cachewww-stg2.galabingo.com/gala-bingo-2-theme/css/quickmenu/qm_active.png' version='1.1' method='GET'></http></request>

	<request><http url='https://www-stg2.galabingo.com/html/js/easyXDM/cors/index.min.html?xdm_e=http%3A%2F%2Fwww-stg2.galabingo.com&amp;xdm_c=default5568&amp;xdm_p=1' version='1.1' method='GET'></http></request>

	<request><http url='https://www-stg2.galabingo.com/html/js/easyXDM/easyXDM.min.js' version='1.1' method='GET'></http></request>
</transaction>

<thinktime random="true" value="23"/>

<transaction name="VIP">
	<request><http url='http://www-stg2.galabingo.com/vip' version='1.1' method='GET'></http></request>

	<request><http url='http://cachewww-stg2.galabingo.com/html/portlet/journal_content/css/main.css' version='1.1' method='GET'></http></request>

	<request><http url='http://cachewww-stg2.galabingo.com/html/js/barebone.js' version='1.1' method='GET'></http></request>

	<request><http url='http://cachewww-stg2.galabingo.com/gala-bingo-2-theme/css/main.css?minifierType=css' version='1.1' method='GET'></http></request>

	<request><http url='http://cachewww-stg2.galabingo.com/common-portlet/getcss/vip.css?minifierType=css' version='1.1' method='GET'></http></request>

	<request><http url='http://cachewww-stg2.galabingo.com/image/community/winners/images/Abergele-resident-wins.jpg' version='1.1' method='GET'></http></request>

	<request><http url='http://cachewww-stg2.galabingo.com/image/community/winners/images/Local-Grandma.jpg' version='1.1' method='GET'></http></request>

	<request><http url='http://cachewww-stg2.galabingo.com/image/community/winners/images/Mothers-28k-family.jpg' version='1.1' method='GET'></http></request>

	<request><http url='http://cachewww-stg2.galabingo.com/image/community/winners/images/Alices-jackpot-winner.jpg' version='1.1' method='GET'></http></request>

	<request><http url='http://cachewww-stg2.galabingo.com/image/bingo/placeholders/vip_event_181x160.jpg' version='1.1' method='GET'></http></request>

	<request><http url='http://cachewww-stg2.galabingo.com/articles-portlet/js/playtech.quickmenu.js?browserId=firefox&amp;minifierType=js&amp;languageId=en_US&amp;t=1' version='1.1' method='GET'></http></request>

	<request><http url='http://cachewww-stg2.galabingo.com/games-portlet/js/playtech.banner.js?browserId=firefox&amp;minifierType=js&amp;languageId=en_US&amp;t=1' version='1.1' method='GET'></http></request>

	<request><http url='http://cachewww-stg2.galabingo.com/games-portlet/js/playtech.games.js?browserId=firefox&amp;minifierType=js&amp;languageId=en_US&amp;t=1' version='1.1' method='GET'></http></request>

	<request><http url='http://cachewww-stg2.galabingo.com/articles-portlet/js/playtech.multiview.js?browserId=firefox&amp;minifierType=js&amp;languageId=en_US&amp;t=1' version='1.1' method='GET'></http></request>

	<request><http url='http://cachewww-stg2.galabingo.com/gala-bingo-2-theme/js/main.js?browserId=firefox&amp;minifierType=js&amp;languageId=en_US&amp;t=1' version='1.1' method='GET'></http></request>

	<request><http url='http://cachewww-stg2.galabingo.com/documents/styles/gala-base-ben.css' version='1.1' method='GET'></http></request>

	<request><http url='http://cachewww-stg2.galabingo.com/documents/styles/gala-base-dunc.css' version='1.1' method='GET'></http></request>

	<request><http url='http://cachewww-stg2.galabingo.com/documents/styles/gala-base-adam.css' version='1.1' method='GET'></http></request>

	<request><http url='http://cachewww-stg2.galabingo.com/image/loyalty/icons-checked-loyalty.png' version='1.1' method='GET'></http></request>

	<request><http url='http://cachewww-stg2.galabingo.com/gala-bingo-2-theme/css/layout/bg-nav-active.png' version='1.1' method='GET'></http></request>

	<request><http url='http://cachewww-stg2.galabingo.com/gala-bingo-2-theme/css/layout/bg-portlet-03-01.png' version='1.1' method='GET'></http></request>

	<request><http url='http://cachewww-stg2.galabingo.com/gala-bingo-2-theme/css/quickmenu/qm_arrow.png' version='1.1' method='GET'></http></request>

	<request><http url='http://cachewww-stg2.galabingo.com/gala-bingo-2-theme/css/banner/ico-toggle.png' version='1.1' method='GET'></http></request>

	<request><http url='http://cachewww-stg2.galabingo.com/gala-bingo-2-theme/css/fonts/coheadline-regular-webfont.woff' version='1.1' method='GET'></http></request>

	<request><http url='http://cachewww-stg2.galabingo.com/gala-bingo-2-theme/css/fonts/coheadline-regular-webfont.ttf' version='1.1' method='GET'></http></request>

	<request><http url='http://cachewww-stg2.galabingo.com/gala-bingo-2-theme/css/quickmenu/qm_active.png' version='1.1' method='GET'></http></request>

	<request><http url='https://www-stg2.galabingo.com/html/js/easyXDM/cors/index.min.html?xdm_e=http%3A%2F%2Fwww-stg2.galabingo.com&amp;xdm_c=default7760&amp;xdm_p=1' version='1.1' method='GET'></http></request>

	<request><http url='https://www-stg2.galabingo.com/html/js/easyXDM/easyXDM.min.js' version='1.1' method='GET'></http></request>

	<request><http url='http://cachewww-stg2.galabingo.com/gala-bingo-2-theme/css/layout/bg-super-menu.jpg' version='1.1' method='GET'></http></request>
</transaction>

<thinktime random="true" value="23"/>

<transaction name="Community">
	<request><http url='http://www-stg2.galabingo.com/community' version='1.1' method='GET'></http></request>

	<request><http url='http://cachewww-stg2.galabingo.com/html/portlet/journal_content/css/main.css' version='1.1' method='GET'></http></request>

	<request><http url='http://cachewww-stg2.galabingo.com/html/js/barebone.js' version='1.1' method='GET'></http></request>

	<request><http url='http://cachewww-stg2.galabingo.com/gala-bingo-2-theme/css/main.css?minifierType=css' version='1.1' method='GET'></http></request>

	<request><http url='http://cachewww-stg2.galabingo.com/common-portlet/getcss/community.css?minifierType=css' version='1.1' method='GET'></http></request>

	<request><http url='http://cachewww-stg2.galabingo.com/image/community/winners/images/Mum-wins-family-winter.jpg' version='1.1' method='GET'></http></request>

	<request><http url='http://cachewww-stg2.galabingo.com/image/community/winners/images/Grandmothers-win.jpg' version='1.1' method='GET'></http></request>

	<request><http url='http://cachewww-stg2.galabingo.com/image/community/images/ben_181x160.jpg' version='1.1' method='GET'></http></request>

	<request><http url='http://cachewww-stg2.galabingo.com/image/community/images/chris_181x160.jpg' version='1.1' method='GET'></http></request>

	<request><http url='http://cachewww-stg2.galabingo.com/image/community/images/jan_181x160.jpg' version='1.1' method='GET'></http></request>

	<request><http url='http://cachewww-stg2.galabingo.com/image/community/images/lindsey_181x160.jpg' version='1.1' method='GET'></http></request>

	<request><http url='http://cachewww-stg2.galabingo.com/image/community/images/refer_friend_196x140.jpg' version='1.1' method='GET'></http></request>

	<request><http url='http://cachewww-stg2.galabingo.com/image/community/images/social.jpg' version='1.1' method='GET'></http></request>

	<request><http url='http://cachewww-stg2.galabingo.com/image/community/images/chat_games_196x140.jpg' version='1.1' method='GET'></http></request>

	<request><http url='http://cachewww-stg2.galabingo.com/image/community/images/local_club_196x140.jpg' version='1.1' method='GET'></http></request>

	<request><http url='http://cachewww-stg2.galabingo.com/articles-portlet/js/playtech.quickmenu.js?browserId=firefox&amp;minifierType=js&amp;languageId=en_US&amp;t=1' version='1.1' method='GET'></http></request>

	<request><http url='http://cachewww-stg2.galabingo.com/games-portlet/js/playtech.banner.js?browserId=firefox&amp;minifierType=js&amp;languageId=en_US&amp;t=1' version='1.1' method='GET'></http></request>

	<request><http url='http://cachewww-stg2.galabingo.com/games-portlet/js/playtech.games.js?browserId=firefox&amp;minifierType=js&amp;languageId=en_US&amp;t=1' version='1.1' method='GET'></http></request>

	<request><http url='http://cachewww-stg2.galabingo.com/articles-portlet/js/playtech.multiview.js?browserId=firefox&amp;minifierType=js&amp;languageId=en_US&amp;t=1' version='1.1' method='GET'></http></request>

	<request><http url='http://cachewww-stg2.galabingo.com/gala-bingo-2-theme/js/main.js?browserId=firefox&amp;minifierType=js&amp;languageId=en_US&amp;t=1' version='1.1' method='GET'></http></request>

	<request><http url='http://cachewww-stg2.galabingo.com/documents/styles/gala-base-ben.css' version='1.1' method='GET'></http></request>

	<request><http url='http://cachewww-stg2.galabingo.com/documents/styles/gala-base-dunc.css' version='1.1' method='GET'></http></request>

	<request><http url='http://cachewww-stg2.galabingo.com/documents/styles/gala-base-adam.css' version='1.1' method='GET'></http></request>

	<request><http url='http://cachewww-stg2.galabingo.com/image/community/winners/images/Local-Grandma.jpg' version='1.1' method='GET'></http></request>

	<request><http url='http://cachewww-stg2.galabingo.com/image/community/winners/images/Mothers-28k-family.jpg' version='1.1' method='GET'></http></request>

	<request><http url='http://cachewww-stg2.galabingo.com/image/community/winners/images/Alices-jackpot-winner.jpg' version='1.1' method='GET'></http></request>

	<request><http url='http://cachewww-stg2.galabingo.com/image/community/winners/images/Abergele-resident-wins.jpg' version='1.1' method='GET'></http></request>

	<request><http url='http://cachewww-stg2.galabingo.com/gala-bingo-2-theme/css/layout/bg-nav-active.png' version='1.1' method='GET'></http></request>

	<request><http url='http://cachewww-stg2.galabingo.com/gala-bingo-2-theme/css/layout/bg-portlet-03-01.png' version='1.1' method='GET'></http></request>

	<request><http url='http://cachewww-stg2.galabingo.com/gala-bingo-2-theme/css/quickmenu/qm_arrow.png' version='1.1' method='GET'></http></request>

	<request><http url='http://cachewww-stg2.galabingo.com/gala-bingo-2-theme/css/banner/ico-toggle.png' version='1.1' method='GET'></http></request>

	<request><http url='http://cachewww-stg2.galabingo.com/gala-bingo-2-theme/css/fonts/coheadline-regular-webfont.woff' version='1.1' method='GET'></http></request>

	<request><http url='http://cachewww-stg2.galabingo.com/gala-bingo-2-theme/css/fonts/coheadline-regular-webfont.ttf' version='1.1' method='GET'></http></request>

	<request><http url='http://cachewww-stg2.galabingo.com/gala-bingo-2-theme/css/layout/bg-btn6.png' version='1.1' method='GET'></http></request>

	<request><http url='https://www-stg2.galabingo.com/html/js/easyXDM/cors/index.min.html?xdm_e=http%3A%2F%2Fwww-stg2.galabingo.com&amp;xdm_c=default4986&amp;xdm_p=1' version='1.1' method='GET'></http></request>

	<request><http url='https://www-stg2.galabingo.com/html/js/easyXDM/easyXDM.min.js' version='1.1' method='GET'></http></request>

	<request><http url='http://cachewww-stg2.galabingo.com/gala-bingo-2-theme/css/layout/bg-super-menu.jpg' version='1.1' method='GET'></http></request>

</transaction>

<thinktime random="true" value="23"/>

<transaction name="Clubs">
	<request><http url='http://www-stg2.galabingo.com/clubs' version='1.1' method='GET'></http></request>

	<request><http url='http://cachewww-stg2.galabingo.com/html/portlet/journal_content/css/main.css' version='1.1' method='GET'></http></request>

	<request><http url='http://cachewww-stg2.galabingo.com/html/js/barebone.js' version='1.1' method='GET'></http></request>

	<request><http url='http://cachewww-stg2.galabingo.com/gala-bingo-2-theme/css/main.css?minifierType=css' version='1.1' method='GET'></http></request>

	<request><http url='http://cachewww-stg2.galabingo.com/common-portlet/getcss/clubs.css?minifierType=css' version='1.1' method='GET'></http></request>

	<request><http url='http://cachewww-stg2.galabingo.com/image/Gala%20BINGO/Community_bottom_promo/Social-Follow-us.jpg' version='1.1' method='GET'></http></request>

	<request><http url='http://cachewww-stg2.galabingo.com/image/Gala%20BINGO/Community_bottom_promo/Sign-up-for-offers.jpg' version='1.1' method='GET'></http></request>

	<request><http url='http://cachewww-stg2.galabingo.com/articles-portlet/js/playtech.quickmenu.js?browserId=firefox&amp;minifierType=js&amp;languageId=en_US&amp;t=1' version='1.1' method='GET'></http></request>

	<request><http url='http://cachewww-stg2.galabingo.com/games-portlet/js/playtech.banner.js?browserId=firefox&amp;minifierType=js&amp;languageId=en_US&amp;t=1' version='1.1' method='GET'></http></request>

	<request><http url='http://cachewww-stg2.galabingo.com/games-portlet/js/playtech.games.js?browserId=firefox&amp;minifierType=js&amp;languageId=en_US&amp;t=1' version='1.1' method='GET'></http></request>

	<request><http url='http://cachewww-stg2.galabingo.com/gala-bingo-2-theme/js/main.js?browserId=firefox&amp;minifierType=js&amp;languageId=en_US&amp;t=1' version='1.1' method='GET'></http></request>

	<request><http url='http://cachewww-stg2.galabingo.com/documents/styles/gala-base-ben.css' version='1.1' method='GET'></http></request>

	<request><http url='http://cachewww-stg2.galabingo.com/documents/styles/gala-base-dunc.css' version='1.1' method='GET'></http></request>

	<request><http url='http://cachewww-stg2.galabingo.com/documents/styles/gala-base-adam.css' version='1.1' method='GET'></http></request>

	<request><http url='http://cachewww-stg2.galabingo.com/image/community/images/refer_friend_196x140.jpg' version='1.1' method='GET'></http></request>

	<request><http url='http://cachewww-stg2.galabingo.com/gala-bingo-2-theme/css/layout/bg-portlet-03-01.png' version='1.1' method='GET'></http></request>

	<request><http url='http://cachewww-stg2.galabingo.com/gala-bingo-2-theme/css/quickmenu/qm_arrow.png' version='1.1' method='GET'></http></request>

	<request><http url='http://cachewww-stg2.galabingo.com/gala-bingo-2-theme/css/banner/ico-toggle.png' version='1.1' method='GET'></http></request>

	<request><http url='http://cachewww-stg2.galabingo.com/doclib/Gala%20BINGO/clubs/club_finder_background.jpg' version='1.1' method='GET'></http></request>

	<request><http url='http://cachewww-stg2.galabingo.com/image/Gala%20BINGO/support%20module/contacts_icon.png' version='1.1' method='GET'></http></request>

	<request><http url='http://cachewww-stg2.galabingo.com/gala-bingo-2-theme/css/fonts/coheadline-regular-webfont.woff' version='1.1' method='GET'></http></request>

	<request><http url='http://cachewww-stg2.galabingo.com/gala-bingo-2-theme/css/fonts/coheadline-regular-webfont.ttf' version='1.1' method='GET'></http></request>

	<request><http url='https://www-stg2.galabingo.com/html/js/easyXDM/cors/index.min.html?xdm_e=http%3A%2F%2Fwww-stg2.galabingo.com&amp;xdm_c=default2045&amp;xdm_p=1' version='1.1' method='GET'></http></request>

	<request><http url='https://www-stg2.galabingo.com/html/js/easyXDM/easyXDM.min.js' version='1.1' method='GET'></http></request>

</transaction>

<thinktime random="true" value="23"/>

<transaction name="Clubs_new">
	<request><http url='http://www-stg2.galabingo.com/clubs/new' version='1.1' method='GET'></http></request>

	<request><http url='http://cachewww-stg2.galabingo.com/html/portlet/journal_content/css/main.css' version='1.1' method='GET'></http></request>

	<request><http url='http://cachewww-stg2.galabingo.com/html/js/barebone.js' version='1.1' method='GET'></http></request>

	<request><http url='http://cachewww-stg2.galabingo.com/gala-bingo-2-theme/css/main.css?minifierType=css' version='1.1' method='GET'></http></request>

	<request><http url='http://cachewww-stg2.galabingo.com/common-portlet/getcss/clubs/new.css?minifierType=css' version='1.1' method='GET'></http></request>

	<request><http url='http://cachewww-stg2.galabingo.com/image/bingo/buzz/Join-fre-and-play-today.jpg' version='1.1' method='GET'></http></request>

	<request><http url='http://cachewww-stg2.galabingo.com/image/bingo/buzz/Bingo-sheets.jpg' version='1.1' method='GET'></http></request>

	<request><http url='http://cachewww-stg2.galabingo.com/image/bingo/buzz/Digital-Bingo.jpg' version='1.1' method='GET'></http></request>

	<request><http url='http://cachewww-stg2.galabingo.com/image/bingo/buzz/Bingo-board.jpg' version='1.1' method='GET'></http></request>

	<request><http url='http://cachewww-stg2.galabingo.com/image/bingo/buzz/Slots.jpg' version='1.1' method='GET'></http></request>

	<request><http url='http://cachewww-stg2.galabingo.com/image/bingo/buzz/Hamburger.jpg' version='1.1' method='GET'></http></request>

	<request><http url='http://cachewww-stg2.galabingo.com/articles-portlet/js/playtech.quickmenu.js?browserId=firefox&amp;minifierType=js&amp;languageId=en_US&amp;t=1' version='1.1' method='GET'></http></request>

	<request><http url='http://cachewww-stg2.galabingo.com/games-portlet/js/playtech.banner.js?browserId=firefox&amp;minifierType=js&amp;languageId=en_US&amp;t=1' version='1.1' method='GET'></http></request>

	<request><http url='http://cachewww-stg2.galabingo.com/games-portlet/js/playtech.games.js?browserId=firefox&amp;minifierType=js&amp;languageId=en_US&amp;t=1' version='1.1' method='GET'></http></request>

	<request><http url='http://cachewww-stg2.galabingo.com/gala-bingo-2-theme/js/main.js?browserId=firefox&amp;minifierType=js&amp;languageId=en_US&amp;t=1' version='1.1' method='GET'></http></request>

	<request><http url='http://cachewww-stg2.galabingo.com/documents/styles/gala-base-ben.css' version='1.1' method='GET'></http></request>

	<request><http url='http://cachewww-stg2.galabingo.com/documents/styles/gala-base-dunc.css' version='1.1' method='GET'></http></request>

	<request><http url='http://cachewww-stg2.galabingo.com/documents/styles/gala-base-adam.css' version='1.1' method='GET'></http></request>

	<request><http url='http://cachewww-stg2.galabingo.com/gala-bingo-2-theme/css/layout/bg-portlet-03-01.png' version='1.1' method='GET'></http></request>

	<request><http url='http://cachewww-stg2.galabingo.com/gala-bingo-2-theme/css/quickmenu/qm_arrow.png' version='1.1' method='GET'></http></request>

	<request><http url='http://cachewww-stg2.galabingo.com/gala-bingo-2-theme/css/banner/ico-toggle.png' version='1.1' method='GET'></http></request>

	<request><http url='http://cachewww-stg2.galabingo.com/doclib/Gala%20BINGO/clubs/club_finder_background.jpg' version='1.1' method='GET'></http></request>

	<request><http url='http://cachewww-stg2.galabingo.com/gala-bingo-2-theme/css/fonts/coheadline-regular-webfont.woff' version='1.1' method='GET'></http></request>

	<request><http url='http://cachewww-stg2.galabingo.com/gala-bingo-2-theme/css/fonts/coheadline-regular-webfont.ttf' version='1.1' method='GET'></http></request>

	<request><http url='http://cachewww-stg2.galabingo.com/gala-bingo-2-theme/css/quickmenu/qm_active.png' version='1.1' method='GET'></http></request>

	<request><http url='https://www-stg2.galabingo.com/html/js/easyXDM/cors/index.min.html?xdm_e=http%3A%2F%2Fwww-stg2.galabingo.com&amp;xdm_c=default3567&amp;xdm_p=1' version='1.1' method='GET'></http></request>

	<request><http url='https://www-stg2.galabingo.com/html/js/easyXDM/easyXDM.min.js' version='1.1' method='GET'></http></request>

</transaction>

<thinktime random="true" value="23"/>

<transaction name="Promotion_clubs">
	<request><http url='http://www-stg2.galabingo.com/promotions/clubs' version='1.1' method='GET'></http></request>

	<request><http url='http://cachewww-stg2.galabingo.com/html/portlet/journal_content/css/main.css' version='1.1' method='GET'></http></request>

	<request><http url='http://cachewww-stg2.galabingo.com/html/portlet/site_map/css/main.jsp?browserId=firefox&amp;themeId=galabingo_WAR_galabingo2theme&amp;colorSchemeId=01&amp;minifierType=css&amp;languageId=en_US&amp;t=1' version='1.1' method='GET'></http></request>

	<request><http url='http://cachewww-stg2.galabingo.com/html/js/barebone.js' version='1.1' method='GET'></http></request>

	<request><http url='http://cachewww-stg2.galabingo.com/gala-bingo-2-theme/css/main.css?minifierType=css' version='1.1' method='GET'></http></request>

	<request><http url='http://cachewww-stg2.galabingo.com/common-portlet/getcss/promotions/clubs.css?minifierType=css' version='1.1' method='GET'></http></request>

	<request><http url='http://cachewww-stg2.galabingo.com/image/bingo/club/bingo-bundle.jpg' version='1.1' method='GET'></http></request>

	<request><http url='http://cachewww-stg2.galabingo.com/image/bingo/club/saturday-fiver.jpg' version='1.1' method='GET'></http></request>

	<request><http url='http://cachewww-stg2.galabingo.com/image/bingo/club/textwed.jpg' version='1.1' method='GET'></http></request>

	<request><http url='http://cachewww-stg2.galabingo.com/image/bingo/club/half.jpg' version='1.1' method='GET'></http></request>

	<request><http url='http://cachewww-stg2.galabingo.com/image/bingo/club/halfprice.jpg' version='1.1' method='GET'></http></request>

	<request><http url='http://cachewww-stg2.galabingo.com/articles-portlet/js/playtech.quickmenu.js?browserId=firefox&amp;minifierType=js&amp;languageId=en_US&amp;t=1' version='1.1' method='GET'></http></request>

	<request><http url='http://cachewww-stg2.galabingo.com/gala-bingo-2-theme/js/main.js?browserId=firefox&amp;minifierType=js&amp;languageId=en_US&amp;t=1' version='1.1' method='GET'></http></request>

	<request><http url='http://cachewww-stg2.galabingo.com/documents/styles/gala-base-ben.css' version='1.1' method='GET'></http></request>

	<request><http url='http://cachewww-stg2.galabingo.com/documents/styles/gala-base-dunc.css' version='1.1' method='GET'></http></request>

	<request><http url='http://cachewww-stg2.galabingo.com/documents/styles/gala-base-adam.css' version='1.1' method='GET'></http></request>

	<request><http url='http://cachewww-stg2.galabingo.comhttp//cachewww-stg2.galabingo.com/gala-bingo-2-theme/css/layout/logo.png' version='1.1' method='GET'></http></request>

	<request><http url='http://cachewww-stg2.galabingo.com/gala-bingo-2-theme/css/layout/bg-nav-active.png' version='1.1' method='GET'></http></request>

	<request><http url='http://cachewww-stg2.galabingo.com/gala-bingo-2-theme/css/layout/bg-portlet-03-01.png' version='1.1' method='GET'></http></request>

	<request><http url='http://cachewww-stg2.galabingo.com/gala-bingo-2-theme/css/quickmenu/qm_arrow.png' version='1.1' method='GET'></http></request>

	<request><http url='http://cachewww-stg2.galabingo.com/gala-bingo-2-theme/css/fonts/coheadline-regular-webfont.woff' version='1.1' method='GET'></http></request>

	<request><http url='http://cachewww-stg2.galabingo.com/gala-bingo-2-theme/css/fonts/coheadline-regular-webfont.ttf' version='1.1' method='GET'></http></request>
	<request><http url='https://www-stg2.galabingo.com/html/js/easyXDM/cors/index.min.html?xdm_e=http%3A%2F%2Fwww-stg2.galabingo.com&amp;xdm_c=default1944&amp;xdm_p=1' version='1.1' method='GET'></http></request>
	<request><http url='https://www-stg2.galabingo.com/html/js/easyXDM/easyXDM.min.js' version='1.1' method='GET'></http></request>
	<request><http url='http://cachewww-stg2.galabingo.com/gala-bingo-2-theme/css/layout/bg-super-menu.jpg' version='1.1' method='GET'></http></request>
	<request><http url='http://cachewww-stg2.galabingo.com/gala-bingo-2-theme/css/layout/bg-btn6.png' version='1.1' method='GET'></http></request>
</transaction>

</session>
</sessions>
</tsung>
